application_id,customer_id,application_date,age,income,employment,home_ownership,region,credit_history_years,loan_amount,term_months,late_payments,debt_to_income,sent_to_collections,default
A02320,CU01698,2021-01-01,50,17300.0,Self-employed,Own,South,5,15500.0,36,4,1.023,1,1
A01118,CU00828,2021-01-01,56,50400.0,Public sector,Rent,West,11,11700.0,36,0,0.463,0,0
A00612,CU00445,2021-01-02,39,43900.0,Self-employed,Mortgage,West,12,20900.0,60,1,0.873,0,0
A01370,CU00998,2021-01-02,36,15100.0,Salaried,Mortgage,East,11,7600.0,24,0,0.649,0,0
A01804,CU01319,2021-01-02,63,31000.0,Salaried,Own,West,12,12500.0,12,0,0.651,0,0
A00413,CU00305,2021-01-03,41,34600.0,Self-employed,Rent,North,10,29700.0,60,0,1.066,1,1
A01727,CU01263,2021-01-03,57,16600.0,Salaried,Rent,South,15,8100.0,60,0,0.719,0,0
A02840,CU02080,2021-01-03,43,22800.0,Salaried,Mortgage,East,11,16400.0,12,0,0.976,0,0
A01664,CU01211,2021-01-04,41,29900.0,Salaried,Own,East,15,15400.0,60,0,0.774,0,0
A00636,CU00460,2021-01-04,41,50000.0,Salaried,Rent,West,9,19300.0,12,0,0.643,0,0
A00455,CU00334,2021-01-04,37,73200.0,Salaried,Own,East,13,16800.0,60,1,0.37,0,0
A00768,CU00546,2021-01-05,30,91100.0,Salaried,Own,East,9,26500.0,12,0,0.521,0,0
A02938,CU02153,2021-01-05,32,56800.0,Salaried,Mortgage,West,0,45800.0,60,1,1.028,0,0
A01792,CU01310,2021-01-05,38,67800.0,Public sector,Mortgage,East,4,20000.0,12,1,0.562,0,0
A00955,CU00702,2021-01-05,39,48500.0,Self-employed,Rent,East,5,38000.0,24,1,0.998,0,0
A02942,CU02155,2021-01-06,51,36100.0,Salaried,Rent,East,9,31000.0,24,0,1.145,1,1
A01070,CU00793,2021-01-06,31,82800.0,Salaried,Rent,East,11,36100.0,24,0,0.783,0,0
A02586,CU01884,2021-01-06,28,39200.0,Salaried,Own,North,7,11600.0,24,1,0.363,0,0
A01301,CU00950,2021-01-06,42,81100.0,Salaried,Own,South,14,16600.0,24,1,0.495,1,1
A01581,CU01150,2021-01-07,50,32800.0,Salaried,Rent,East,0,10600.0,36,0,0.455,0,0
A01318,CU00959,2021-01-07,34,26000.0,Self-employed,Mortgage,East,11,20500.0,36,1,0.898,0,0
A01368,CU00998,2021-01-08,36,15100.0,Salaried,Mortgage,East,11,11300.0,60,1,0.919,0,0
A02605,CU01901,2021-01-08,43,16200.0,Salaried,Mortgage,West,5,11600.0,12,0,0.822,0,0
A01091,CU00812,2021-01-08,23,23000.0,Salaried,Rent,East,3,6300.0,12,1,0.621,1,1
A02130,CU01558,2021-01-09,45,100900.0,Salaried,Own,West,10,57500.0,60,1,0.715,1,1
A02430,CU01772,2021-01-09,40,57000.0,Salaried,Rent,South,4,39200.0,24,1,0.911,0,0
A01031,CU00762,2021-01-09,29,26900.0,Salaried,Rent,North,10,13600.0,36,3,0.682,1,1
A00275,CU00204,2021-01-09,47,11400.0,Salaried,Rent,South,11,8400.0,36,2,0.887,1,1
A01512,CU01103,2021-01-09,59,36200.0,Salaried,Own,North,8,32300.0,24,4,1.061,0,0
A01100,CU00817,2021-01-10,47,43300.0,Self-employed,Mortgage,South,11,27300.0,24,0,0.886,0,0
A01732,CU01266,2021-01-11,37,13500.0,Salaried,Rent,North,5,11200.0,60,1,0.999,0,1
A00766,CU00545,2021-01-11,34,27000.0,Self-employed,Rent,West,6,9300.0,60,0,0.553,0,0
A00539,CU00393,2021-01-12,44,39100.0,Salaried,Rent,West,8,19700.0,24,1,0.694,0,0
A01178,CU00863,2021-01-12,49,16700.0,Salaried,Mortgage,South,0,11500.0,60,1,0.976,0,0
A01746,CU01276,2021-01-12,47,47900.0,Self-employed,Rent,North,0,13800.0,12,1,0.597,0,1
A02794,CU02050,2021-01-13,60,36500.0,Salaried,Own,North,11,21800.0,24,0,0.841,0,0
A01806,CU01321,2021-01-13,27,35500.0,Public sector,Rent,North,0,15700.0,12,1,0.594,0,0
A02175,CU01593,2021-01-14,39,67700.0,Public sector,Rent,North,3,37600.0,60,0,0.75,0,0
A02659,CU01944,2021-01-15,37,53000.0,Salaried,Mortgage,South,7,17300.0,12,0,0.553,0,0
A01453,CU01058,2021-01-16,40,38100.0,Salaried,Rent,East,10,11900.0,36,0,0.624,0,0
A00304,CU00223,2021-01-16,49,40500.0,Salaried,Own,North,0,6100.0,60,0,0.507,0,0
A02255,CU01651,2021-01-16,53,36600.0,Self-employed,Rent,North,12,16400.0,36,0,0.629,0,0
A02246,CU01643,2021-01-17,35,41500.0,Public sector,Rent,East,0,15500.0,36,0,0.494,0,0
A00608,CU00442,2021-01-17,37,26900.0,Salaried,Rent,South,8,22400.0,24,0,1.083,1,1
A01029,CU00760,2021-01-17,44,30500.0,Salaried,Mortgage,North,4,5200.0,60,2,0.318,0,0
A01577,CU01148,2021-01-17,44,58000.0,Public sector,Mortgage,South,11,10700.0,36,0,0.427,0,0
A01094,CU00813,2021-01-17,47,49600.0,Salaried,Own,South,8,23800.0,60,1,0.526,0,0
A01018,CU00752,2021-01-18,44,57300.0,Salaried,Rent,South,1,49000.0,24,2,0.884,1,1
A01973,CU01445,2021-01-19,57,40900.0,Salaried,Rent,West,8,8700.0,36,3,0.315,0,0
A02488,CU01810,2021-01-19,37,39000.0,Public sector,Rent,South,1,28400.0,24,1,0.965,1,1
A01360,CU00990,2021-01-19,47,76600.0,Salaried,Own,South,7,37800.0,12,0,0.724,0,0
A01908,CU01393,2021-01-20,51,74000.0,Self-employed,Own,North,12,37700.0,12,0,0.494,0,0
A01593,CU01159,2021-01-20,48,27400.0,Salaried,Own,West,18,11300.0,12,0,0.62,0,0
A02436,CU01778,2021-01-20,49,29500.0,Salaried,Rent,North,6,25400.0,12,1,1.069,0,0
A00552,CU00399,2021-01-20,34,27600.0,Salaried,Rent,West,1,9200.0,36,3,0.557,0,0
A02700,CU01978,2021-01-21,27,36200.0,Salaried,Rent,South,10,4500.0,24,0,0.196,0,0
A00497,CU00364,2021-01-22,45,11800.0,Salaried,Own,South,0,6900.0,24,1,0.79,0,0
A01618,CU01181,2021-01-23,23,45700.0,Salaried,Own,North,9,14800.0,12,1,0.669,1,1
A01770,CU01294,2021-01-24,51,49900.0,Salaried,Mortgage,East,22,7600.0,24,0,0.517,0,0
A02181,CU01595,2021-01-24,32,29100.0,Public sector,Rent,East,15,6500.0,12,0,0.471,0,0
A01456,CU01060,2021-01-25,30,26300.0,Salaried,Rent,East,12,16900.0,60,0,0.713,0,0
A00013,CU00010,2021-01-25,66,35600.0,Salaried,Rent,North,8,13600.0,36,1,0.546,0,0
A00507,CU00371,2021-01-25,37,16600.0,Public sector,Mortgage,West,5,2700.0,60,1,0.56,0,0
A01825,CU01333,2021-01-26,45,27900.0,Public sector,Mortgage,East,2,10300.0,60,0,0.575,0,0
A00750,CU00537,2021-01-26,42,33000.0,Self-employed,Mortgage,West,8,15100.0,12,1,0.693,1,1
A01149,CU00844,2021-01-26,35,41400.0,Self-employed,Mortgage,North,15,18400.0,36,1,0.714,0,0
A01761,CU01285,2021-01-26,34,80500.0,Public sector,Own,West,11,33500.0,36,0,0.623,0,0
A00155,CU00108,2021-01-27,44,65300.0,Salaried,Own,North,7,53100.0,60,1,1.063,0,0
A02749,CU02015,2021-01-27,42,35900.0,Salaried,Rent,North,10,16400.0,60,0,0.605,0,0
A00579,CU00421,2021-01-27,33,15900.0,Salaried,Rent,West,9,14300.0,36,0,1.242,0,0
A00476,CU00350,2021-01-27,33,55200.0,Salaried,Own,North,12,34700.0,36,0,0.843,0,0
A00506,CU00370,2021-01-28,30,41900.0,Self-employed,Mortgage,West,8,28700.0,24,0,0.879,0,0
A02687,CU01965,2021-01-28,37,26800.0,Salaried,Rent,South,12,16900.0,60,1,0.95,0,0
A00981,CU00724,2021-01-28,60,47600.0,Self-employed,Mortgage,East,10,14600.0,36,0,0.487,0,0
A02813,CU02062,2021-01-29,41,21600.0,Public sector,Mortgage,North,7,12000.0,60,0,0.718,0,0
A02724,CU01995,2021-01-29,59,65900.0,Unemployed,Rent,East,6,20600.0,12,1,0.585,0,0
A00020,CU00014,2021-01-31,46,26500.0,Public sector,Own,West,6,10300.0,60,1,0.648,0,0
A02389,CU01742,2021-02-01,41,38100.0,Salaried,Rent,West,0,33200.0,24,2,0.924,1,1
A00045,CU00034,2021-02-01,35,50500.0,Salaried,Rent,North,9,30100.0,12,0,0.911,0,0
A00668,CU00483,2021-02-01,38,37900.0,Self-employed,Rent,North,12,26700.0,12,0,0.949,0,0
A01663,CU01211,2021-02-02,41,29900.0,Salaried,Own,East,15,9600.0,60,0,0.461,1,1
A01793,CU01311,2021-02-03,34,16400.0,Public sector,Mortgage,East,0,11700.0,12,0,0.896,0,0
A01587,CU01154,2021-02-03,47,75100.0,Public sector,Rent,South,3,41600.0,12,0,0.712,0,0
A01877,CU01371,2021-02-03,46,27700.0,Public sector,Own,South,4,17700.0,12,3,0.742,1,1
A02119,CU01551,2021-02-03,40,33600.0,Salaried,Own,West,10,20900.0,24,0,0.826,0,0
A01342,CU00977,2021-02-03,24,33000.0,Salaried,Rent,East,16,17500.0,60,0,0.727,0,0
A02421,CU01766,2021-02-04,45,24700.0,Self-employed,Rent,West,12,12400.0,12,0,0.761,0,0
A02677,CU01956,2021-02-04,44,24300.0,Self-employed,Rent,West,13,8200.0,36,1,0.588,0,0
A01725,CU01261,2021-02-04,42,50500.0,Self-employed,Rent,West,10,39200.0,60,0,0.92,0,0
A01611,CU01175,2021-02-04,47,47200.0,Salaried,Mortgage,West,6,33100.0,24,1,0.816,0,0
A00252,CU00186,2021-02-05,37,20600.0,Salaried,Rent,South,0,9400.0,12,0,0.636,0,0
A00002,CU00001,2021-02-05,46,32300.0,Salaried,Mortgage,East,12,13400.0,12,0,0.731,0,0
A01375,CU01003,2021-02-05,22,54200.0,Self-employed,Own,North,11,19200.0,24,0,0.813,0,0
A00853,CU00614,2021-02-06,41,23300.0,Salaried,Rent,East,7,12200.0,60,1,0.609,0,0
A00659,CU00476,2021-02-06,21,54400.0,Salaried,Rent,North,4,41400.0,60,1,0.926,0,0
A02007,CU01469,2021-02-06,53,23200.0,Salaried,Rent,South,10,5800.0,36,0,0.389,0,0
A02006,CU01468,2021-02-07,40,27400.0,Self-employed,Rent,West,8,24600.0,60,2,1.048,0,0
A00756,CU00540,2021-02-07,55,30800.0,Self-employed,Own,West,2,13500.0,60,0,0.78,0,0
A02001,CU01466,2021-02-07,44,62600.0,Salaried,Mortgage,East,0,48200.0,36,0,0.908,0,0
A02494,CU01816,2021-02-07,56,15600.0,Salaried,Rent,North,8,6000.0,36,0,0.466,0,0
A02078,CU01522,2021-02-08,36,60600.0,Salaried,Rent,South,3,26800.0,60,3,0.664,0,0
A00833,CU00596,2021-02-08,37,81300.0,Self-employed,Rent,North,9,67600.0,24,0,1.068,0,0
A01041,CU00771,2021-02-08,40,30500.0,Public sector,Rent,South,3,9100.0,36,1,0.498,0,0
A02539,CU01847,2021-02-08,21,24100.0,Self-employed,Rent,South,6,7500.0,60,2,0.643,0,0
A01478,CU01075,2021-02-10,46,21700.0,Salaried,Own,East,12,5800.0,24,0,0.398,0,0
A01244,CU00908,2021-02-10,49,84800.0,Salaried,Rent,North,13,47600.0,36,1,0.759,0,0
A00870,CU00629,2021-02-10,39,48800.0,Public sector,Mortgage,South,10,20100.0,24,0,0.62,0,0
A01241,CU00905,2021-02-11,38,15800.0,Salaried,Mortgage,North,21,2700.0,36,1,0.436,0,0
A01849,CU01352,2021-02-11,43,62000.0,Salaried,Mortgage,West,14,29700.0,36,0,0.673,1,1
A01818,CU01329,2021-02-12,57,36000.0,Self-employed,Rent,West,4,5300.0,36,1,0.413,0,0
A02302,CU01686,2021-02-12,34,22400.0,Salaried,Mortgage,West,7,8800.0,24,0,0.657,0,0
A01259,CU00916,2021-02-12,39,34800.0,Public sector,Mortgage,North,11,8800.0,60,1,0.484,0,0
A00437,CU00322,2021-02-12,38,15300.0,Salaried,Mortgage,North,13,8300.0,60,1,0.82,0,0
A01427,CU01038,2021-02-12,53,41600.0,Self-employed,Mortgage,North,14,17700.0,36,0,0.668,0,0
A02691,CU01969,2021-02-13,37,57000.0,Salaried,Mortgage,East,5,26300.0,12,0,0.697,0,0
A01236,CU00902,2021-02-13,44,27900.0,Salaried,Mortgage,West,5,8200.0,24,0,0.568,0,0
A02951,CU02161,2021-02-14,45,39000.0,Public sector,Own,East,16,31600.0,36,1,1.132,0,0
A01854,CU01355,2021-02-14,41,43400.0,Salaried,Own,North,8,37200.0,12,2,1.103,0,0
A01198,CU00879,2021-02-14,48,22700.0,Self-employed,Rent,North,7,11400.0,60,3,0.579,0,0
A00075,CU00057,2021-02-14,29,27600.0,Self-employed,Own,South,0,16100.0,60,1,0.765,1,1
A02827,CU02072,2021-02-15,49,53000.0,Unemployed,Mortgage,West,0,28200.0,24,2,0.764,0,0
A02629,CU01922,2021-02-15,69,34800.0,Salaried,Rent,East,6,9700.0,12,0,0.433,0,0
A00938,CU00687,2021-02-15,57,56500.0,Salaried,Mortgage,North,0,12200.0,12,2,0.469,0,0
A00816,CU00583,2021-02-16,49,34300.0,Self-employed,Mortgage,South,4,21200.0,24,0,0.857,0,0
A02689,CU01967,2021-02-16,38,16600.0,Public sector,Mortgage,West,6,12900.0,12,1,0.958,0,0
A02004,CU01467,2021-02-16,46,40600.0,Self-employed,Mortgage,South,6,7900.0,12,0,0.465,0,0
A02905,CU02127,2021-02-17,39,39400.0,Public sector,Mortgage,West,8,11800.0,12,0,0.501,0,0
A01766,CU01290,2021-02-18,34,107400.0,Salaried,Rent,South,5,24300.0,24,0,0.362,0,0
A02957,CU02167,2021-02-18,46,38400.0,Salaried,Own,North,11,23100.0,60,0,0.877,0,0
A00177,CU00122,2021-02-18,31,60500.0,Salaried,Rent,West,16,31200.0,36,1,0.812,0,0
A01470,CU01070,2021-02-18,44,38800.0,Salaried,Own,East,7,11400.0,12,1,0.441,0,0
A00937,CU00687,2021-02-18,57,56500.0,Salaried,Mortgage,North,0,13200.0,60,0,0.385,0,0
A01837,CU01341,2021-02-18,44,50200.0,Salaried,Rent,West,0,27500.0,36,2,0.857,1,1
A01350,CU00982,2021-02-18,63,33200.0,Salaried,Rent,West,12,14700.0,24,2,0.648,0,0
A02468,CU01799,2021-02-18,29,31700.0,Self-employed,Mortgage,East,20,22100.0,60,2,0.971,0,0
A00622,CU00451,2021-02-18,38,16600.0,Salaried,Rent,North,10,7200.0,36,0,0.588,0,0
A01926,CU01409,2021-02-19,56,33300.0,Salaried,Rent,South,7,15100.0,12,1,0.719,0,0
A01505,CU01096,2021-02-19,49,57400.0,Salaried,Rent,West,5,19000.0,36,3,0.61,1,1
A01363,CU00993,2021-02-20,21,58100.0,Self-employed,Mortgage,North,0,19200.0,60,1,0.609,0,0
A01436,CU01043,2021-02-20,21,29200.0,Unemployed,Own,South,12,14500.0,60,0,0.795,0,0
A00468,CU00344,2021-02-22,42,59400.0,Salaried,Own,South,3,13100.0,24,2,0.507,0,0
A02386,CU01741,2021-02-22,59,25300.0,Self-employed,Own,West,6,7900.0,24,0,0.528,0,0
A02670,CU01952,2021-02-22,44,41700.0,Public sector,Mortgage,West,8,30100.0,24,2,0.822,1,1
A03002,CU02197,2021-02-23,42,72500.0,Salaried,Mortgage,South,6,52500.0,24,3,0.86,0,0
A02138,CU01564,2021-02-23,21,25400.0,Salaried,Mortgage,East,6,8500.0,12,0,0.535,0,0
A02170,CU01589,2021-02-23,31,89000.0,Self-employed,Mortgage,East,7,29600.0,24,3,0.608,0,0
A01418,CU01033,2021-02-24,27,42900.0,Salaried,Rent,East,8,11800.0,12,0,0.418,0,0
A00964,CU00709,2021-02-24,47,62900.0,Salaried,Rent,East,15,44600.0,24,0,0.971,0,0
A02876,CU02107,2021-02-24,41,54300.0,Self-employed,Mortgage,West,6,34700.0,12,0,0.651,0,0
A02647,CU01934,2021-02-24,43,50000.0,Public sector,Own,East,7,32000.0,36,0,0.731,0,0
A00852,CU00613,2021-02-24,49,49100.0,Salaried,Rent,South,9,15300.0,24,0,0.651,0,0
A02619,CU01914,2021-02-24,34,19100.0,Self-employed,Rent,South,3,6300.0,60,1,0.554,0,0
A01403,CU01023,2021-02-24,53,69600.0,Public sector,Rent,West,16,22100.0,24,1,0.466,0,0
A02475,CU01803,2021-02-25,48,68300.0,Salaried,Own,East,6,14000.0,60,0,0.434,0,0
A02451,CU01789,2021-02-26,65,33000.0,Salaried,Own,East,14,29100.0,36,0,1.112,1,1
A01954,CU01429,2021-02-26,35,36100.0,Public sector,Mortgage,South,10,27800.0,24,0,1.206,0,0
A02865,CU02099,2021-02-27,37,25000.0,Salaried,Rent,East,8,7300.0,24,0,0.568,0,0
A01546,CU01127,2021-02-28,65,37700.0,Public sector,Rent,West,0,15400.0,24,0,0.645,0,0
A00518,CU00380,2021-02-28,37,43100.0,Salaried,Mortgage,East,7,34200.0,12,0,1.093,0,0
A02752,CU02018,2021-02-28,68,38500.0,Self-employed,Own,North,9,31300.0,60,1,1.043,0,0
A02230,CU01630,2021-02-28,48,27800.0,Salaried,Own,East,14,22300.0,24,2,0.903,0,0
A01596,CU01161,2021-03-01,45,14800.0,Self-employed,Rent,South,10,11600.0,24,0,1.088,0,0
A00115,CU00081,2021-03-01,21,34900.0,Salaried,Own,East,2,15300.0,24,0,0.699,0,0
A02624,CU01917,2021-03-02,63,96700.0,Salaried,Own,East,10,79100.0,24,0,0.933,0,0
A02732,CU02002,2021-03-02,23,45300.0,Salaried,Mortgage,South,7,20100.0,12,0,0.674,0,0
A02161,CU01582,2021-03-02,36,35700.0,Salaried,Own,North,15,20100.0,36,1,0.733,0,0
A00030,CU00022,2021-03-03,46,53300.0,Unemployed,Mortgage,East,2,46900.0,36,2,1.126,1,1
A02717,CU01990,2021-03-03,22,38600.0,Public sector,Rent,East,12,8700.0,24,0,0.319,1,1
A01960,CU01434,2021-03-04,67,41600.0,Salaried,Mortgage,West,14,20400.0,24,2,0.717,0,0
A01249,CU00910,2021-03-04,32,22700.0,Self-employed,Rent,West,0,17600.0,36,3,0.969,0,0
A00485,CU00356,2021-03-04,28,40200.0,Salaried,Mortgage,North,13,11200.0,60,1,0.479,0,0
A02399,CU01748,2021-03-05,50,25100.0,Salaried,Rent,East,2,14600.0,60,0,0.665,0,0
A00339,CU00247,2021-03-05,35,37700.0,Salaried,Mortgage,North,12,19400.0,24,2,0.733,0,0
A00269,CU00198,2021-03-05,56,26700.0,Salaried,Mortgage,North,1,13000.0,60,1,0.746,0,0
A00001,CU00000,2021-03-06,56,40900.0,Self-employed,Own,East,5,20800.0,12,0,0.695,0,0
A01635,CU01193,2021-03-06,38,44100.0,Self-employed,Rent,West,11,24700.0,36,1,0.742,1,1
A01313,CU00957,2021-03-07,58,34000.0,Public sector,Own,North,8,8900.0,60,1,0.545,0,0
A00905,CU00659,2021-03-08,30,50200.0,Public sector,Own,South,16,10700.0,36,0,0.337,0,0
A02422,CU01766,2021-03-09,45,24700.0,Self-employed,Rent,West,12,10400.0,12,0,0.701,0,0
A02359,CU01726,2021-03-10,48,60900.0,Public sector,Rent,South,14,24300.0,60,0,0.624,0,0
A02808,CU02060,2021-03-10,49,53800.0,Salaried,Rent,South,2,13000.0,36,0,0.46,1,1
A00973,CU00716,2021-03-10,41,79000.0,Salaried,Rent,North,0,39200.0,24,1,0.693,0,0
A01239,CU00905,2021-03-11,38,15800.0,Salaried,Mortgage,North,21,8800.0,24,1,0.784,1,0
A01461,CU01064,2021-03-11,39,27500.0,Public sector,Own,East,8,22900.0,24,0,1.031,0,0
A02393,CU01745,2021-03-11,29,17800.0,Salaried,Rent,South,3,13300.0,12,2,0.881,1,0
A02063,CU01510,2021-03-12,36,22000.0,Salaried,Rent,South,11,18000.0,60,0,1.002,0,0
A02261,CU01656,2021-03-12,46,47000.0,Salaried,Rent,West,4,26800.0,60,1,0.784,0,0
A01087,CU00808,2021-03-12,36,39500.0,Salaried,Rent,West,4,5300.0,36,2,0.266,1,1
A00635,CU00459,2021-03-12,43,30400.0,Self-employed,Own,East,6,16400.0,60,0,0.761,0,0
A01530,CU01116,2021-03-13,55,17000.0,Salaried,Mortgage,South,3,3300.0,24,0,0.514,0,0
A02886,CU02113,2021-03-13,31,41600.0,Self-employed,Rent,East,4,29300.0,60,1,0.854,0,0
A02368,CU01731,2021-03-13,49,34900.0,Public sector,Mortgage,North,4,12700.0,24,0,0.47,0,0
A00796,CU00567,2021-03-13,29,15000.0,Self-employed,Rent,North,6,7600.0,60,0,0.664,0,0
A01686,CU01230,2021-03-14,21,55800.0,Public sector,Rent,West,7,25600.0,12,0,0.495,0,0
A00286,CU00211,2021-03-14,48,63100.0,Salaried,Mortgage,South,7,28000.0,12,0,0.714,0,0
A01306,CU00953,2021-03-14,30,49800.0,Self-employed,Rent,South,6,25300.0,12,0,0.697,0,0
A02731,CU02001,2021-03-14,35,73500.0,Salaried,Rent,West,4,14700.0,60,1,0.334,1,1
A01623,CU01185,2021-03-15,36,21900.0,Self-employed,Rent,North,3,19100.0,12,1,1.048,0,0
A01974,CU01446,2021-03-15,21,81000.0,Public sector,Rent,North,2,52200.0,36,2,0.922,1,0
A02767,CU02028,2021-03-15,42,88500.0,Salaried,Rent,East,8,60400.0,24,1,0.759,0,0
A00054,CU00041,2021-03-15,45,65000.0,Public sector,Mortgage,East,7,35500.0,60,0,0.657,0,0
A01520,CU01107,2021-03-15,52,36700.0,Salaried,Mortgage,South,10,22000.0,60,1,0.85,0,0
A01209,CU00885,2021-03-15,42,30700.0,Public sector,Mortgage,East,15,13400.0,12,1,0.703,0,0
A02308,CU01689,2021-03-16,39,82300.0,Public sector,Own,North,10,49500.0,12,2,0.913,1,1
A02411,CU01757,2021-03-16,55,21000.0,Public sector,Rent,South,10,18700.0,60,0,1.206,0,0
A00186,CU00131,2021-03-18,36,35900.0,Salaried,Mortgage,North,14,4200.0,12,1,0.389,0,0
A00430,CU00317,2021-03-18,52,36300.0,Salaried,Own,West,9,11800.0,24,0,0.504,0,0
A02400,CU01749,2021-03-19,43,58800.0,Self-employed,Rent,East,8,33900.0,24,0,0.927,0,0
A00240,CU00176,2021-03-19,35,67000.0,Public sector,Rent,West,8,19400.0,24,1,0.511,1,1
A01036,CU00767,2021-03-20,41,44700.0,Salaried,Own,East,5,38700.0,24,1,0.985,0,0
A00442,CU00326,2021-03-20,49,41000.0,Salaried,Rent,West,3,8100.0,24,1,0.368,0,0
A01140,CU00839,2021-03-21,27,16300.0,Unemployed,Rent,East,3,6900.0,60,3,0.681,0,0
A02509,CU01828,2021-03-21,47,58100.0,Public sector,Rent,North,5,43100.0,24,2,0.874,0,0
A00450,CU00331,2021-03-21,57,37900.0,Unemployed,Own,North,14,14700.0,12,0,0.537,0,0
A02283,CU01672,2021-03-22,50,38900.0,Unemployed,Mortgage,West,2,29500.0,36,0,1.044,0,0
A00422,CU00311,2021-03-22,38,39500.0,Self-employed,Own,North,14,19800.0,60,1,0.608,0,0
A01257,CU00915,2021-03-22,59,32800.0,Salaried,Own,South,14,13300.0,60,0,0.699,0,0
A02719,CU01991,2021-03-22,57,66700.0,Salaried,Rent,West,8,29600.0,12,0,0.702,0,0
A01622,CU01185,2021-03-23,36,21900.0,Self-employed,Rent,North,3,5700.0,60,0,0.448,0,0
A00672,CU00486,2021-03-24,47,53400.0,Self-employed,Own,East,16,12200.0,24,2,0.211,0,0
A02044,CU01497,2021-03-24,38,50900.0,Salaried,Rent,North,3,17100.0,36,4,0.559,1,1
A00162,CU00112,2021-03-25,58,60800.0,Self-employed,Own,North,6,46200.0,60,1,0.948,1,1
A01260,CU00916,2021-03-26,39,34800.0,Public sector,Mortgage,North,11,28600.0,36,1,1.04,0,0
A00480,CU00352,2021-03-26,32,76000.0,Salaried,Own,South,6,13200.0,36,1,0.366,0,0
A01431,CU01041,2021-03-26,21,13600.0,Salaried,Mortgage,East,7,11400.0,12,5,1.124,1,1
A00502,CU00367,2021-03-26,41,37500.0,Self-employed,Rent,North,6,12600.0,24,0,0.56,0,0
A00788,CU00559,2021-03-27,40,38400.0,Public sector,Mortgage,North,13,16300.0,12,1,0.652,0,0
A01196,CU00877,2021-03-27,32,45000.0,Salaried,Rent,West,12,35700.0,12,1,1.015,0,0
A02279,CU01669,2021-03-28,28,38100.0,Salaried,Own,East,12,26900.0,36,5,0.888,1,1
A02982,CU02184,2021-03-28,52,14500.0,Self-employed,Rent,East,14,10000.0,36,0,0.866,1,1
A02350,CU01720,2021-03-28,52,36100.0,Salaried,Own,North,18,20500.0,24,1,0.694,0,0
A00516,CU00378,2021-03-29,31,62500.0,Salaried,Mortgage,West,4,9200.0,60,2,0.374,0,0
A01437,CU01044,2021-03-29,63,14100.0,Salaried,Own,East,4,2400.0,60,3,0.369,0,0
A01667,CU01213,2021-03-29,38,31300.0,Self-employed,Own,South,3,8800.0,36,1,0.56,0,0
A02514,CU01831,2021-03-30,41,27500.0,Public sector,Mortgage,East,10,20200.0,12,1,0.903,0,0
A00456,CU00334,2021-03-30,37,73200.0,Salaried,Own,East,13,40300.0,60,0,0.681,0,0
A01828,CU01336,2021-03-31,34,14900.0,Self-employed,Mortgage,West,11,4000.0,36,0,0.464,0,0
A00726,CU00523,2021-03-31,21,27500.0,Self-employed,Mortgage,South,10,19100.0,12,0,0.921,0,0
A00221,CU00162,2021-03-31,42,59600.0,Public sector,Mortgage,South,5,24900.0,60,0,0.635,0,0
A00444,CU00327,2021-03-31,41,39200.0,Public sector,Rent,South,5,7700.0,36,1,0.494,0,0
A00789,CU00560,2021-03-31,43,26000.0,Public sector,Mortgage,South,2,7200.0,12,2,0.587,0,0
A01237,CU00903,2021-03-31,43,15600.0,Salaried,Rent,North,11,3100.0,24,1,0.343,0,0
A01228,CU00897,2021-03-31,32,25000.0,Salaried,Mortgage,South,9,18100.0,12,0,0.876,0,0
A01467,CU01068,2021-03-31,42,75200.0,Public sector,Rent,East,3,40900.0,24,0,0.717,0,0
A00533,CU00389,2021-04-01,21,24900.0,Unemployed,Rent,West,10,20200.0,12,1,0.891,0,0
A02009,CU01471,2021-04-01,54,37400.0,Salaried,Own,North,8,11600.0,60,1,0.477,0,0
A01327,CU00967,2021-04-01,58,11500.0,Salaried,Mortgage,North,4,5800.0,12,0,0.734,0,0
A00023,CU00017,2021-04-01,28,24400.0,Salaried,Mortgage,South,10,8200.0,60,2,0.448,1,1
A02077,CU01521,2021-04-01,21,117000.0,Salaried,Rent,North,0,97400.0,12,0,1.066,0,0
A00192,CU00136,2021-04-02,58,85900.0,Public sector,Own,South,0,9400.0,24,0,0.367,0,0
A02361,CU01726,2021-04-02,48,60900.0,Public sector,Rent,South,14,24100.0,12,1,0.536,0,0
A01866,CU01365,2021-04-02,49,56800.0,Salaried,Mortgage,South,13,8100.0,60,0,0.217,0,0
A02869,CU02103,2021-04-03,39,31300.0,Salaried,Mortgage,North,5,11900.0,12,1,0.622,0,0
A01475,CU01073,2021-04-03,45,20200.0,Self-employed,Rent,East,11,12100.0,36,2,0.798,0,0
A02115,CU01549,2021-04-03,29,46400.0,Salaried,Rent,North,3,8700.0,60,0,0.315,1,1
A02313,CU01692,2021-04-04,35,34500.0,Salaried,Rent,East,4,9500.0,36,1,0.478,0,0
A00460,CU00338,2021-04-04,21,40600.0,Salaried,Rent,West,6,9400.0,60,0,0.477,0,0
A01483,CU01078,2021-04-05,38,33600.0,Public sector,Mortgage,West,8,25100.0,24,1,1.022,0,0
A02899,CU02121,2021-04-05,42,43800.0,Self-employed,Own,West,4,10200.0,24,0,0.45,0,0
A01534,CU01120,2021-04-05,21,9000.0,Salaried,Rent,North,10,4300.0,36,2,0.706,0,0
A01389,CU01012,2021-04-05,55,41300.0,Salaried,Rent,East,4,5000.0,12,1,0.322,1,1
A01114,CU00827,2021-04-06,52,40800.0,Public sector,Rent,West,4,16200.0,24,1,0.594,0,0
A02744,CU02012,2021-04-06,35,30100.0,Salaried,Rent,South,12,10200.0,60,0,0.597,0,0
A00744,CU00534,2021-04-06,37,72100.0,Salaried,Mortgage,West,9,24700.0,12,1,0.514,0,0
A01654,CU01207,2021-04-06,55,47400.0,Self-employed,Rent,West,9,20900.0,36,1,0.803,0,0
A00123,CU00086,2021-04-07,57,36900.0,Salaried,Mortgage,North,9,11500.0,36,1,0.541,0,0
A02090,CU01530,2021-04-07,45,45700.0,Self-employed,Mortgage,North,0,10000.0,60,1,0.368,0,0
A01385,CU01011,2021-04-07,27,35600.0,Unemployed,Mortgage,West,2,6000.0,60,1,0.398,0,0
A00431,CU00318,2021-04-07,45,41300.0,Unemployed,Rent,South,6,36800.0,12,1,1.2,0,0
A00080,CU00061,2021-04-07,31,20400.0,Salaried,Own,East,5,10100.0,36,0,0.769,0,0
A01488,CU01083,2021-04-08,21,61300.0,Salaried,Rent,South,5,38400.0,60,0,0.99,0,0
A01522,CU01109,2021-04-09,54,22700.0,Salaried,Rent,South,11,3000.0,60,0,0.533,0,0
A00731,CU00525,2021-04-09,53,67600.0,Salaried,Own,East,9,54500.0,36,1,0.95,0,0
A01268,CU00922,2021-04-09,36,23100.0,Unemployed,Mortgage,South,5,8100.0,12,0,0.531,0,0
A02482,CU01807,2021-04-09,54,41400.0,Self-employed,Rent,South,9,7100.0,60,1,0.386,0,0
A01169,CU00857,2021-04-09,44,36000.0,Self-employed,Rent,East,6,26600.0,12,1,0.999,0,0
A02902,CU02124,2021-04-11,39,69600.0,Salaried,Mortgage,North,5,32800.0,60,0,0.779,0,0
A00226,CU00165,2021-04-11,64,28800.0,Salaried,Own,West,9,3200.0,60,0,0.396,1,1
A01695,CU01239,2021-04-11,43,26600.0,Public sector,Mortgage,East,17,23000.0,36,3,0.991,1,1
A02836,CU02077,2021-04-11,49,20700.0,Salaried,Mortgage,South,10,8900.0,24,3,0.571,1,1
A01468,CU01069,2021-04-12,46,34700.0,Salaried,Mortgage,North,4,11000.0,60,0,0.474,0,0
A01088,CU00809,2021-04-12,39,17600.0,Public sector,Rent,North,11,2100.0,36,0,0.384,0,0
A02757,CU02022,2021-04-12,47,65500.0,Salaried,Rent,North,1,38000.0,24,0,0.704,0,0
A02505,CU01824,2021-04-12,42,49600.0,Salaried,Own,North,16,39400.0,60,0,0.891,0,0
A02996,CU02194,2021-04-13,59,35800.0,Self-employed,Rent,West,9,22600.0,12,1,0.779,0,0
A00912,CU00666,2021-04-13,45,30800.0,Salaried,Rent,South,11,15500.0,24,1,0.812,0,0
A02194,CU01602,2021-04-13,21,63500.0,Public sector,Mortgage,North,7,19700.0,12,0,0.688,0,0
A02686,CU01964,2021-04-13,34,55600.0,Salaried,Own,East,13,33600.0,12,1,0.701,0,0
A01201,CU00880,2021-04-14,52,11200.0,Public sector,Mortgage,East,12,9400.0,24,0,1.074,0,0
A00057,CU00044,2021-04-14,21,18800.0,Salaried,Mortgage,East,10,14300.0,24,0,0.949,0,0
A01335,CU00973,2021-04-14,42,55500.0,Salaried,Rent,West,17,7900.0,12,1,0.522,0,0
A00446,CU00329,2021-04-14,54,32400.0,Salaried,Own,East,15,15300.0,36,0,0.73,0,0
A01762,CU01286,2021-04-14,45,30900.0,Salaried,Rent,West,7,12100.0,36,0,0.568,0,0
A00650,CU00471,2021-04-15,44,19800.0,Public sector,Own,East,12,3100.0,36,0,0.436,0,0
A00266,CU00195,2021-04-15,29,42500.0,Self-employed,Rent,North,14,32300.0,12,1,1.052,0,0
A02987,CU02188,2021-04-15,50,17500.0,Salaried,Own,South,8,1900.0,60,1,0.331,0,0
A01613,CU01176,2021-04-16,29,12600.0,Public sector,Mortgage,West,9,5600.0,24,0,0.638,0,0
A00710,CU00513,2021-04-17,26,30100.0,Public sector,Own,North,12,11000.0,60,0,0.456,0,0
A01755,CU01282,2021-04-17,40,24300.0,Self-employed,Rent,North,5,8700.0,60,1,0.669,0,0
A00879,CU00637,2021-04-17,34,19000.0,Self-employed,Rent,South,13,6100.0,12,0,0.535,0,0
A02548,CU01853,2021-04-18,31,76000.0,Public sector,Rent,West,5,22300.0,24,1,0.415,0,0
A02702,CU01980,2021-04-18,21,38000.0,Salaried,Own,East,13,26200.0,24,0,0.88,0,0
A02878,CU02109,2021-04-18,26,34200.0,Public sector,Rent,East,6,21400.0,60,0,0.816,0,0
A01395,CU01016,2021-04-19,45,33200.0,Salaried,Rent,North,2,8700.0,24,1,0.334,0,0
A02026,CU01485,2021-04-19,46,19600.0,Salaried,Rent,East,6,2900.0,36,0,0.56,0,0
A00764,CU00544,2021-04-20,44,35500.0,Unemployed,Own,West,2,30800.0,24,0,0.97,0,0
A01994,CU01462,2021-04-20,50,11600.0,Salaried,Own,North,12,4300.0,60,1,0.462,0,0
A00682,CU00495,2021-04-20,38,47000.0,Public sector,Rent,East,18,9500.0,60,1,0.276,0,0
A01220,CU00890,2021-04-20,40,42300.0,Salaried,Mortgage,West,11,7800.0,12,1,0.463,1,0
A02147,CU01573,2021-04-21,25,48900.0,Salaried,Mortgage,West,9,8900.0,24,1,0.381,0,0
A01945,CU01422,2021-04-21,57,66600.0,Salaried,Rent,South,0,57100.0,24,2,1.194,0,0
A01724,CU01261,2021-04-21,42,50500.0,Self-employed,Rent,West,10,33100.0,24,0,0.829,0,0
A02357,CU01724,2021-04-22,44,65100.0,Public sector,Rent,East,11,9500.0,36,1,0.392,0,0
A02269,CU01661,2021-04-23,35,39800.0,Salaried,Own,East,5,5100.0,60,4,0.318,0,0
A00521,CU00382,2021-04-24,46,31400.0,Self-employed,Own,West,3,27600.0,24,1,1.074,0,0
A02128,CU01557,2021-04-24,43,31600.0,Salaried,Mortgage,West,1,13800.0,24,1,0.655,0,0
A02212,CU01616,2021-04-24,46,15800.0,Self-employed,Mortgage,West,7,6900.0,24,0,0.695,0,0
A02965,CU02173,2021-04-24,21,37000.0,Salaried,Own,South,0,5000.0,60,0,0.171,0,0
A00141,CU00097,2021-04-25,58,11300.0,Salaried,Own,West,8,1600.0,60,1,0.559,0,0
A01946,CU01423,2021-04-26,40,20100.0,Salaried,Own,South,6,11700.0,24,0,0.712,1,1
A01552,CU01131,2021-04-26,34,92200.0,Self-employed,Own,South,12,38100.0,36,1,0.559,0,0
A00383,CU00281,2021-04-27,32,20200.0,Salaried,Rent,West,9,5700.0,36,0,0.431,0,0
A00336,CU00244,2021-04-27,41,41300.0,Unemployed,Mortgage,North,0,4400.0,12,0,0.327,0,0
A02232,CU01632,2021-04-27,46,29000.0,Salaried,Own,North,12,24800.0,60,0,1.003,1,1
A02603,CU01899,2021-04-28,30,52800.0,Public sector,Own,South,7,16000.0,12,0,0.525,0,0
A00150,CU00106,2021-04-28,30,42700.0,Salaried,Rent,West,13,36900.0,12,0,1.041,1,1
A00365,CU00269,2021-04-28,24,22600.0,Salaried,Mortgage,West,9,10300.0,36,0,0.703,0,0
A00617,CU00449,2021-04-28,33,41700.0,Salaried,Rent,North,6,13400.0,24,0,0.54,0,0
A00287,CU00212,2021-04-28,41,81500.0,Salaried,Rent,North,13,44200.0,24,2,0.847,0,0
A02032,CU01490,2021-04-28,54,24200.0,Salaried,Own,West,12,3600.0,60,1,0.425,0,0
A02165,CU01586,2021-04-29,32,21900.0,Salaried,Rent,West,15,11300.0,24,3,0.664,1,1
A02064,CU01510,2021-04-30,36,22000.0,Salaried,Rent,South,11,10000.0,60,2,0.65,0,0
A00722,CU00521,2021-05-01,51,26100.0,Salaried,Rent,West,11,3500.0,60,0,0.267,0,0
A00983,CU00726,2021-05-01,54,78200.0,Salaried,Own,West,7,19100.0,36,0,0.475,0,0
A01752,CU01281,2021-05-01,40,35400.0,Salaried,Mortgage,East,10,23100.0,24,0,0.838,0,0
A00785,CU00556,2021-05-01,73,16700.0,Salaried,Own,East,5,14700.0,24,0,1.113,0,0
A02351,CU01721,2021-05-01,57,45200.0,Self-employed,Rent,East,2,38500.0,36,0,1.174,0,0
A00684,CU00496,2021-05-01,38,30300.0,Public sector,Own,South,8,21500.0,36,0,0.914,0,0
A02203,CU01609,2021-05-02,21,69100.0,Self-employed,Rent,East,13,24100.0,60,0,0.489,0,0
A02209,CU01614,2021-05-02,32,18800.0,Salaried,Own,North,6,11900.0,12,1,0.957,0,0
A00972,CU00716,2021-05-03,41,79000.0,Salaried,Rent,North,0,44800.0,60,0,0.838,0,0
A01383,CU01009,2021-05-05,45,37400.0,Salaried,Mortgage,South,4,24500.0,12,0,0.922,0,0
A01122,CU00830,2021-05-05,50,32800.0,Self-employed,Mortgage,West,2,28800.0,36,2,1.025,0,0
A00958,CU00705,2021-05-06,33,76900.0,Salaried,Mortgage,South,9,24300.0,24,1,0.457,0,0
A01515,CU01104,2021-05-06,21,39400.0,Self-employed,Mortgage,West,7,18000.0,24,0,0.699,0,0
A02531,CU01841,2021-05-06,45,28500.0,Salaried,Mortgage,South,16,6500.0,36,1,0.384,1,1
A00290,CU00215,2021-05-06,21,40700.0,Self-employed,Rent,South,15,10000.0,12,0,0.544,0,0
A00412,CU00304,2021-05-07,41,21600.0,Salaried,Rent,South,2,5600.0,60,1,0.406,0,0
A00812,CU00580,2021-05-07,27,28300.0,Public sector,Own,South,4,10100.0,24,0,0.561,0,0
A02779,CU02039,2021-05-07,37,27600.0,Salaried,Rent,East,10,10900.0,60,0,0.585,0,0
A02379,CU01738,2021-05-09,57,45900.0,Salaried,Rent,South,9,32400.0,12,0,0.777,0,0
A00687,CU00499,2021-05-09,21,32900.0,Salaried,Rent,West,5,4700.0,12,0,0.242,0,0
A02102,CU01540,2021-05-10,56,28000.0,Salaried,Rent,East,8,17500.0,36,2,0.927,0,0
A00718,CU00519,2021-05-10,64,37400.0,Public sector,Rent,North,3,8400.0,36,2,0.332,0,0
A01862,CU01361,2021-05-10,31,103000.0,Salaried,Rent,North,7,86300.0,24,3,1.077,0,0
A02338,CU01712,2021-05-12,55,67700.0,Salaried,Rent,East,8,26400.0,24,1,0.42,0,0
A00880,CU00638,2021-05-12,36,27800.0,Self-employed,Own,East,5,3900.0,60,1,0.377,0,0
A01840,CU01344,2021-05-12,24,33100.0,Self-employed,Mortgage,North,8,27300.0,36,4,0.837,0,0
A01230,CU00899,2021-05-13,42,12000.0,Salaried,Mortgage,West,2,5200.0,12,0,0.569,0,0
A00311,CU00228,2021-05-13,35,20700.0,Self-employed,Own,North,7,13200.0,12,0,0.866,0,0
A02354,CU01722,2021-05-14,21,30600.0,Salaried,Rent,South,5,27300.0,60,0,1.188,0,0
A01501,CU01093,2021-05-14,44,24900.0,Salaried,Mortgage,East,6,10700.0,36,1,0.604,0,0
A02810,CU02061,2021-05-14,32,49100.0,Salaried,Own,West,13,41400.0,60,0,0.813,0,0
A01991,CU01460,2021-05-15,42,18300.0,Salaried,Own,West,6,4200.0,24,0,0.343,0,0
A02819,CU02066,2021-05-15,41,81700.0,Salaried,Rent,West,14,16300.0,60,0,0.476,0,0
A00153,CU00107,2021-05-15,34,54600.0,Public sector,Mortgage,East,0,44500.0,36,0,1.085,1,1
A00083,CU00062,2021-05-16,54,54500.0,Salaried,Rent,South,3,9400.0,60,0,0.429,0,0
A01703,CU01244,2021-05-16,50,25600.0,Salaried,Own,East,14,13500.0,12,1,0.896,0,0
A01255,CU00913,2021-05-16,34,36100.0,Salaried,Mortgage,West,18,19600.0,60,0,0.819,0,0
A01812,CU01326,2021-05-17,31,16300.0,Salaried,Mortgage,North,12,5000.0,36,1,0.453,0,0
A02324,CU01701,2021-05-18,42,47800.0,Salaried,Own,East,4,39500.0,24,0,0.972,0,0
A02310,CU01690,2021-05-18,59,37200.0,Public sector,Own,East,1,28500.0,60,4,0.99,0,0
A00066,CU00053,2021-05-18,43,80300.0,Self-employed,Own,North,7,34500.0,60,0,0.584,0,0
A01476,CU01073,2021-05-18,45,20200.0,Self-employed,Rent,East,11,5100.0,24,1,0.483,0,0
A02894,CU02119,2021-05-19,25,15200.0,Salaried,Own,East,14,13400.0,24,2,1.172,0,0
A02988,CU02189,2021-05-20,38,56700.0,Salaried,Own,South,3,27800.0,60,1,0.683,0,0
A02657,CU01942,2021-05-20,28,41600.0,Salaried,Rent,North,4,24900.0,12,1,0.979,0,0
A01359,CU00990,2021-05-20,47,76600.0,Salaried,Own,South,7,30100.0,60,0,0.67,0,0
A01556,CU01134,2021-05-22,23,58300.0,Salaried,Own,East,21,43600.0,60,0,0.923,0,0
A02946,CU02157,2021-05-22,56,21100.0,Salaried,Mortgage,West,16,7400.0,24,2,0.603,0,0
A00084,CU00063,2021-05-22,36,31700.0,Salaried,Mortgage,West,8,23100.0,12,0,0.955,0,0
A00466,CU00343,2021-05-22,50,38700.0,Self-employed,Rent,South,16,32800.0,60,0,1.054,0,0
A01619,CU01182,2021-05-23,56,26200.0,Self-employed,Own,North,9,16900.0,60,1,0.966,0,0
A01286,CU00938,2021-05-23,50,48200.0,Self-employed,Mortgage,North,5,12100.0,12,1,0.54,0,0
A01909,CU01394,2021-05-23,52,70800.0,Salaried,Rent,West,12,60100.0,60,1,1.069,0,0
A00288,CU00213,2021-05-23,36,25900.0,Public sector,Rent,East,2,22200.0,60,0,1.082,0,0
A01836,CU01340,2021-05-24,35,15400.0,Salaried,Own,North,9,3800.0,12,2,0.36,0,0
A00677,CU00490,2021-05-25,48,31300.0,Public sector,Own,West,3,14800.0,24,0,0.73,0,0
A00173,CU00120,2021-05-25,44,35600.0,Public sector,Own,South,10,24700.0,60,1,0.923,0,0
A00527,CU00385,2021-05-25,46,60100.0,Self-employed,Mortgage,North,9,52800.0,24,2,1.039,0,0
A00334,CU00244,2021-05-25,41,41300.0,Unemployed,Mortgage,North,0,10300.0,36,1,0.402,0,0
A00797,CU00568,2021-05-26,45,37500.0,Salaried,Own,South,13,19900.0,36,1,0.654,0,0
A00044,CU00033,2021-05-26,44,49900.0,Public sector,Rent,West,4,29700.0,12,0,0.848,0,0
A02387,CU01742,2021-05-26,41,38100.0,Salaried,Rent,West,0,13100.0,12,1,0.478,0,0
A00382,CU00280,2021-05-26,27,40900.0,Salaried,Rent,West,9,15000.0,36,0,0.681,0,0
A02671,CU01953,2021-05-27,47,24700.0,Salaried,Rent,West,5,15600.0,36,1,0.838,0,0
A00434,CU00319,2021-05-27,55,23400.0,Salaried,Own,West,0,15100.0,36,0,0.91,0,0
A01105,CU00820,2021-05-27,44,28700.0,Salaried,Mortgage,East,4,22100.0,12,1,1.024,0,0
A02183,CU01596,2021-05-27,34,27400.0,Salaried,Rent,East,8,8000.0,24,3,0.45,0,0
A01753,CU01281,2021-05-28,40,35400.0,Salaried,Mortgage,East,10,18700.0,60,0,0.637,0,0
A00900,CU00656,2021-05-28,38,39700.0,Salaried,Rent,South,15,7200.0,12,1,0.382,1,1
A01700,CU01242,2021-05-28,53,24000.0,Salaried,Rent,North,7,13600.0,36,1,0.782,1,1
A00147,CU00103,2021-05-29,36,16400.0,Public sector,Mortgage,North,6,8800.0,12,0,0.864,0,0
A02613,CU01909,2021-05-29,27,16800.0,Salaried,Rent,West,0,10800.0,36,0,0.705,0,0
A00041,CU00030,2021-05-29,64,31300.0,Self-employed,Rent,East,1,5100.0,36,1,0.348,0,0
A00205,CU00148,2021-05-30,25,10400.0,Public sector,Own,West,11,2000.0,24,0,0.48,0,0
A02920,CU02140,2021-05-30,49,22200.0,Salaried,Rent,North,8,4900.0,60,0,0.426,0,0
A02424,CU01768,2021-05-30,54,17600.0,Salaried,Own,South,8,7000.0,12,1,0.522,0,0
A01110,CU00825,2021-05-30,50,33900.0,Salaried,Mortgage,West,5,8700.0,24,1,0.528,1,1
A00193,CU00137,2021-05-30,51,38200.0,Salaried,Rent,North,0,19200.0,36,3,0.67,0,0
A02071,CU01515,2021-05-31,29,38700.0,Self-employed,Mortgage,North,11,19500.0,36,0,0.774,0,0
A00265,CU00194,2021-05-31,38,148400.0,Salaried,Own,East,9,133300.0,60,1,0.998,0,0
A02297,CU01682,2021-05-31,59,44600.0,Unemployed,Mortgage,North,10,35500.0,24,2,0.841,0,0
A00618,CU00449,2021-05-31,33,41700.0,Salaried,Rent,North,6,27200.0,60,0,0.957,0,0
A00849,CU00612,2021-05-31,46,42300.0,Salaried,Mortgage,East,2,36700.0,12,1,1.032,0,0
A00439,CU00324,2021-05-31,67,65500.0,Self-employed,Rent,South,12,39700.0,36,0,0.953,1,1
A00514,CU00376,2021-06-01,49,38500.0,Salaried,Rent,East,12,18700.0,24,0,0.788,0,0
A02345,CU01717,2021-06-01,25,19900.0,Public sector,Rent,South,18,12700.0,36,1,0.879,0,0
A00963,CU00708,2021-06-01,32,7400.0,Salaried,Rent,North,11,1400.0,60,4,0.372,0,0
A01856,CU01357,2021-06-01,37,29600.0,Salaried,Own,South,6,13000.0,36,1,0.73,0,0
A01364,CU00994,2021-06-02,40,21500.0,Unemployed,Own,West,4,12400.0,12,1,0.809,0,0
A01639,CU01196,2021-06-02,33,35200.0,Salaried,Rent,West,6,8200.0,12,0,0.351,0,0
A01487,CU01082,2021-06-02,51,42900.0,Salaried,Mortgage,South,9,31300.0,12,4,0.921,1,1
A01182,CU00867,2021-06-03,42,27400.0,Salaried,Rent,West,11,17000.0,60,0,0.769,0,0
A02362,CU01727,2021-06-03,44,17000.0,Public sector,Rent,South,2,5500.0,12,3,0.472,0,0
A00555,CU00402,2021-06-03,24,102700.0,Public sector,Rent,North,3,89600.0,24,1,1.054,0,0
A01083,CU00804,2021-06-03,59,28700.0,Salaried,Rent,North,3,6300.0,36,2,0.463,0,0
A01544,CU01126,2021-06-03,24,37100.0,Salaried,Rent,West,12,23000.0,60,0,0.822,1,1
A01904,CU01389,2021-06-03,32,8200.0,Self-employed,Rent,South,13,1900.0,60,1,0.462,0,0
A01604,CU01168,2021-06-04,48,36000.0,Salaried,Rent,North,8,18600.0,60,0,0.666,0,0
A01356,CU00987,2021-06-04,23,22800.0,Self-employed,Rent,West,7,18700.0,12,2,1.071,0,0
A02100,CU01538,2021-06-05,35,37500.0,Self-employed,Rent,North,5,19900.0,60,1,0.727,0,0
A00649,CU00471,2021-06-05,44,19800.0,Public sector,Own,East,12,8900.0,60,2,0.66,0,0
A01023,CU00756,2021-06-05,65,28800.0,Salaried,Mortgage,South,13,18300.0,24,1,0.722,0,0
A01741,CU01272,2021-06-05,49,78900.0,Public sector,Mortgage,East,5,68200.0,12,2,1.069,0,0
A00822,CU00588,2021-06-06,26,25200.0,Public sector,Rent,South,13,6000.0,12,1,0.409,0,0
A01494,CU01088,2021-06-06,52,23300.0,Salaried,Rent,South,4,5200.0,24,1,0.511,1,1
A00351,CU00255,2021-06-06,34,15900.0,Salaried,Mortgage,South,4,9500.0,36,1,0.783,0,0
A02172,CU01590,2021-06-06,24,46700.0,Salaried,Rent,South,0,31900.0,24,0,0.851,0,0
A00708,CU00512,2021-06-06,37,42000.0,Unemployed,Mortgage,North,3,4800.0,60,1,0.254,0,0
A01069,CU00793,2021-06-06,31,82800.0,Salaried,Rent,East,11,25500.0,60,0,0.474,0,0
A00278,CU00205,2021-06-07,37,115100.0,Salaried,Mortgage,West,6,101700.0,60,1,1.176,0,0
A01043,CU00773,2021-06-07,38,23400.0,Public sector,Rent,North,3,20100.0,36,2,0.967,0,1
A02360,CU01726,2021-06-07,48,60900.0,Public sector,Rent,South,14,43400.0,60,0,1.015,0,0
A00897,CU00653,2021-06-08,56,32800.0,Self-employed,Rent,South,5,3700.0,24,0,0.332,0,0
A01809,CU01324,2021-06-08,38,36500.0,Public sector,Rent,East,12,17100.0,60,0,0.623,1,1
A02746,CU02013,2021-06-08,45,40800.0,Self-employed,Rent,North,9,26800.0,36,0,0.858,0,0
A01844,CU01348,2021-06-08,30,46400.0,Salaried,Rent,West,4,23400.0,12,3,0.667,1,1
A01167,CU00856,2021-06-08,51,26300.0,Public sector,Rent,South,4,17500.0,12,0,0.931,0,0
A01704,CU01245,2021-06-08,39,40800.0,Salaried,Mortgage,North,13,12600.0,24,2,0.564,0,0
A02726,CU01997,2021-06-09,35,57500.0,Salaried,Mortgage,North,9,26500.0,36,0,0.567,0,0
A01682,CU01227,2021-06-09,61,36400.0,Self-employed,Mortgage,West,2,21600.0,12,1,0.639,1,1
A00014,CU00010,2021-06-10,66,35600.0,Salaried,Rent,North,8,24200.0,36,1,0.879,0,0
A00237,CU00175,2021-06-10,31,11500.0,Salaried,Rent,East,6,5500.0,60,1,0.629,0,0
A02408,CU01755,2021-06-10,60,59800.0,Self-employed,Rent,East,12,33300.0,36,0,0.737,0,0
A01195,CU00876,2021-06-10,30,104900.0,Salaried,Rent,West,9,26800.0,24,0,0.461,0,0
A02569,CU01868,2021-06-13,42,26900.0,Salaried,Mortgage,East,13,7200.0,36,0,0.526,0,0
A02703,CU01981,2021-06-13,29,52200.0,Salaried,Mortgage,East,19,32600.0,60,1,0.967,0,0
A00850,CU00613,2021-06-13,49,49100.0,Salaried,Rent,South,9,28300.0,12,0,0.908,0,0
A00633,CU00457,2021-06-13,25,43900.0,Salaried,Rent,South,10,27300.0,60,1,0.723,1,1
A02097,CU01535,2021-06-14,44,17400.0,Public sector,Mortgage,North,11,4600.0,36,0,0.349,0,0
A02995,CU02193,2021-06-14,43,49000.0,Salaried,Rent,South,9,21900.0,60,0,0.536,0,0
A00755,CU00540,2021-06-15,55,30800.0,Self-employed,Own,West,2,24200.0,24,1,0.992,0,0
A02334,CU01708,2021-06-15,55,63800.0,Self-employed,Mortgage,West,8,48800.0,12,0,0.881,0,0
A00545,CU00395,2021-06-15,38,31900.0,Self-employed,Rent,East,11,20700.0,60,0,0.834,0,0
A00890,CU00647,2021-06-15,37,76100.0,Salaried,Mortgage,West,11,47000.0,60,0,1.025,0,0
A02428,CU01771,2021-06-15,23,22600.0,Self-employed,Own,West,12,17600.0,60,1,0.893,1,1
A02963,CU02172,2021-06-15,36,99600.0,Salaried,Mortgage,West,11,45700.0,36,0,0.566,0,0
A02743,CU02012,2021-06-15,35,30100.0,Salaried,Rent,South,12,8000.0,24,0,0.427,0,0
A01497,CU01090,2021-06-16,42,22600.0,Salaried,Rent,South,4,8800.0,36,1,0.564,0,0
A01658,CU01209,2021-06-16,49,40800.0,Salaried,Rent,South,6,4300.0,12,0,0.339,0,0
A02481,CU01806,2021-06-16,21,18700.0,Salaried,Mortgage,West,11,14500.0,24,0,0.86,0,0
A01561,CU01139,2021-06-17,45,20900.0,Salaried,Own,South,3,17000.0,60,0,0.956,0,0
A02753,CU02018,2021-06-18,68,38500.0,Self-employed,Own,North,9,16800.0,36,0,0.695,0,0
A02747,CU02013,2021-06-18,45,40800.0,Self-employed,Rent,North,9,23400.0,24,2,0.639,1,1
A00158,CU00110,2021-06-20,49,20000.0,Salaried,Own,North,4,10500.0,12,2,0.748,0,0
A02236,CU01636,2021-06-20,32,27800.0,Public sector,Rent,East,11,17600.0,12,0,0.916,0,0
A00321,CU00235,2021-06-20,44,31300.0,Public sector,Mortgage,East,7,21600.0,36,0,0.919,0,0
A01526,CU01112,2021-06-21,29,46900.0,Salaried,Rent,East,12,17000.0,24,1,0.516,0,0
A00976,CU00719,2021-06-21,28,29200.0,Salaried,Rent,East,12,3600.0,24,0,0.247,0,0
A00410,CU00303,2021-06-21,39,39900.0,Self-employed,Rent,East,7,12000.0,36,1,0.495,0,0
A02432,CU01774,2021-06-21,21,66800.0,Salaried,Rent,South,7,59600.0,12,1,1.111,0,0
A01861,CU01361,2021-06-21,31,103000.0,Salaried,Rent,North,7,90600.0,24,2,1.171,0,0
A00268,CU00197,2021-06-22,47,22900.0,Salaried,Mortgage,West,8,6100.0,12,3,0.325,0,0
A02457,CU01794,2021-06-22,37,37800.0,Public sector,Own,West,0,19600.0,12,0,0.702,1,1
A01261,CU00917,2021-06-23,43,16400.0,Salaried,Rent,South,12,3500.0,12,2,0.464,0,0
A02155,CU01576,2021-06-23,41,23500.0,Self-employed,Rent,West,6,3700.0,24,0,0.43,0,0
A01419,CU01034,2021-06-24,21,27400.0,Salaried,Mortgage,South,14,11800.0,24,1,0.65,0,0
A00027,CU00020,2021-06-24,50,66800.0,Salaried,Own,North,15,15500.0,24,1,0.309,0,0
A02082,CU01524,2021-06-24,35,45900.0,Salaried,Rent,South,8,23800.0,60,0,0.825,1,1
A00799,CU00570,2021-06-25,37,30400.0,Unemployed,Rent,North,10,14600.0,12,3,0.572,0,0
A02039,CU01494,2021-06-25,35,35000.0,Salaried,Mortgage,West,7,10000.0,12,1,0.569,0,0
A02377,CU01737,2021-06-25,30,30400.0,Self-employed,Own,West,3,6500.0,24,0,0.482,0,0
A01125,CU00832,2021-06-25,64,32600.0,Salaried,Own,East,12,14700.0,36,1,0.719,0,0
A00558,CU00405,2021-06-26,45,23500.0,Salaried,Rent,East,11,5000.0,24,1,0.454,0,0
A00748,CU00537,2021-06-26,42,33000.0,Self-employed,Mortgage,West,8,27500.0,24,0,1.018,0,0
A01839,CU01343,2021-06-26,43,41500.0,Salaried,Rent,North,2,13500.0,36,0,0.478,0,0
A01931,CU01412,2021-06-26,31,66100.0,Salaried,Own,West,7,58800.0,60,1,1.133,0,0
A00309,CU00227,2021-06-26,48,46600.0,Salaried,Rent,West,5,9300.0,24,0,0.335,0,0
A02108,CU01544,2021-06-26,31,24200.0,Salaried,Rent,South,11,8700.0,36,2,0.548,0,0
A01935,CU01415,2021-06-27,39,44900.0,Public sector,Own,North,8,10900.0,12,0,0.369,0,0
A02423,CU01767,2021-06-27,45,27300.0,Salaried,Mortgage,West,11,22200.0,60,1,0.905,0,0
A00262,CU00193,2021-06-27,51,36700.0,Self-employed,Mortgage,East,12,31000.0,60,4,1.138,1,1
A00525,CU00384,2021-06-27,59,33700.0,Self-employed,Rent,East,8,18500.0,12,0,0.704,0,0
A01248,CU00910,2021-06-28,32,22700.0,Self-employed,Rent,West,0,12100.0,36,1,0.764,1,1
A00499,CU00364,2021-06-28,45,11800.0,Salaried,Own,South,0,3100.0,12,0,0.523,0,0
A00620,CU00450,2021-06-29,33,87100.0,Salaried,Rent,South,1,64500.0,36,1,0.72,0,0
A02315,CU01694,2021-06-29,35,53800.0,Salaried,Rent,North,3,45300.0,60,3,1.003,1,1
A00815,CU00582,2021-06-29,47,79100.0,Public sector,Own,North,12,69400.0,24,2,1.268,1,1
A00772,CU00548,2021-06-29,31,40900.0,Salaried,Rent,North,7,10300.0,60,0,0.554,0,0
A00386,CU00284,2021-06-29,43,72100.0,Self-employed,Own,North,9,40500.0,24,2,0.826,0,0
A00293,CU00217,2021-06-29,35,114200.0,Salaried,Own,South,8,20500.0,24,3,0.326,0,0
A01243,CU00907,2021-06-29,46,43700.0,Salaried,Rent,West,5,35200.0,24,0,1.089,0,0
A00838,CU00601,2021-06-30,36,23300.0,Salaried,Rent,West,5,16600.0,24,0,1.151,1,1
A01258,CU00916,2021-06-30,39,34800.0,Public sector,Mortgage,North,11,18600.0,24,1,0.766,0,0
A02434,CU01776,2021-06-30,54,29800.0,Salaried,Rent,East,3,25400.0,60,2,0.988,1,1
A02247,CU01644,2021-07-01,47,32900.0,Public sector,Own,North,0,13600.0,36,0,0.461,0,0
A00391,CU00287,2021-07-02,51,46300.0,Salaried,Mortgage,East,15,26700.0,60,1,0.596,0,0
A01717,CU01255,2021-07-02,54,30000.0,Salaried,Own,North,5,12600.0,36,1,0.505,0,0
A00844,CU00607,2021-07-03,46,79500.0,Salaried,Rent,East,9,66600.0,36,1,1.024,0,0
A00984,CU00727,2021-07-03,42,63400.0,Salaried,Rent,West,17,29400.0,60,1,0.742,0,0
A00610,CU00443,2021-07-03,42,25600.0,Salaried,Own,South,16,20600.0,60,1,0.959,0,0
A00042,CU00031,2021-07-04,46,38100.0,Salaried,Rent,South,15,25300.0,36,0,0.815,0,0
A02467,CU01798,2021-07-04,35,79300.0,Salaried,Rent,South,8,39200.0,36,0,0.793,1,1
A01135,CU00836,2021-07-04,28,38700.0,Salaried,Mortgage,North,13,12400.0,60,2,0.5,0,0
A02371,CU01733,2021-07-05,51,49300.0,Self-employed,Own,North,14,36000.0,36,1,1.034,0,0
A01558,CU01136,2021-07-06,56,31200.0,Self-employed,Own,East,13,9400.0,36,2,0.622,0,0
A00224,CU00164,2021-07-06,31,60700.0,Public sector,Rent,East,10,49700.0,24,0,1.106,0,0
A01455,CU01059,2021-07-06,42,12200.0,Unemployed,Mortgage,West,14,7700.0,12,1,0.882,0,0
A01273,CU00927,2021-07-08,54,63500.0,Self-employed,Rent,West,5,15000.0,24,1,0.365,0,0
A00496,CU00363,2021-07-08,33,49700.0,Unemployed,Rent,South,12,11600.0,60,0,0.358,0,0
A01075,CU00797,2021-07-08,53,32200.0,Salaried,Mortgage,North,11,13900.0,24,1,0.725,0,0
A02517,CU01834,2021-07-09,63,97600.0,Self-employed,Own,South,5,58500.0,36,0,0.753,0,0
A02087,CU01529,2021-07-09,48,41800.0,Public sector,Own,South,0,31700.0,24,0,0.868,0,0
A02041,CU01495,2021-07-09,22,58100.0,Public sector,Rent,West,3,7200.0,60,2,0.315,0,0
A00088,CU00066,2021-07-09,43,44100.0,Self-employed,Own,West,10,39100.0,60,0,1.111,0,0
A02977,CU02180,2021-07-09,24,23800.0,Public sector,Rent,West,6,5900.0,12,1,0.394,0,0
A01155,CU00847,2021-07-09,47,20200.0,Salaried,Own,South,6,11500.0,12,2,0.768,0,0
A01936,CU01416,2021-07-10,58,33900.0,Public sector,Rent,West,1,13200.0,60,1,0.547,1,1
A02248,CU01645,2021-07-11,35,29500.0,Self-employed,Rent,East,12,9000.0,24,0,0.435,0,0
A01713,CU01252,2021-07-11,35,74400.0,Salaried,Own,West,6,22400.0,12,0,0.514,1,1
A00050,CU00038,2021-07-11,46,28500.0,Public sector,Rent,North,10,13100.0,36,1,0.771,1,1
A00260,CU00192,2021-07-11,51,42500.0,Salaried,Mortgage,West,9,25200.0,60,0,0.782,0,0
A01735,CU01268,2021-07-14,47,52800.0,Public sector,Own,North,3,12100.0,12,0,0.362,0,0
A00433,CU00318,2021-07-14,45,41300.0,Unemployed,Rent,South,6,14200.0,36,1,0.551,0,0
A01028,CU00759,2021-07-15,21,64400.0,Public sector,Rent,East,14,40900.0,60,0,0.741,0,0
A00420,CU00309,2021-07-15,32,26600.0,Salaried,Rent,South,4,18900.0,36,0,0.93,0,0
A01855,CU01356,2021-07-15,42,66800.0,Salaried,Rent,South,9,57900.0,36,1,0.989,0,0
A02935,CU02151,2021-07-16,49,33200.0,Salaried,Mortgage,West,6,6500.0,24,0,0.415,0,0
A01937,CU01417,2021-07-16,44,36000.0,Public sector,Own,West,8,28300.0,12,0,0.913,0,0
A01557,CU01135,2021-07-16,57,56300.0,Salaried,Mortgage,East,8,34100.0,36,1,0.717,0,0
A00743,CU00533,2021-07-16,51,19200.0,Salaried,Rent,West,11,6500.0,24,2,0.46,0,0
A00569,CU00413,2021-07-16,49,19200.0,Self-employed,Rent,West,8,14300.0,60,1,1.028,0,1
A00916,CU00670,2021-07-17,52,19800.0,Public sector,Mortgage,North,13,11900.0,36,1,0.891,1,1
A01671,CU01217,2021-07-18,54,45900.0,Self-employed,Rent,South,10,35900.0,60,2,0.952,0,0
A02665,CU01949,2021-07-18,50,27300.0,Public sector,Rent,West,10,17100.0,24,0,0.855,1,0
A00313,CU00229,2021-07-19,47,33800.0,Salaried,Rent,West,20,16600.0,36,1,0.547,0,0
A01857,CU01358,2021-07-19,30,29200.0,Salaried,Own,East,5,10800.0,12,1,0.656,0,0
A02805,CU02057,2021-07-19,25,19600.0,Self-employed,Rent,East,7,10600.0,12,0,0.792,0,0
A01822,CU01331,2021-07-19,57,17500.0,Salaried,Rent,West,6,3500.0,24,0,0.449,0,0
A02544,CU01851,2021-07-20,53,91700.0,Salaried,Rent,East,10,19600.0,36,0,0.234,0,0
A01917,CU01401,2021-07-20,43,42100.0,Salaried,Rent,North,6,28400.0,60,2,0.969,0,0
A02796,CU02052,2021-07-20,49,14200.0,Self-employed,Rent,East,8,1800.0,12,1,0.35,0,0
A00189,CU00133,2021-07-20,26,18100.0,Salaried,Mortgage,South,1,7800.0,60,0,0.525,0,0
A01773,CU01296,2021-07-21,41,22700.0,Salaried,Own,South,9,6300.0,60,0,0.474,0,0
A02294,CU01680,2021-07-21,59,31500.0,Salaried,Own,East,7,16500.0,60,0,0.726,0,0
A01987,CU01457,2021-07-22,39,50500.0,Public sector,Mortgage,North,9,16900.0,36,0,0.451,0,0
A00571,CU00415,2021-07-22,55,36600.0,Self-employed,Own,West,6,31200.0,12,4,1.121,1,1
A01401,CU01022,2021-07-23,21,53000.0,Salaried,Rent,North,9,20600.0,24,0,0.627,0,0
A00723,CU00521,2021-07-23,51,26100.0,Salaried,Rent,West,11,5100.0,24,1,0.39,0,0
A00809,CU00578,2021-07-23,44,26200.0,Self-employed,Rent,South,15,20700.0,36,2,1.001,0,0
A01567,CU01142,2021-07-23,28,63300.0,Self-employed,Rent,North,6,11300.0,24,1,0.324,0,0
A02342,CU01714,2021-07-24,42,54900.0,Salaried,Rent,East,7,36500.0,36,0,0.892,0,0
A00145,CU00101,2021-07-24,36,15300.0,Salaried,Rent,West,5,5100.0,36,0,0.524,0,0
A00483,CU00354,2021-07-24,32,54200.0,Self-employed,Mortgage,North,14,31300.0,24,1,0.795,0,0
A02314,CU01693,2021-07-24,37,37400.0,Salaried,Own,South,0,11100.0,36,0,0.797,0,0
A02880,CU02109,2021-07-24,26,34200.0,Public sector,Rent,East,6,21800.0,36,0,0.817,0,0
A02136,CU01564,2021-07-24,21,25400.0,Salaried,Mortgage,East,6,17700.0,36,0,0.873,0,0
A02278,CU01668,2021-07-24,36,26900.0,Self-employed,Own,South,8,3900.0,60,1,0.44,0,0
A00231,CU00170,2021-07-24,28,51500.0,Self-employed,Own,South,8,27400.0,36,1,0.858,0,1
A01035,CU00766,2021-07-24,34,20200.0,Salaried,Mortgage,East,15,17300.0,36,1,0.924,0,0
A01308,CU00954,2021-07-26,23,22600.0,Unemployed,Rent,North,20,2600.0,36,0,0.47,0,0
A00923,CU00675,2021-07-26,44,25500.0,Public sector,Mortgage,South,20,13900.0,60,0,0.862,0,0
A02772,CU02032,2021-07-26,21,25600.0,Public sector,Mortgage,East,12,12400.0,24,1,0.691,0,0
A01185,CU00870,2021-07-26,34,35300.0,Salaried,Rent,East,4,12700.0,24,0,0.746,1,0
A01978,CU01449,2021-07-26,38,92600.0,Salaried,Own,East,9,74800.0,24,1,1.07,0,0
A00371,CU00272,2021-07-27,52,30100.0,Salaried,Mortgage,East,13,20300.0,36,2,0.914,0,0
A00180,CU00125,2021-07-27,37,23300.0,Salaried,Rent,North,18,7300.0,36,1,0.514,0,0
A01951,CU01426,2021-07-27,25,35500.0,Salaried,Rent,West,11,8900.0,60,1,0.443,0,0
A01331,CU00971,2021-07-28,56,66400.0,Salaried,Mortgage,East,12,40300.0,36,1,0.677,0,0
A00663,CU00478,2021-07-29,35,48700.0,Salaried,Own,West,13,12300.0,24,0,0.551,1,1
A00869,CU00628,2021-07-29,33,32900.0,Salaried,Mortgage,South,5,13300.0,36,1,0.713,1,1
A00758,CU00541,2021-07-29,48,42000.0,Public sector,Mortgage,East,19,13500.0,36,0,0.594,0,0
A00108,CU00077,2021-07-30,54,43500.0,Salaried,Own,West,17,16500.0,60,3,0.505,0,0
A01781,CU01304,2021-07-30,40,24800.0,Unemployed,Mortgage,North,10,6500.0,12,0,0.588,0,0
A02617,CU01912,2021-07-30,38,54200.0,Salaried,Own,East,8,19900.0,60,0,0.679,0,0
A02783,CU02041,2021-07-30,53,21900.0,Salaried,Mortgage,West,11,4400.0,60,0,0.382,0,0
A01346,CU00979,2021-07-30,33,40100.0,Salaried,Own,South,12,26500.0,12,0,0.866,0,0
A00270,CU00199,2021-07-31,31,14500.0,Salaried,Own,South,16,7800.0,12,0,0.655,0,0
A02220,CU01622,2021-07-31,48,50900.0,Self-employed,Rent,North,10,42600.0,12,1,0.964,0,0
A00249,CU00185,2021-07-31,44,64100.0,Public sector,Own,South,16,55200.0,36,0,1.042,0,0
A00901,CU00657,2021-07-31,38,80900.0,Salaried,Mortgage,West,4,60500.0,12,0,0.942,0,0
A00645,CU00468,2021-08-01,39,20000.0,Salaried,Own,North,15,16600.0,24,2,1.009,0,0
A02945,CU02157,2021-08-01,56,21100.0,Salaried,Mortgage,West,16,8100.0,12,0,0.608,0,0
A00942,CU00690,2021-08-01,26,25100.0,Unemployed,Mortgage,South,4,4500.0,12,0,0.299,0,0
A01203,CU00881,2021-08-01,44,66400.0,Salaried,Rent,South,7,15500.0,24,0,0.492,0,0
A00542,CU00394,2021-08-02,52,58600.0,Self-employed,Own,North,10,45300.0,60,0,0.935,1,1
A01315,CU00957,2021-08-02,58,34000.0,Public sector,Own,North,8,19200.0,36,0,0.791,0,0
A01542,CU01125,2021-08-02,53,23500.0,Salaried,Own,North,9,2900.0,24,1,0.294,0,0
A01760,CU01284,2021-08-03,37,59000.0,Salaried,Mortgage,South,8,39600.0,24,1,0.796,0,0
A01263,CU00919,2021-08-03,48,39400.0,Self-employed,Rent,East,7,26700.0,36,1,0.889,0,0
A00053,CU00040,2021-08-03,45,30800.0,Salaried,Own,West,7,5300.0,36,0,0.288,0,0
A02045,CU01497,2021-08-03,38,50900.0,Salaried,Rent,North,3,20100.0,12,0,0.608,0,0
A01551,CU01130,2021-08-04,35,31600.0,Salaried,Own,East,8,6400.0,12,0,0.374,0,0
A01902,CU01387,2021-08-04,38,33800.0,Salaried,Rent,East,11,9600.0,36,1,0.519,0,0
A01109,CU00824,2021-08-05,52,29300.0,Salaried,Mortgage,North,0,25700.0,36,4,1.069,1,1
A01065,CU00789,2021-08-05,47,56400.0,Salaried,Mortgage,South,8,33500.0,36,1,0.538,0,0
A00210,CU00151,2021-08-05,45,28200.0,Self-employed,Mortgage,South,9,11600.0,60,1,0.716,0,0
A02156,CU01577,2021-08-06,31,54000.0,Self-employed,Own,West,16,37200.0,36,0,1.006,1,1
A01471,CU01070,2021-08-06,44,38800.0,Salaried,Own,East,7,29400.0,60,0,0.956,0,0
A00886,CU00643,2021-08-06,51,28900.0,Salaried,Own,South,9,19400.0,36,1,0.823,0,0
A02538,CU01846,2021-08-07,25,31800.0,Salaried,Rent,West,11,15100.0,36,0,0.781,0,0
A00203,CU00146,2021-08-07,48,30100.0,Public sector,Own,North,3,19200.0,36,1,0.951,0,0
A00475,CU00349,2021-08-07,32,24200.0,Public sector,Mortgage,East,12,17700.0,60,0,0.919,0,0
A01480,CU01076,2021-08-09,54,35100.0,Self-employed,Rent,North,16,29300.0,12,2,1.103,0,0
A01446,CU01051,2021-08-09,50,58800.0,Salaried,Rent,North,4,10700.0,24,0,0.375,0,0
A01042,CU00772,2021-08-09,21,54300.0,Salaried,Rent,West,4,47900.0,60,0,1.11,0,0
A01932,CU01413,2021-08-10,25,44000.0,Salaried,Own,South,7,11000.0,24,1,0.535,0,0
A00786,CU00557,2021-08-10,45,17200.0,Salaried,Rent,North,10,2100.0,24,0,0.197,0,0
A02780,CU02039,2021-08-10,37,27600.0,Salaried,Rent,East,10,21500.0,60,0,0.98,0,0
A02027,CU01486,2021-08-10,37,80400.0,Public sector,Mortgage,East,2,24800.0,12,2,0.482,0,0
A00727,CU00523,2021-08-11,21,27500.0,Self-employed,Mortgage,South,10,24500.0,12,2,1.048,1,1
A00375,CU00276,2021-08-11,38,32800.0,Salaried,Own,North,9,25000.0,36,0,1.069,1,1
A02786,CU02042,2021-08-11,26,96600.0,Self-employed,Mortgage,East,13,15100.0,36,0,0.402,0,0
A02815,CU02064,2021-08-12,25,18300.0,Salaried,Own,West,1,6900.0,60,1,0.665,0,0
A02599,CU01895,2021-08-12,49,71600.0,Salaried,Rent,West,4,24500.0,12,0,0.484,0,0
A01628,CU01188,2021-08-13,41,40800.0,Salaried,Rent,West,16,20700.0,36,0,0.863,0,0
A00536,CU00391,2021-08-13,52,125900.0,Salaried,Mortgage,South,4,28200.0,12,1,0.497,0,0
A00122,CU00085,2021-08-14,46,44600.0,Salaried,Mortgage,East,1,22800.0,36,0,0.543,1,1
A00599,CU00434,2021-08-14,22,43300.0,Salaried,Rent,East,9,34400.0,60,1,1.025,1,1
A00868,CU00627,2021-08-14,55,27400.0,Public sector,Mortgage,North,8,20800.0,36,1,0.991,0,0
A00131,CU00091,2021-08-15,41,31200.0,Salaried,Own,West,5,17600.0,60,0,0.743,0,1
A01322,CU00962,2021-08-15,27,15800.0,Self-employed,Mortgage,East,14,8500.0,36,0,0.671,0,0
A01394,CU01015,2021-08-15,45,23500.0,Unemployed,Rent,West,13,19000.0,12,0,1.075,0,0
A02504,CU01823,2021-08-16,35,35900.0,Salaried,Mortgage,West,3,19600.0,60,0,0.802,0,0
A01341,CU00977,2021-08-16,24,33000.0,Salaried,Rent,East,16,19900.0,12,1,0.795,0,0
A00449,CU00331,2021-08-17,57,37900.0,Unemployed,Own,North,14,28900.0,24,0,1.043,0,0
A00931,CU00683,2021-08-17,39,33500.0,Public sector,Rent,North,9,24800.0,36,1,0.948,0,0
A00774,CU00550,2021-08-17,46,12400.0,Self-employed,Own,South,10,7200.0,60,1,0.808,0,0
A02851,CU02087,2021-08-18,51,52900.0,Public sector,Rent,West,9,44000.0,24,2,1.095,0,0
A01376,CU01004,2021-08-18,24,51400.0,Salaried,Rent,West,10,10700.0,12,2,0.502,1,0
A01739,CU01271,2021-08-18,46,50000.0,Salaried,Rent,East,7,28100.0,12,1,0.657,0,0
A01285,CU00937,2021-08-18,39,19400.0,Salaried,Mortgage,North,13,8500.0,36,0,0.686,0,0
A01687,CU01231,2021-08-18,63,26900.0,Salaried,Rent,South,9,22700.0,36,2,1.092,1,1
A01692,CU01236,2021-08-19,21,142600.0,Salaried,Rent,South,15,116500.0,60,2,1.035,1,1
A02498,CU01818,2021-08-19,61,37300.0,Salaried,Rent,East,8,24100.0,12,2,0.819,0,0
A01267,CU00921,2021-08-19,25,66200.0,Self-employed,Mortgage,South,6,20400.0,60,0,0.599,0,0
A02871,CU02105,2021-08-20,39,41200.0,Salaried,Mortgage,West,0,37000.0,60,0,1.012,0,0
A00903,CU00659,2021-08-20,30,50200.0,Public sector,Own,South,16,38200.0,24,0,0.988,0,0
A02273,CU01665,2021-08-21,42,31500.0,Salaried,Mortgage,South,7,3900.0,60,0,0.383,0,0
A02116,CU01550,2021-08-21,41,30900.0,Salaried,Rent,South,10,11600.0,36,1,0.628,0,0
A00126,CU00089,2021-08-21,66,55500.0,Public sector,Rent,South,5,20400.0,24,0,0.542,0,0
A02734,CU02003,2021-08-21,53,82800.0,Salaried,Mortgage,North,7,15100.0,24,1,0.311,0,0
A01948,CU01425,2021-08-21,50,22800.0,Self-employed,Mortgage,North,10,3800.0,24,3,0.351,1,1
A01533,CU01119,2021-08-22,26,71300.0,Public sector,Rent,West,2,54000.0,36,1,0.983,0,0
A02940,CU02154,2021-08-22,38,33900.0,Salaried,Own,South,13,27200.0,24,1,0.968,1,1
A02850,CU02086,2021-08-22,38,21300.0,Self-employed,Rent,East,22,9400.0,60,0,0.53,0,0
A00957,CU00704,2021-08-22,43,23000.0,Salaried,Mortgage,North,11,5600.0,24,1,0.539,0,0
A01425,CU01038,2021-08-22,53,41600.0,Self-employed,Mortgage,North,14,29900.0,60,0,0.874,0,0
A02157,CU01578,2021-08-22,31,34600.0,Salaried,Rent,West,3,19400.0,60,0,0.69,0,0
A02237,CU01636,2021-08-23,32,27800.0,Public sector,Rent,East,11,17100.0,60,3,0.873,0,0
A02515,CU01832,2021-08-24,48,42100.0,Salaried,Rent,North,7,29400.0,60,0,0.838,0,0
A01756,CU01282,2021-08-24,40,24300.0,Self-employed,Rent,North,5,17700.0,24,0,1.019,0,0
A00243,CU00179,2021-08-24,57,61700.0,Public sector,Rent,East,5,13200.0,60,3,0.449,0,0
A00982,CU00725,2021-08-26,32,41800.0,Public sector,Own,West,9,10500.0,36,2,0.381,1,1
A02937,CU02152,2021-08-26,43,76700.0,Self-employed,Rent,East,16,15400.0,36,0,0.406,0,0
A01829,CU01337,2021-08-26,33,33000.0,Salaried,Rent,East,8,5800.0,12,2,0.18,0,0
A00018,CU00013,2021-08-27,43,84100.0,Self-employed,Rent,South,10,27600.0,36,1,0.528,0,0
A00330,CU00241,2021-08-27,46,41500.0,Salaried,Own,East,14,36100.0,60,1,1.108,0,0
A02191,CU01601,2021-08-27,38,31900.0,Public sector,Rent,West,17,6800.0,12,0,0.451,0,0
A01808,CU01323,2021-08-27,33,14800.0,Public sector,Mortgage,South,10,8900.0,36,4,0.872,1,1
A01384,CU01010,2021-08-27,21,30100.0,Salaried,Rent,East,9,19900.0,36,3,0.821,1,1
A00036,CU00026,2021-08-28,47,61800.0,Salaried,Own,North,6,38700.0,12,0,0.93,1,1
A01227,CU00896,2021-08-28,45,53000.0,Salaried,Own,North,7,31500.0,36,0,0.878,0,0
A01057,CU00783,2021-08-28,37,23000.0,Public sector,Mortgage,North,8,17800.0,24,2,1.003,1,1
A00212,CU00153,2021-08-29,38,42100.0,Salaried,Mortgage,South,7,34500.0,36,0,0.981,0,0
A00690,CU00502,2021-08-30,32,20000.0,Salaried,Rent,West,5,7300.0,12,2,0.488,0,0
A02782,CU02040,2021-08-30,49,39200.0,Salaried,Mortgage,South,11,32600.0,36,1,0.96,1,1
A01659,CU01209,2021-08-30,49,40800.0,Salaried,Rent,South,6,34500.0,24,2,1.028,1,1
A01528,CU01114,2021-08-30,29,44100.0,Self-employed,Rent,South,9,33600.0,24,4,1.028,0,0
A02072,CU01516,2021-08-31,38,13100.0,Public sector,Own,East,0,9000.0,24,0,0.917,1,1
A01656,CU01208,2021-09-01,59,32800.0,Unemployed,Mortgage,South,0,22300.0,12,1,0.842,0,0
A02672,CU01953,2021-09-01,47,24700.0,Salaried,Rent,West,5,6200.0,24,1,0.427,0,0
A00235,CU00173,2021-09-01,28,37000.0,Public sector,Rent,West,10,15500.0,60,0,0.501,0,0
A02046,CU01498,2021-09-02,34,71700.0,Salaried,Rent,South,14,44900.0,12,0,0.817,0,0
A02785,CU02042,2021-09-02,26,96600.0,Self-employed,Mortgage,East,13,54700.0,36,0,0.64,0,0
A02179,CU01594,2021-09-02,37,45700.0,Self-employed,Rent,South,4,7200.0,24,1,0.371,1,1
A00564,CU00410,2021-09-02,58,55300.0,Salaried,Own,South,12,27300.0,12,1,0.607,0,0
A00778,CU00551,2021-09-03,44,38000.0,Salaried,Own,West,7,23900.0,36,0,0.863,0,0
A00065,CU00052,2021-09-03,44,50100.0,Salaried,Rent,West,7,10800.0,12,0,0.35,0,0
A01634,CU01192,2021-09-04,28,19900.0,Salaried,Mortgage,West,9,3700.0,60,1,0.457,0,0
A02883,CU02111,2021-09-04,41,18600.0,Self-employed,Mortgage,East,3,2000.0,12,0,0.47,0,0
A00099,CU00073,2021-09-04,46,30300.0,Salaried,Own,West,7,5300.0,12,2,0.332,0,0
A00771,CU00547,2021-09-04,54,80000.0,Salaried,Own,South,5,8600.0,36,1,0.329,0,0
A00651,CU00472,2021-09-04,33,24900.0,Salaried,Own,East,6,16600.0,36,0,0.997,1,1
A01304,CU00951,2021-09-05,21,43700.0,Unemployed,Rent,South,18,37800.0,60,2,0.983,1,1
A01338,CU00974,2021-09-05,24,24300.0,Unemployed,Mortgage,East,10,7100.0,24,1,0.395,0,0
A02143,CU01569,2021-09-05,51,60400.0,Self-employed,Rent,North,9,28700.0,60,0,0.732,0,0
A01409,CU01026,2021-09-06,41,144000.0,Public sector,Own,West,9,69400.0,36,3,0.697,0,0
A01050,CU00778,2021-09-06,38,65100.0,Public sector,Own,West,13,46800.0,24,0,0.843,0,0
A02031,CU01489,2021-09-06,40,30000.0,Self-employed,Mortgage,West,6,13600.0,12,2,0.519,1,1
A01560,CU01138,2021-09-07,40,58000.0,Public sector,Rent,North,7,28600.0,36,0,0.673,0,0
A02889,CU02114,2021-09-07,42,57600.0,Salaried,Rent,South,9,15000.0,60,3,0.488,1,1
A01129,CU00834,2021-09-07,51,51900.0,Salaried,Rent,West,9,44500.0,12,0,1.01,0,0
A02675,CU01955,2021-09-08,50,31300.0,Salaried,Own,East,3,13900.0,24,0,0.62,0,0
A02978,CU02181,2021-09-08,21,33200.0,Salaried,Rent,East,10,22100.0,12,0,0.746,0,0
A01102,CU00818,2021-09-09,57,27800.0,Salaried,Rent,East,5,16700.0,36,1,0.776,0,0
A01874,CU01369,2021-09-09,41,31100.0,Salaried,Mortgage,East,5,10300.0,36,0,0.422,0,0
A02485,CU01809,2021-09-10,38,31800.0,Salaried,Own,North,8,28400.0,24,1,1.145,0,0
A00941,CU00690,2021-09-11,26,25100.0,Unemployed,Mortgage,South,4,21600.0,12,2,1.037,0,0
A00103,CU00074,2021-09-11,21,22400.0,Salaried,Rent,East,8,18200.0,12,1,1.036,0,0
A02068,CU01512,2021-09-12,32,35000.0,Self-employed,Mortgage,South,8,18300.0,12,3,0.599,1,1
A02171,CU01589,2021-09-12,31,89000.0,Self-employed,Mortgage,East,7,58200.0,60,1,0.764,1,1
A01012,CU00746,2021-09-13,61,30900.0,Public sector,Own,West,7,4500.0,60,0,0.231,0,0
A02597,CU01893,2021-09-13,32,44500.0,Public sector,Own,West,8,18300.0,36,0,0.631,1,1
A00081,CU00062,2021-09-13,54,54500.0,Salaried,Rent,South,3,9800.0,36,1,0.403,0,0
A00337,CU00245,2021-09-13,35,25200.0,Salaried,Own,West,8,5800.0,12,0,0.357,0,0
A00604,CU00438,2021-09-14,22,23200.0,Salaried,Rent,South,0,11700.0,12,0,0.881,0,0
A01481,CU01076,2021-09-14,54,35100.0,Self-employed,Rent,North,16,31500.0,24,0,1.093,0,0
A02857,CU02093,2021-09-14,46,46700.0,Salaried,Mortgage,West,16,20800.0,36,1,0.581,0,0
A01894,CU01383,2021-09-16,31,50200.0,Salaried,Mortgage,West,18,39900.0,60,2,0.972,1,1
A00250,CU00186,2021-09-16,37,20600.0,Salaried,Rent,South,0,9000.0,36,0,0.567,1,1
A00409,CU00302,2021-09-16,48,23100.0,Salaried,Own,West,11,4500.0,24,0,0.422,0,0
A00463,CU00340,2021-09-17,53,29100.0,Self-employed,Rent,East,4,16900.0,24,0,0.835,1,1
A01319,CU00959,2021-09-17,34,26000.0,Self-employed,Mortgage,East,11,23200.0,24,0,1.119,1,1
A00805,CU00574,2021-09-17,45,51600.0,Self-employed,Own,West,6,32700.0,24,0,0.804,0,0
A02075,CU01519,2021-09-18,47,48200.0,Salaried,Mortgage,South,0,20800.0,12,5,0.669,1,1
A01450,CU01055,2021-09-19,39,23500.0,Self-employed,Mortgage,South,3,8500.0,12,0,0.529,0,1
A02510,CU01829,2021-09-19,33,32000.0,Self-employed,Rent,East,10,11400.0,12,0,0.512,0,0
A01176,CU00861,2021-09-19,52,39800.0,Self-employed,Rent,West,6,14800.0,12,0,0.615,1,1
A02177,CU01594,2021-09-20,37,45700.0,Self-employed,Rent,South,4,10400.0,36,0,0.401,0,0
A02463,CU01796,2021-09-21,50,43300.0,Self-employed,Rent,South,3,6400.0,60,1,0.27,0,0
A00132,CU00092,2021-09-21,29,41700.0,Self-employed,Rent,North,14,31500.0,60,3,1.071,1,1
A02831,CU02075,2021-09-21,39,53400.0,Self-employed,Rent,East,2,11000.0,24,3,0.454,0,0
A00325,CU00237,2021-09-21,21,76600.0,Salaried,Rent,North,16,29700.0,24,2,0.577,0,0
A00899,CU00655,2021-09-21,61,51100.0,Salaried,Mortgage,East,13,34400.0,24,1,0.919,0,0
A01889,CU01380,2021-09-22,31,36100.0,Salaried,Rent,North,14,20900.0,24,1,0.757,0,0
A00675,CU00488,2021-09-22,26,63800.0,Salaried,Mortgage,East,4,21200.0,24,1,0.585,1,1
A02455,CU01793,2021-09-22,42,45900.0,Salaried,Rent,West,13,26800.0,60,0,0.923,0,0
A00841,CU00604,2021-09-23,47,55900.0,Public sector,Own,East,16,49900.0,60,0,1.074,0,0
A02790,CU02046,2021-09-23,26,42900.0,Unemployed,Rent,North,2,10800.0,36,2,0.392,0,0
A00376,CU00277,2021-09-23,30,36900.0,Public sector,Mortgage,South,0,16800.0,24,0,0.633,1,1
A00549,CU00397,2021-09-24,55,43400.0,Self-employed,Rent,North,0,26600.0,36,1,0.806,0,0
A01082,CU00803,2021-09-24,32,22400.0,Salaried,Own,East,4,9800.0,24,0,0.736,0,0
A00479,CU00351,2021-09-24,50,69400.0,Public sector,Own,West,9,11200.0,36,1,0.52,0,0
A02737,CU02006,2021-09-25,51,40700.0,Public sector,Rent,East,0,33100.0,60,0,1.065,0,0
A01417,CU01032,2021-09-26,49,25300.0,Salaried,Mortgage,East,1,19200.0,12,0,1.058,0,1
A00220,CU00161,2021-09-27,28,43000.0,Public sector,Mortgage,South,4,37900.0,36,1,1.043,0,0
A02516,CU01833,2021-09-27,29,34300.0,Self-employed,Rent,North,12,27800.0,36,1,1.058,0,0
A02221,CU01623,2021-09-27,26,25100.0,Public sector,Own,West,0,10600.0,12,0,0.646,0,0
A00441,CU00326,2021-09-27,49,41000.0,Salaried,Rent,West,3,26400.0,36,0,0.853,0,0
A01253,CU00911,2021-09-28,30,41700.0,Salaried,Mortgage,West,2,25700.0,12,2,0.846,1,1
A01550,CU01130,2021-09-28,35,31600.0,Salaried,Own,East,8,6400.0,12,0,0.444,0,0
A01126,CU00832,2021-09-29,64,32600.0,Salaried,Own,East,12,10800.0,60,1,0.649,0,0
A00688,CU00500,2021-09-30,66,37700.0,Public sector,Own,South,9,25200.0,12,0,0.885,0,0
A02874,CU02107,2021-09-30,41,54300.0,Self-employed,Mortgage,West,6,24600.0,12,1,0.521,0,0
A00408,CU00301,2021-09-30,44,27900.0,Public sector,Rent,North,12,5000.0,24,0,0.338,0,0
A02002,CU01467,2021-10-02,46,40600.0,Self-employed,Mortgage,South,6,7300.0,24,1,0.379,0,0
A02319,CU01697,2021-10-02,46,30800.0,Self-employed,Rent,East,0,21800.0,24,0,0.897,0,0
A02385,CU01740,2021-10-03,53,34100.0,Salaried,Rent,South,10,3500.0,24,0,0.433,0,0
A01001,CU00739,2021-10-03,37,88400.0,Public sector,Rent,North,10,25300.0,60,0,0.413,0,0
A02332,CU01706,2021-10-04,62,83300.0,Self-employed,Own,West,8,43000.0,60,0,0.65,0,0
A02125,CU01555,2021-10-05,21,33900.0,Salaried,Own,East,13,3800.0,60,3,0.134,0,0
A00543,CU00394,2021-10-05,52,58600.0,Self-employed,Own,North,10,40500.0,36,0,0.821,0,0
A01127,CU00833,2021-10-05,42,56800.0,Salaried,Rent,South,0,47100.0,60,0,1.011,0,0
A02520,CU01837,2021-10-06,49,17900.0,Public sector,Rent,West,11,2700.0,60,0,0.42,0,0
A01539,CU01123,2021-10-06,40,19300.0,Unemployed,Mortgage,West,1,16300.0,36,0,0.933,0,0
A02986,CU02187,2021-10-06,42,19100.0,Public sector,Rent,North,17,16400.0,24,0,0.968,0,0
A01708,CU01248,2021-10-06,36,34900.0,Salaried,Mortgage,South,8,19300.0,60,0,0.858,0,0
A01347,CU00979,2021-10-06,33,40100.0,Salaried,Own,South,12,35800.0,36,1,1.218,0,0
A00411,CU00303,2021-10-06,39,39900.0,Self-employed,Rent,East,7,34200.0,12,0,0.9,0,0
A01063,CU00787,2021-10-08,41,49300.0,Public sector,Mortgage,West,14,16300.0,60,0,0.266,0,0
A01098,CU00815,2021-10-08,48,91300.0,Salaried,Own,North,5,36200.0,60,0,0.713,0,0
A02680,CU01959,2021-10-09,41,11000.0,Public sector,Mortgage,North,17,2300.0,24,2,0.399,0,0
A02755,CU02020,2021-10-09,51,31700.0,Salaried,Own,East,11,11000.0,24,1,0.669,0,0
A01270,CU00924,2021-10-10,56,21400.0,Unemployed,Rent,North,12,15600.0,24,2,0.852,1,1
A02631,CU01923,2021-10-12,34,8700.0,Self-employed,Mortgage,North,7,7000.0,12,0,1.038,0,0
A02707,CU01983,2021-10-14,36,37600.0,Salaried,Mortgage,South,10,26500.0,12,0,0.94,0,0
A02868,CU02102,2021-10-14,27,51000.0,Salaried,Rent,West,14,23100.0,60,1,0.662,1,1
A02604,CU01900,2021-10-14,47,18900.0,Salaried,Own,North,9,7600.0,24,0,0.559,1,1
A02223,CU01623,2021-10-14,26,25100.0,Public sector,Own,West,0,7200.0,24,0,0.45,0,0
A00806,CU00575,2021-10-15,43,29800.0,Public sector,Rent,West,8,16600.0,24,4,0.582,0,0
A01325,CU00965,2021-10-15,33,15400.0,Salaried,Mortgage,South,6,10700.0,24,1,0.853,0,0
A00445,CU00328,2021-10-15,65,88300.0,Salaried,Rent,West,13,70700.0,60,0,1.084,0,0
A00215,CU00156,2021-10-15,43,29500.0,Salaried,Mortgage,South,10,26400.0,60,1,0.991,0,0
A00482,CU00353,2021-10-16,31,22600.0,Salaried,Rent,West,16,14500.0,24,3,0.814,0,0
A02896,CU02119,2021-10-16,25,15200.0,Salaried,Own,East,14,7000.0,12,1,0.734,0,0
A00418,CU00309,2021-10-16,32,26600.0,Salaried,Rent,South,4,17800.0,36,1,0.842,0,0
A01690,CU01234,2021-10-17,42,29800.0,Salaried,Own,East,9,8500.0,12,0,0.498,0,0
A01924,CU01407,2021-10-17,50,26200.0,Salaried,Rent,South,2,19000.0,12,1,0.943,1,1
A02462,CU01796,2021-10-19,50,43300.0,Self-employed,Rent,South,3,30500.0,24,1,0.862,1,1
A01853,CU01355,2021-10-19,41,43400.0,Salaried,Own,North,8,32100.0,36,0,0.932,0,0
A01598,CU01162,2021-10-19,29,18600.0,Self-employed,Mortgage,South,9,9500.0,12,0,0.725,0,0
A02343,CU01715,2021-10-20,50,30000.0,Salaried,Mortgage,North,16,7700.0,36,0,0.498,0,0
A01235,CU00902,2021-10-20,44,27900.0,Salaried,Mortgage,West,5,24400.0,36,0,1.142,1,1
A01077,CU00798,2021-10-20,40,26700.0,Self-employed,Own,North,12,4800.0,36,1,0.284,1,1
A00948,CU00696,2021-10-21,47,48800.0,Salaried,Rent,West,6,6800.0,24,1,0.278,0,0
A01192,CU00875,2021-10-21,23,54000.0,Salaried,Own,West,3,12000.0,60,1,0.372,1,1
A00462,CU00339,2021-10-21,28,52400.0,Salaried,Rent,North,19,43600.0,24,1,1.03,0,0
A01354,CU00986,2021-10-22,36,11500.0,Salaried,Mortgage,North,0,9000.0,36,1,1.1,0,0
A01014,CU00748,2021-10-22,36,27600.0,Salaried,Rent,East,2,12600.0,12,2,0.588,1,1
A00447,CU00330,2021-10-23,44,37500.0,Salaried,Rent,East,9,10300.0,36,0,0.571,0,0
A01084,CU00805,2021-10-23,36,34500.0,Salaried,Own,East,6,24300.0,24,1,0.835,1,1
A01930,CU01411,2021-10-23,55,55000.0,Self-employed,Mortgage,South,6,23100.0,36,0,0.532,0,0
A01850,CU01352,2021-10-24,43,62000.0,Salaried,Mortgage,West,14,34600.0,24,1,0.768,0,0
A01288,CU00940,2021-10-24,28,22800.0,Self-employed,Rent,South,11,2600.0,36,0,0.489,0,0
A00557,CU00404,2021-10-24,22,72300.0,Salaried,Rent,North,12,34000.0,12,0,0.643,0,0
A02048,CU01500,2021-10-24,46,29200.0,Unemployed,Mortgage,South,6,22600.0,24,0,1.133,0,1
A02715,CU01988,2021-10-24,35,21000.0,Public sector,Own,South,11,3300.0,12,3,0.371,0,0
A02148,CU01573,2021-10-25,25,48900.0,Salaried,Mortgage,West,9,9200.0,24,0,0.45,0,0
A01521,CU01108,2021-10-25,42,48700.0,Salaried,Mortgage,North,2,29900.0,12,0,0.838,0,0
A01646,CU01202,2021-10-25,31,72000.0,Salaried,Mortgage,West,6,61000.0,60,0,0.996,0,0
A01880,CU01373,2021-10-26,41,15400.0,Salaried,Mortgage,East,9,13400.0,60,0,1.025,0,0
A02736,CU02005,2021-10-26,28,59900.0,Salaried,Rent,North,9,19500.0,60,0,0.565,0,0
A00037,CU00027,2021-10-26,57,43000.0,Salaried,Mortgage,West,14,13900.0,24,0,0.473,0,0
A01250,CU00910,2021-10-26,32,22700.0,Self-employed,Rent,West,0,13800.0,24,0,0.817,0,0
A01590,CU01156,2021-10-26,31,14400.0,Self-employed,Rent,West,11,6400.0,24,2,0.734,0,0
A01254,CU00912,2021-10-28,48,31900.0,Public sector,Rent,North,10,10000.0,60,1,0.618,1,1
A00587,CU00428,2021-10-28,38,50100.0,Salaried,Own,North,16,7000.0,12,0,0.338,0,0
A00728,CU00524,2021-10-28,34,62500.0,Salaried,Own,North,6,50900.0,24,1,1.057,1,1
A01595,CU01161,2021-10-28,45,14800.0,Self-employed,Rent,South,10,5600.0,24,0,0.732,1,0
A00939,CU00688,2021-10-29,49,17800.0,Salaried,Mortgage,West,7,5100.0,36,0,0.624,0,0
A00699,CU00506,2021-10-30,39,48400.0,Public sector,Rent,North,12,9700.0,60,0,0.351,0,0
A00474,CU00349,2021-10-31,32,24200.0,Public sector,Mortgage,East,12,6000.0,12,0,0.309,0,0
A01474,CU01073,2021-10-31,45,20200.0,Self-employed,Rent,East,11,10800.0,24,0,0.702,0,0
A01188,CU00871,2021-11-01,45,17000.0,Public sector,Rent,West,3,12500.0,12,1,0.913,1,1
A00694,CU00503,2021-11-01,54,15500.0,Salaried,Rent,West,19,7100.0,24,1,0.57,0,0
A00661,CU00478,2021-11-02,35,48700.0,Salaried,Own,West,13,40600.0,60,3,1.114,1,1
A02020,CU01480,2021-11-03,51,33000.0,Public sector,Rent,West,12,6300.0,60,1,0.432,0,0
A02607,CU01903,2021-11-03,43,44800.0,Salaried,Rent,North,9,21800.0,36,1,0.57,0,0
A01291,CU00941,2021-11-03,41,97800.0,Salaried,Rent,South,6,56500.0,12,0,0.869,0,0
A01442,CU01049,2021-11-04,40,22300.0,Salaried,Rent,East,8,3400.0,12,0,0.362,0,0
A02512,CU01830,2021-11-05,42,31500.0,Unemployed,Rent,South,5,10000.0,12,0,0.457,0,0
A00582,CU00423,2021-11-06,33,52700.0,Salaried,Own,East,6,19400.0,36,1,0.525,0,0
A01277,CU00931,2021-11-07,32,27100.0,Salaried,Rent,South,15,19100.0,24,1,0.794,0,0
A00488,CU00359,2021-11-07,47,43700.0,Salaried,Rent,North,7,29200.0,12,2,0.745,0,0
A02349,CU01719,2021-11-07,57,74600.0,Public sector,Mortgage,East,3,66800.0,12,2,1.021,0,0
A00074,CU00057,2021-11-08,29,27600.0,Self-employed,Own,South,0,23900.0,60,1,1.117,0,0
A00759,CU00541,2021-11-08,48,42000.0,Public sector,Mortgage,East,19,20300.0,60,0,0.615,0,0
A01783,CU01304,2021-11-08,40,24800.0,Unemployed,Mortgage,North,10,7500.0,36,0,0.614,0,0
A02708,CU01983,2021-11-09,36,37600.0,Salaried,Mortgage,South,10,30200.0,24,1,0.955,1,1
A02941,CU02155,2021-11-09,51,36100.0,Salaried,Rent,East,9,7800.0,36,1,0.414,0,0
A00988,CU00729,2021-11-10,33,45600.0,Salaried,Mortgage,North,3,36500.0,36,2,1.145,1,1
A01964,CU01438,2021-11-10,49,17900.0,Public sector,Rent,South,7,9500.0,12,1,0.634,1,1
A01173,CU00860,2021-11-10,43,37600.0,Salaried,Rent,South,2,9200.0,60,3,0.298,0,0
A00550,CU00397,2021-11-11,55,43400.0,Self-employed,Rent,North,0,21000.0,24,3,0.744,0,0
A00924,CU00676,2021-11-11,61,36100.0,Salaried,Rent,North,9,17400.0,60,1,0.724,0,0
A02199,CU01605,2021-11-13,31,33500.0,Salaried,Mortgage,North,5,16200.0,60,1,0.518,0,0
A00504,CU00368,2021-11-13,24,54700.0,Unemployed,Own,South,8,14600.0,60,1,0.485,0,0
A00416,CU00307,2021-11-14,51,17000.0,Salaried,Rent,South,9,2000.0,60,1,0.152,0,0
A00719,CU00519,2021-11-14,64,37400.0,Public sector,Rent,North,3,31300.0,36,0,0.998,0,0
A00209,CU00151,2021-11-15,45,28200.0,Self-employed,Mortgage,South,9,11200.0,12,0,0.606,0,0
A02713,CU01987,2021-11-15,33,24800.0,Public sector,Own,East,10,4400.0,12,1,0.469,0,0
A00171,CU00118,2021-11-15,41,37100.0,Self-employed,Own,East,11,10000.0,24,1,0.477,0,0
A02571,CU01870,2021-11-16,37,18900.0,Salaried,Own,South,9,16000.0,24,3,1.145,0,0
A02132,CU01560,2021-11-16,37,43300.0,Salaried,Own,North,18,24700.0,36,0,0.723,0,0
A03001,CU02197,2021-11-17,42,72500.0,Salaried,Mortgage,South,6,44600.0,36,3,0.758,1,1
A02384,CU01739,2021-11-17,65,22700.0,Salaried,Rent,East,10,6600.0,60,1,0.486,0,0
A02340,CU01713,2021-11-18,50,43300.0,Salaried,Rent,North,11,15000.0,36,0,0.554,0,0
A01219,CU00890,2021-11-18,40,42300.0,Salaried,Mortgage,West,11,25900.0,36,1,0.768,0,0
A00568,CU00412,2021-11-19,31,33600.0,Salaried,Rent,South,12,11600.0,60,2,0.52,0,0
A01851,CU01353,2021-11-20,66,55200.0,Public sector,Mortgage,North,0,44600.0,60,1,1.066,1,1
A00373,CU00274,2021-11-20,21,31600.0,Salaried,Rent,West,5,13500.0,60,1,0.595,0,0
A02284,CU01673,2021-11-20,36,23300.0,Salaried,Rent,East,3,5500.0,24,1,0.419,1,1
A02690,CU01968,2021-11-21,22,9900.0,Salaried,Own,South,11,4000.0,12,1,0.66,0,0
A02635,CU01926,2021-11-21,29,23900.0,Salaried,Mortgage,West,2,3700.0,12,3,0.377,0,0
A01662,CU01211,2021-11-21,41,29900.0,Salaried,Own,East,15,15600.0,24,0,0.807,0,0
A01009,CU00744,2021-11-23,54,49500.0,Salaried,Rent,South,4,29000.0,60,1,0.862,0,1
A01211,CU00886,2021-11-23,43,62300.0,Salaried,Rent,North,12,19400.0,12,3,0.585,1,1
A01716,CU01254,2021-11-23,43,13300.0,Salaried,Mortgage,South,5,2500.0,24,0,0.324,0,0
A01002,CU00740,2021-11-24,39,29800.0,Salaried,Rent,North,5,19300.0,36,0,0.82,0,0
A02730,CU02000,2021-11-25,44,76900.0,Salaried,Own,North,8,8700.0,24,0,0.225,0,0
A01340,CU00976,2021-11-26,34,25800.0,Salaried,Mortgage,South,9,11400.0,12,0,0.519,0,0
A02309,CU01690,2021-11-26,59,37200.0,Public sector,Own,East,1,28500.0,12,0,1.006,0,0
A01958,CU01433,2021-11-27,27,44000.0,Salaried,Rent,East,5,19900.0,12,0,0.478,0,0
A00026,CU00020,2021-11-27,50,66800.0,Salaried,Own,North,15,10000.0,12,0,0.265,0,0
A02953,CU02163,2021-11-27,27,47700.0,Unemployed,Rent,West,14,7700.0,60,0,0.291,0,0
A00406,CU00299,2021-11-27,47,54200.0,Salaried,Rent,South,5,28200.0,36,1,0.825,0,0
A01144,CU00841,2021-11-28,33,21200.0,Salaried,Mortgage,West,11,16700.0,60,0,1.106,1,1
A02398,CU01747,2021-11-28,52,46000.0,Salaried,Rent,West,5,9000.0,24,1,0.352,0,0
A02010,CU01472,2021-11-28,27,49100.0,Public sector,Mortgage,South,7,31400.0,12,1,0.763,0,0
A01821,CU01331,2021-11-28,57,17500.0,Salaried,Rent,West,6,2400.0,60,2,0.42,0,0
A01406,CU01025,2021-11-29,21,32700.0,Self-employed,Own,West,10,24100.0,60,2,1.015,0,0
A02036,CU01492,2021-11-29,47,14200.0,Salaried,Mortgage,West,10,2800.0,60,1,0.401,0,0
A01963,CU01437,2021-11-29,29,35800.0,Salaried,Mortgage,West,13,29500.0,36,1,1.099,0,0
A01852,CU01354,2021-11-29,41,54500.0,Salaried,Own,South,2,6300.0,12,1,0.355,1,0
A01015,CU00749,2021-11-29,42,31600.0,Salaried,Own,West,0,4600.0,12,3,0.387,1,1
A02017,CU01477,2021-11-29,40,24600.0,Salaried,Rent,South,16,14800.0,12,0,0.782,0,0
A01443,CU01050,2021-11-29,44,20500.0,Salaried,Rent,South,7,14800.0,12,2,1.029,1,1
A02266,CU01660,2021-11-29,55,44100.0,Self-employed,Own,South,15,28500.0,24,0,0.91,0,0
A02927,CU02144,2021-11-30,37,50000.0,Salaried,Rent,North,4,22600.0,24,1,0.63,0,0
A00461,CU00338,2021-11-30,21,40600.0,Salaried,Rent,West,6,8600.0,36,1,0.38,0,0
A02601,CU01897,2021-12-01,56,59000.0,Unemployed,Mortgage,West,14,47300.0,12,1,0.875,0,0
A00867,CU00626,2021-12-01,40,15000.0,Salaried,Own,West,16,8100.0,60,1,0.685,0,0
A02524,CU01839,2021-12-01,24,43500.0,Salaried,Mortgage,North,11,31900.0,36,0,0.915,0,0
A02193,CU01601,2021-12-02,38,31900.0,Public sector,Rent,West,17,17100.0,60,0,0.661,0,0
A02390,CU01743,2021-12-02,38,43100.0,Salaried,Rent,South,5,35600.0,12,1,1.065,1,1
A01532,CU01118,2021-12-02,26,26300.0,Public sector,Mortgage,West,10,19700.0,36,2,0.84,0,0
A01498,CU01090,2021-12-02,42,22600.0,Salaried,Rent,South,4,18900.0,24,1,0.981,0,0
A01030,CU00761,2021-12-02,26,28500.0,Self-employed,Own,East,5,21900.0,60,1,0.986,0,0
A02140,CU01566,2021-12-02,31,33600.0,Self-employed,Rent,East,8,13100.0,60,1,0.796,0,0
A01535,CU01120,2021-12-02,21,9000.0,Salaried,Rent,North,10,3600.0,12,1,0.546,0,0
A02521,CU01837,2021-12-04,49,17900.0,Public sector,Rent,West,11,9900.0,60,0,0.751,0,0
A00116,CU00081,2021-12-04,21,34900.0,Salaried,Own,East,2,7800.0,24,0,0.366,0,0
A02124,CU01554,2021-12-05,65,56800.0,Public sector,Mortgage,West,9,7700.0,24,1,0.311,0,0
A00562,CU00408,2021-12-05,58,23100.0,Salaried,Own,East,5,19900.0,60,0,1.165,0,0
A02522,CU01837,2021-12-07,49,17900.0,Public sector,Rent,West,11,11400.0,36,0,0.903,0,0
A01438,CU01045,2021-12-07,62,36600.0,Salaried,Rent,West,0,17700.0,24,0,0.661,0,0
A02820,CU02067,2021-12-08,35,13200.0,Self-employed,Own,East,8,1600.0,36,2,0.296,0,0
A01564,CU01141,2021-12-09,33,26200.0,Salaried,Rent,South,8,8300.0,12,0,0.581,0,0
A00961,CU00706,2021-12-09,40,10800.0,Salaried,Rent,West,0,3700.0,12,1,0.602,0,0
A00238,CU00175,2021-12-10,31,11500.0,Salaried,Rent,East,6,6800.0,60,2,0.852,0,0
A01751,CU01281,2021-12-10,40,35400.0,Salaried,Mortgage,East,10,12900.0,60,0,0.553,0,1
A02926,CU02143,2021-12-10,59,27000.0,Self-employed,Own,North,5,7800.0,36,0,0.566,0,0
A02826,CU02071,2021-12-10,59,74600.0,Salaried,Mortgage,South,4,26500.0,60,1,0.499,0,0
A02142,CU01568,2021-12-11,44,35400.0,Salaried,Mortgage,West,14,20100.0,36,0,0.806,0,0
A01895,CU01384,2021-12-12,59,18300.0,Salaried,Own,North,13,3000.0,12,2,0.26,0,0
A00043,CU00032,2021-12-12,32,23100.0,Salaried,Mortgage,West,13,15400.0,24,0,0.949,0,0
A00498,CU00364,2021-12-12,45,11800.0,Salaried,Own,South,0,7900.0,24,2,0.876,0,0
A00811,CU00579,2021-12-12,33,27500.0,Public sector,Rent,North,3,12800.0,36,0,0.708,0,0
A02723,CU01994,2021-12-13,21,22700.0,Unemployed,Rent,North,7,19600.0,36,1,1.024,1,1
A00965,CU00710,2021-12-13,48,28700.0,Salaried,Rent,North,7,5800.0,36,0,0.44,0,0
A02275,CU01667,2021-12-13,41,21000.0,Salaried,Mortgage,West,7,16000.0,24,1,1.066,0,0
A02768,CU02028,2021-12-14,42,88500.0,Salaried,Rent,East,8,48700.0,36,2,0.733,0,0
A01959,CU01434,2021-12-14,67,41600.0,Salaried,Mortgage,West,14,24300.0,60,0,0.669,0,0
A00121,CU00084,2021-12-14,39,49400.0,Public sector,Own,North,8,42000.0,36,0,1.026,0,0
A02339,CU01713,2021-12-15,50,43300.0,Salaried,Rent,North,11,36800.0,60,2,1.043,0,0
A00760,CU00542,2021-12-15,46,21600.0,Self-employed,Own,North,0,18600.0,60,2,1.057,1,1
A00294,CU00218,2021-12-16,29,116000.0,Self-employed,Own,South,6,27900.0,60,1,0.433,0,0
A02456,CU01794,2021-12-16,37,37800.0,Public sector,Own,West,0,10200.0,60,1,0.623,0,0
A02325,CU01701,2021-12-16,42,47800.0,Salaried,Own,East,4,39500.0,24,2,1.045,0,0
A02975,CU02179,2021-12-16,42,44300.0,Salaried,Mortgage,West,5,22000.0,12,0,0.657,0,0
A01292,CU00942,2021-12-17,39,58000.0,Salaried,Mortgage,West,5,12400.0,24,0,0.496,0,0
A02925,CU02143,2021-12-17,59,27000.0,Self-employed,Own,North,5,7600.0,60,0,0.575,0,0
A00489,CU00360,2021-12-18,21,66900.0,Self-employed,Mortgage,East,8,24500.0,36,0,0.349,0,0
A00086,CU00065,2021-12-18,42,47900.0,Salaried,Own,East,13,17300.0,36,0,0.51,0,0
A00711,CU00514,2021-12-18,64,27300.0,Salaried,Mortgage,West,0,15800.0,36,1,0.868,0,0
A00807,CU00576,2021-12-18,35,24800.0,Salaried,Mortgage,East,8,16800.0,24,2,0.775,1,1
A01085,CU00806,2021-12-18,42,29000.0,Self-employed,Rent,South,16,19100.0,60,0,0.736,0,0
A02714,CU01987,2021-12-19,33,24800.0,Public sector,Own,East,10,2500.0,12,0,0.261,0,0
A02906,CU02128,2021-12-19,46,33600.0,Public sector,Rent,West,12,12500.0,12,0,0.658,0,0
A02293,CU01680,2021-12-19,59,31500.0,Salaried,Own,East,7,20000.0,24,0,0.905,0,0
A00894,CU00651,2021-12-19,43,65100.0,Public sector,Mortgage,South,4,25100.0,36,0,0.516,0,0
A01594,CU01160,2021-12-19,52,41000.0,Salaried,Own,South,11,26200.0,24,1,0.774,0,0
A02542,CU01849,2021-12-19,35,37200.0,Salaried,Rent,South,0,14600.0,24,1,0.706,0,0
A00565,CU00411,2021-12-20,46,21300.0,Salaried,Own,West,11,13100.0,24,1,0.764,0,0
A00493,CU00362,2021-12-21,45,10900.0,Salaried,Rent,West,10,3600.0,24,1,0.569,0,0
A01791,CU01310,2021-12-22,38,67800.0,Public sector,Mortgage,East,4,25300.0,36,1,0.458,0,0
A02364,CU01728,2021-12-22,21,53200.0,Salaried,Rent,South,3,10700.0,12,1,0.397,0,0
A01068,CU00792,2021-12-22,36,58300.0,Salaried,Rent,West,5,21700.0,12,1,0.588,1,1
A00379,CU00279,2021-12-23,66,47800.0,Salaried,Mortgage,East,3,15200.0,24,1,0.258,0,0
A02735,CU02004,2021-12-24,24,30700.0,Public sector,Rent,South,15,22600.0,36,2,1.046,1,1
A02962,CU02171,2021-12-24,51,47700.0,Unemployed,Mortgage,North,5,11700.0,36,1,0.419,0,0
A02070,CU01514,2021-12-24,48,60900.0,Public sector,Own,North,12,51000.0,12,0,0.942,0,0
A01499,CU01091,2021-12-25,24,46700.0,Public sector,Rent,West,7,13300.0,12,0,0.472,0,0
A00765,CU00544,2021-12-25,44,35500.0,Unemployed,Own,West,2,23100.0,36,1,0.939,0,0
A00328,CU00240,2021-12-26,31,9900.0,Salaried,Rent,North,8,8200.0,24,1,1.199,1,1
A02201,CU01607,2021-12-26,32,62400.0,Public sector,Rent,South,9,35000.0,36,0,0.803,0,0
A00836,CU00599,2021-12-27,39,17600.0,Salaried,Own,West,4,13000.0,12,0,0.97,0,0
A00494,CU00363,2021-12-27,33,49700.0,Unemployed,Rent,South,12,16600.0,24,0,0.545,1,1
A02849,CU02086,2021-12-27,38,21300.0,Self-employed,Rent,East,22,8100.0,60,0,0.589,0,0
A02649,CU01935,2021-12-28,39,29200.0,Salaried,Rent,West,7,22700.0,12,0,0.95,1,1
A00624,CU00452,2021-12-28,33,37100.0,Public sector,Rent,North,12,18900.0,60,3,0.581,0,0
A01723,CU01261,2021-12-28,42,50500.0,Self-employed,Rent,West,10,40700.0,24,0,1.0,0,0
A00300,CU00222,2021-12-29,37,59900.0,Salaried,Mortgage,East,8,31200.0,36,0,0.762,0,0
A01407,CU01026,2021-12-29,41,144000.0,Public sector,Own,West,9,105800.0,36,0,0.853,0,0
A01509,CU01100,2021-12-29,38,43700.0,Salaried,Rent,North,11,18900.0,24,0,0.634,0,0
A01159,CU00851,2021-12-30,52,65600.0,Salaried,Rent,West,5,36600.0,36,3,0.746,0,0
A01147,CU00843,2021-12-31,33,19800.0,Salaried,Rent,East,0,4900.0,36,1,0.482,0,0
A00929,CU00681,2021-12-31,40,28300.0,Public sector,Own,West,13,18900.0,24,3,0.847,0,0
A00762,CU00543,2021-12-31,48,70200.0,Self-employed,Rent,South,8,38800.0,24,0,0.697,0,0
A01011,CU00746,2022-01-01,61,30900.0,Public sector,Own,West,7,15800.0,36,1,0.579,0,0
A02329,CU01704,2022-01-01,36,25800.0,Salaried,Own,North,17,11100.0,24,0,0.593,0,0
A00436,CU00321,2022-01-01,32,32200.0,Public sector,Mortgage,North,4,28600.0,36,0,0.987,0,0
A00928,CU00680,2022-01-02,26,53800.0,Public sector,Mortgage,North,7,38200.0,12,4,0.779,0,0
A01608,CU01172,2022-01-02,52,59900.0,Salaried,Own,South,6,24400.0,36,0,0.827,0,0
A00863,CU00623,2022-01-03,30,35600.0,Public sector,Mortgage,West,3,27700.0,24,3,1.07,1,1
A02166,CU01587,2022-01-04,54,40700.0,Salaried,Mortgage,South,6,25000.0,24,1,0.784,0,0
A02493,CU01815,2022-01-05,36,35300.0,Public sector,Mortgage,East,6,3900.0,24,1,0.306,0,0
A01916,CU01400,2022-01-05,44,88800.0,Salaried,Own,East,6,74200.0,36,0,0.941,0,0
A02127,CU01557,2022-01-05,43,31600.0,Salaried,Mortgage,West,1,16500.0,36,1,0.838,0,0
A02567,CU01868,2022-01-05,42,26900.0,Salaried,Mortgage,East,13,21300.0,60,1,0.933,0,0
A00384,CU00282,2022-01-05,41,40500.0,Unemployed,Own,East,5,20500.0,60,0,0.724,0,0
A00185,CU00130,2022-01-05,41,35000.0,Public sector,Rent,West,0,27200.0,12,1,1.069,1,1
A02210,CU01614,2022-01-06,32,18800.0,Salaried,Own,North,6,14600.0,12,1,0.987,0,0
A00904,CU00659,2022-01-06,30,50200.0,Public sector,Own,South,16,40900.0,12,0,1.099,0,0
A02030,CU01488,2022-01-07,54,18500.0,Self-employed,Rent,North,11,2900.0,36,1,0.422,0,0
A00856,CU00617,2022-01-08,40,27000.0,Salaried,Own,South,9,19800.0,24,1,1.039,0,0
A00333,CU00243,2022-01-08,38,74600.0,Self-employed,Rent,East,8,61800.0,36,2,1.077,0,0
A00350,CU00255,2022-01-08,34,15900.0,Salaried,Mortgage,South,4,4300.0,36,1,0.473,0,0
A01614,CU01177,2022-01-08,52,13400.0,Salaried,Rent,South,15,12000.0,12,2,1.037,1,1
A01245,CU00909,2022-01-09,58,32700.0,Salaried,Rent,East,4,22600.0,24,0,0.882,0,0
A00843,CU00606,2022-01-09,51,42600.0,Self-employed,Mortgage,West,17,11900.0,12,1,0.581,0,0
A02198,CU01604,2022-01-09,33,27500.0,Salaried,Rent,East,5,10700.0,24,2,0.472,0,0
A01242,CU00906,2022-01-10,34,41500.0,Self-employed,Mortgage,South,6,31100.0,60,1,0.885,0,0
A02884,CU02112,2022-01-10,21,33500.0,Salaried,Own,South,0,14000.0,36,0,0.585,0,0
A01903,CU01388,2022-01-11,37,13600.0,Self-employed,Own,West,14,11600.0,36,0,1.082,0,0
A01950,CU01426,2022-01-11,25,35500.0,Salaried,Rent,West,11,7600.0,24,2,0.524,0,0
A01506,CU01097,2022-01-12,38,26600.0,Public sector,Own,North,5,14300.0,12,0,0.737,0,0
A01673,CU01219,2022-01-12,46,38600.0,Salaried,Own,West,5,32000.0,24,0,0.993,0,0
A00154,CU00107,2022-01-12,34,54600.0,Public sector,Mortgage,East,0,17800.0,60,1,0.542,0,0
A00644,CU00467,2022-01-12,31,21500.0,Self-employed,Own,East,16,7800.0,12,0,0.527,0,0
A00298,CU00221,2022-01-13,30,58500.0,Self-employed,Mortgage,South,7,31500.0,36,1,0.741,0,0
A02541,CU01848,2022-01-14,48,29300.0,Self-employed,Own,South,5,18100.0,12,0,0.786,0,0
A02971,CU02176,2022-01-14,50,25300.0,Self-employed,Rent,South,6,19600.0,12,1,1.133,0,0
A00784,CU00556,2022-01-14,73,16700.0,Salaried,Own,East,5,5800.0,24,1,0.407,1,0
A01457,CU01061,2022-01-14,33,28500.0,Salaried,Own,South,13,24900.0,60,5,0.985,1,1
A00227,CU00166,2022-01-14,40,59000.0,Salaried,Own,North,0,34400.0,12,0,0.782,0,0
A01665,CU01212,2022-01-14,51,32100.0,Salaried,Rent,East,16,26500.0,36,0,1.011,0,0
A01400,CU01021,2022-01-14,38,89900.0,Salaried,Own,North,18,76100.0,60,0,0.929,0,0
A02470,CU01801,2022-01-15,44,28500.0,Public sector,Rent,South,13,20400.0,36,0,0.904,0,0
A01177,CU00862,2022-01-16,29,73900.0,Public sector,Rent,South,1,16500.0,60,0,0.477,0,0
A00273,CU00202,2022-01-16,40,41900.0,Public sector,Rent,West,6,32800.0,36,0,1.046,0,0
A01879,CU01372,2022-01-17,41,113200.0,Salaried,Own,South,7,44200.0,24,0,0.545,0,0
A00570,CU00414,2022-01-17,28,43700.0,Salaried,Mortgage,West,0,31500.0,36,0,0.993,0,0
A00517,CU00379,2022-01-17,38,24500.0,Salaried,Own,South,10,20800.0,60,0,1.122,0,0
A00631,CU00456,2022-01-18,55,15400.0,Self-employed,Mortgage,West,1,9200.0,36,1,0.755,0,0
A00451,CU00332,2022-01-18,51,39100.0,Salaried,Mortgage,East,7,14800.0,12,3,0.533,0,0
A01056,CU00782,2022-01-19,52,28300.0,Salaried,Own,West,12,15900.0,36,0,0.946,0,0
A00197,CU00140,2022-01-19,41,49500.0,Salaried,Own,West,2,15100.0,36,2,0.383,0,0
A01811,CU01325,2022-01-19,41,25200.0,Public sector,Own,East,18,6800.0,12,0,0.484,0,0
A02355,CU01722,2022-01-20,21,30600.0,Salaried,Rent,South,5,8500.0,60,3,0.544,0,0
A00790,CU00561,2022-01-20,29,47500.0,Salaried,Own,West,9,23400.0,60,0,0.667,0,0
A02776,CU02036,2022-01-20,32,20800.0,Self-employed,Mortgage,East,4,16300.0,24,0,1.067,1,1
A00693,CU00503,2022-01-21,54,15500.0,Salaried,Rent,West,19,13500.0,36,1,1.072,0,0
A00544,CU00395,2022-01-22,38,31900.0,Self-employed,Rent,East,11,3500.0,24,2,0.323,0,0
A00621,CU00450,2022-01-22,33,87100.0,Salaried,Rent,South,1,13600.0,60,1,0.287,0,0
A01934,CU01414,2022-01-23,41,35200.0,Self-employed,Mortgage,South,3,13300.0,24,1,0.61,0,0
A01913,CU01398,2022-01-24,23,57100.0,Public sector,Own,South,8,23300.0,60,0,0.454,0,0
A02126,CU01556,2022-01-24,45,20200.0,Salaried,Mortgage,South,10,12900.0,24,3,0.813,1,1
A01651,CU01205,2022-01-24,31,54300.0,Salaried,Rent,West,5,29000.0,60,1,0.649,1,0
A01320,CU00960,2022-01-25,49,24600.0,Public sector,Own,North,7,5500.0,12,0,0.547,0,0
A00590,CU00429,2022-01-25,58,31200.0,Public sector,Rent,North,3,15300.0,12,0,0.632,0,0
A01208,CU00884,2022-01-25,55,73600.0,Public sector,Rent,South,14,12700.0,36,0,0.398,0,0
A00734,CU00527,2022-01-26,50,51900.0,Salaried,Own,South,10,24400.0,12,1,0.572,0,0
A00665,CU00480,2022-01-26,44,28000.0,Salaried,Rent,South,6,19400.0,24,0,0.997,0,0
A02684,CU01963,2022-01-26,22,30200.0,Salaried,Mortgage,North,11,23500.0,12,0,1.109,0,0
A01777,CU01300,2022-01-26,36,32500.0,Unemployed,Own,North,8,22100.0,60,0,1.018,1,1
A02907,CU02129,2022-01-26,55,48500.0,Salaried,Rent,East,0,37600.0,36,1,0.971,1,1
A02540,CU01848,2022-01-27,48,29300.0,Self-employed,Own,South,5,4100.0,24,0,0.465,0,0
A02991,CU02191,2022-01-28,38,25500.0,Salaried,Rent,West,11,6800.0,60,2,0.57,0,0
A00284,CU00209,2022-01-28,53,26600.0,Salaried,Rent,East,8,10800.0,12,1,0.594,0,0
A00637,CU00461,2022-01-29,24,28300.0,Public sector,Own,North,2,22200.0,12,0,0.918,1,1
A02788,CU02044,2022-01-30,23,18100.0,Public sector,Own,North,6,3800.0,12,0,0.379,0,0
A00537,CU00392,2022-01-30,30,43000.0,Salaried,Own,North,15,13900.0,12,0,0.542,1,1
A02722,CU01993,2022-01-30,54,20900.0,Salaried,Rent,North,0,4200.0,36,1,0.266,0,0
A02914,CU02134,2022-01-30,40,18900.0,Salaried,Mortgage,West,6,5300.0,12,4,0.502,1,1
A01824,CU01332,2022-01-30,30,36700.0,Self-employed,Own,West,13,15200.0,60,1,0.581,0,0
A00369,CU00270,2022-01-31,40,17300.0,Public sector,Rent,North,6,7300.0,60,0,0.594,0,0
A01210,CU00885,2022-01-31,42,30700.0,Public sector,Mortgage,East,15,11700.0,24,0,0.491,0,0
A02806,CU02058,2022-02-01,23,25800.0,Salaried,Rent,West,7,19600.0,12,0,0.99,1,1
A01893,CU01382,2022-02-01,47,138300.0,Salaried,Mortgage,South,6,105800.0,36,1,0.979,1,0
A00452,CU00333,2022-02-01,46,33100.0,Salaried,Rent,South,6,26500.0,24,0,1.011,0,0
A01547,CU01128,2022-02-01,49,29100.0,Public sector,Own,South,6,17800.0,60,0,0.842,1,1
A00478,CU00350,2022-02-01,33,55200.0,Salaried,Own,North,12,13400.0,24,0,0.413,0,0
A02109,CU01544,2022-02-02,31,24200.0,Salaried,Rent,South,11,17500.0,24,0,0.917,0,0
A01578,CU01148,2022-02-03,44,58000.0,Public sector,Mortgage,South,11,17000.0,24,0,0.428,0,0
A02397,CU01747,2022-02-03,52,46000.0,Salaried,Rent,West,5,20700.0,12,1,0.625,0,0
A01460,CU01063,2022-02-03,26,60900.0,Salaried,Mortgage,South,8,23200.0,24,0,0.484,0,0
A00076,CU00057,2022-02-03,29,27600.0,Self-employed,Own,South,0,17600.0,60,3,0.874,0,0
A02573,CU01872,2022-02-04,42,48300.0,Salaried,Rent,West,9,36400.0,12,4,0.981,0,0
A02595,CU01891,2022-02-04,34,48200.0,Salaried,Rent,West,17,29500.0,12,0,0.764,0,0
A01293,CU00943,2022-02-05,53,41900.0,Self-employed,Rent,North,2,24500.0,24,0,0.722,0,0
A00062,CU00049,2022-02-05,48,22900.0,Salaried,Rent,North,9,13400.0,36,1,0.829,0,0
A01106,CU00821,2022-02-05,23,80300.0,Public sector,Own,East,7,18700.0,12,1,0.391,0,0
A01961,CU01435,2022-02-05,52,41900.0,Public sector,Mortgage,North,0,9800.0,60,0,0.337,0,0
A02104,CU01542,2022-02-05,52,26300.0,Salaried,Own,East,9,21800.0,60,0,0.978,1,1
A01154,CU00846,2022-02-06,39,27800.0,Salaried,Mortgage,East,7,18600.0,12,2,0.761,1,1
A01323,CU00963,2022-02-06,60,25700.0,Public sector,Own,South,8,22100.0,36,0,1.05,0,0
A02741,CU02010,2022-02-06,48,57200.0,Self-employed,Mortgage,South,10,40700.0,24,0,0.784,0,0
A00169,CU00117,2022-02-07,28,52500.0,Salaried,Rent,North,15,16000.0,24,1,0.577,0,0
A02491,CU01813,2022-02-07,50,43300.0,Public sector,Mortgage,North,6,18500.0,12,0,0.626,0,0
A02552,CU01857,2022-02-07,49,32700.0,Salaried,Mortgage,North,7,19200.0,12,0,0.88,0,0
A00359,CU00263,2022-02-07,59,70500.0,Self-employed,Mortgage,West,4,51500.0,36,1,0.899,0,0
A02668,CU01950,2022-02-08,34,27200.0,Public sector,Rent,West,5,5400.0,24,2,0.611,0,0
A01411,CU01027,2022-02-08,50,19700.0,Salaried,Own,West,0,15200.0,12,0,1.043,1,1
A01715,CU01253,2022-02-08,37,52600.0,Salaried,Rent,West,1,20700.0,60,1,0.618,0,0
A00098,CU00072,2022-02-09,35,23500.0,Public sector,Own,South,9,7800.0,36,1,0.611,0,0
A00586,CU00427,2022-02-09,35,26600.0,Salaried,Rent,West,8,4300.0,36,2,0.477,0,0
A00133,CU00092,2022-02-10,29,41700.0,Self-employed,Rent,North,14,29600.0,24,0,0.819,0,0
A00752,CU00538,2022-02-11,43,31500.0,Public sector,Rent,West,9,7300.0,12,0,0.452,0,0
A00814,CU00581,2022-02-11,41,27700.0,Salaried,Rent,South,0,13900.0,60,0,0.692,1,1
A01061,CU00785,2022-02-11,21,38100.0,Self-employed,Rent,West,10,24400.0,60,0,0.681,0,0
A00714,CU00515,2022-02-11,48,18400.0,Public sector,Mortgage,East,14,14400.0,24,2,0.982,0,0
A01582,CU01151,2022-02-11,36,31600.0,Salaried,Rent,South,1,15100.0,60,0,0.555,0,0
A02021,CU01481,2022-02-12,37,32000.0,Salaried,Own,East,0,25200.0,24,2,1.049,0,0
A01939,CU01419,2022-02-13,24,42600.0,Salaried,Own,West,12,20000.0,60,0,0.763,0,0
A02582,CU01880,2022-02-13,38,31100.0,Self-employed,Rent,North,11,21500.0,12,0,0.889,0,0
A02180,CU01595,2022-02-13,32,29100.0,Public sector,Rent,East,15,15700.0,12,0,0.773,1,1
A01367,CU00997,2022-02-14,43,180900.0,Salaried,Own,South,3,69500.0,60,2,0.445,0,0
A01566,CU01142,2022-02-14,28,63300.0,Self-employed,Rent,North,6,53500.0,24,0,1.089,0,0
A02189,CU01599,2022-02-14,42,94000.0,Salaried,Mortgage,North,11,70400.0,60,0,0.97,0,0
A01907,CU01392,2022-02-14,35,23700.0,Unemployed,Own,West,8,8400.0,36,1,0.588,1,1
A00998,CU00738,2022-02-14,46,22300.0,Salaried,Mortgage,North,7,11700.0,24,0,0.653,0,0
A02545,CU01852,2022-02-14,29,45900.0,Salaried,Rent,South,9,35000.0,36,0,0.984,0,0
A02249,CU01646,2022-02-15,41,10000.0,Public sector,Own,South,6,5000.0,60,0,0.737,0,0
A02238,CU01637,2022-02-15,43,56900.0,Salaried,Mortgage,South,3,33000.0,24,0,0.75,0,0
A02061,CU01509,2022-02-15,23,30500.0,Salaried,Own,East,3,8400.0,60,0,0.417,0,0
A01392,CU01014,2022-02-16,33,35100.0,Self-employed,Own,East,13,10700.0,60,0,0.543,0,0
A02405,CU01753,2022-02-17,40,45100.0,Salaried,Rent,East,14,35400.0,60,1,1.131,0,0
A01968,CU01441,2022-02-18,29,21600.0,Salaried,Rent,South,10,17900.0,12,1,0.907,0,0
A01353,CU00985,2022-02-19,40,31800.0,Self-employed,Rent,North,13,20600.0,12,0,0.873,0,0
A01807,CU01322,2022-02-21,33,49300.0,Self-employed,Rent,South,11,28800.0,24,0,0.836,0,0
A02685,CU01963,2022-02-21,22,30200.0,Salaried,Mortgage,North,11,14000.0,12,0,0.622,0,0
A00851,CU00613,2022-02-22,49,49100.0,Salaried,Rent,South,9,6700.0,36,1,0.323,0,0
A02464,CU01796,2022-02-22,50,43300.0,Self-employed,Rent,South,3,7400.0,12,1,0.359,0,0
A01280,CU00933,2022-02-23,28,11300.0,Unemployed,Own,West,7,4600.0,60,2,0.758,0,0
A00202,CU00145,2022-02-23,42,39900.0,Salaried,Rent,East,1,27200.0,60,1,0.883,1,1
A00234,CU00172,2022-02-24,58,34700.0,Salaried,Own,East,6,16000.0,12,3,0.646,0,0
A00692,CU00503,2022-02-24,54,15500.0,Salaried,Rent,West,19,7100.0,12,1,0.478,0,0
A00102,CU00074,2022-02-24,21,22400.0,Salaried,Rent,East,8,13700.0,60,0,1.029,0,0
A01297,CU00946,2022-02-25,36,38100.0,Unemployed,Rent,North,8,32000.0,24,1,0.962,0,0
A02469,CU01800,2022-02-25,43,19800.0,Public sector,Own,North,13,14400.0,12,1,0.821,0,0
A02536,CU01845,2022-02-26,58,53800.0,Salaried,Rent,North,11,15700.0,12,0,0.507,0,0
A00802,CU00572,2022-02-27,30,18200.0,Salaried,Rent,East,2,3100.0,60,1,0.526,0,0
A02770,CU02030,2022-02-28,31,72700.0,Public sector,Mortgage,East,10,13000.0,12,0,0.437,0,0
A01459,CU01062,2022-02-28,53,25100.0,Salaried,Mortgage,West,4,15700.0,12,0,0.972,0,0
A02244,CU01643,2022-02-28,35,41500.0,Public sector,Rent,East,0,17400.0,60,1,0.682,0,0
A00925,CU00677,2022-03-01,52,45300.0,Salaried,Rent,North,9,34100.0,36,0,1.076,0,0
A02577,CU01875,2022-03-01,44,86700.0,Self-employed,Rent,South,0,70300.0,12,1,0.945,0,0
A01707,CU01247,2022-03-01,49,37600.0,Salaried,Own,West,4,21400.0,36,0,0.612,0,0
A01631,CU01191,2022-03-02,41,13000.0,Salaried,Mortgage,North,7,2400.0,24,3,0.39,1,1
A00130,CU00091,2022-03-02,41,31200.0,Salaried,Own,West,5,14000.0,60,0,0.648,0,0
A00862,CU00622,2022-03-03,35,96000.0,Public sector,Rent,North,18,42700.0,36,0,0.712,0,0
A02318,CU01696,2022-03-03,51,50200.0,Salaried,Own,West,5,32900.0,12,0,0.651,1,1
A01553,CU01132,2022-03-03,38,23900.0,Self-employed,Mortgage,South,9,11000.0,12,1,0.617,0,0
A01161,CU00853,2022-03-04,51,39400.0,Salaried,Rent,North,1,28000.0,36,0,0.957,0,0
A02433,CU01775,2022-03-04,42,43900.0,Self-employed,Own,North,3,4800.0,24,0,0.342,0,0
A01684,CU01228,2022-03-05,40,65300.0,Public sector,Mortgage,West,7,27300.0,36,0,0.686,0,0
A02401,CU01749,2022-03-05,43,58800.0,Self-employed,Rent,East,8,12600.0,36,1,0.374,0,0
A02638,CU01927,2022-03-05,40,14600.0,Salaried,Rent,West,8,4300.0,24,2,0.547,0,0
A00381,CU00280,2022-03-05,27,40900.0,Salaried,Rent,West,9,36300.0,36,0,1.057,0,0
A00773,CU00549,2022-03-05,47,23900.0,Public sector,Rent,South,5,4000.0,24,1,0.44,0,0
A02885,CU02112,2022-03-06,21,33500.0,Salaried,Own,South,0,28400.0,60,0,1.176,0,0
A02391,CU01744,2022-03-06,53,109700.0,Public sector,Own,East,16,19000.0,36,1,0.295,0,0
A02025,CU01484,2022-03-06,41,23500.0,Salaried,Mortgage,South,10,19700.0,36,4,0.973,0,0
A02678,CU01957,2022-03-06,28,24000.0,Self-employed,Rent,South,9,17900.0,24,0,0.895,0,0
A01422,CU01036,2022-03-06,45,55600.0,Self-employed,Mortgage,North,10,20300.0,12,0,0.588,0,0
A02913,CU02133,2022-03-06,42,37800.0,Public sector,Own,North,11,7700.0,12,1,0.502,0,0
A00324,CU00236,2022-03-06,58,42700.0,Self-employed,Rent,East,3,34300.0,36,1,0.983,0,0
A02711,CU01986,2022-03-07,36,28200.0,Salaried,Own,East,8,8900.0,24,0,0.5,0,0
A01672,CU01218,2022-03-08,31,40400.0,Self-employed,Rent,North,3,16000.0,12,2,0.594,1,1
A02150,CU01574,2022-03-08,47,22700.0,Self-employed,Rent,South,12,2700.0,60,0,0.294,0,0
A02378,CU01737,2022-03-08,30,30400.0,Self-employed,Own,West,3,12200.0,60,1,0.515,0,0
A01439,CU01046,2022-03-09,39,69000.0,Self-employed,Rent,West,3,10000.0,12,2,0.32,0,0
A01397,CU01018,2022-03-09,38,48800.0,Self-employed,Rent,East,13,34800.0,24,0,0.897,0,0
A02523,CU01838,2022-03-09,49,76400.0,Public sector,Rent,East,16,53300.0,12,2,0.964,0,0
A00909,CU00663,2022-03-10,38,33800.0,Salaried,Rent,North,1,5600.0,12,1,0.462,0,0
A01750,CU01280,2022-03-10,39,61000.0,Salaried,Own,East,8,30100.0,12,0,0.615,0,0
A02615,CU01910,2022-03-10,41,40500.0,Public sector,Rent,East,7,29400.0,60,1,0.928,0,0
A02507,CU01826,2022-03-10,57,24500.0,Public sector,Mortgage,South,10,10900.0,12,1,0.548,0,0
A02910,CU02132,2022-03-11,40,38300.0,Salaried,Rent,North,9,21100.0,24,1,0.636,0,0
A00615,CU00448,2022-03-11,44,38800.0,Salaried,Rent,South,15,29400.0,60,0,0.885,1,1
A01264,CU00919,2022-03-11,48,39400.0,Self-employed,Rent,East,7,4500.0,36,1,0.315,0,0
A01374,CU01002,2022-03-12,41,48800.0,Salaried,Own,West,6,22500.0,24,0,0.709,0,0
A02392,CU01745,2022-03-12,29,17800.0,Salaried,Rent,South,3,14100.0,12,1,0.976,1,1
A01193,CU00876,2022-03-12,30,104900.0,Salaried,Rent,West,9,57300.0,36,0,0.738,0,0
A01055,CU00782,2022-03-13,52,28300.0,Salaried,Own,West,12,6400.0,24,1,0.347,0,0
A02950,CU02160,2022-03-13,30,11900.0,Self-employed,Mortgage,West,2,2800.0,24,1,0.42,0,0
A01402,CU01023,2022-03-13,53,69600.0,Public sector,Rent,West,16,47300.0,24,0,0.993,0,0
A01212,CU00887,2022-03-13,39,90200.0,Self-employed,Rent,East,6,40700.0,60,1,0.599,0,0
A00343,CU00250,2022-03-13,45,57100.0,Self-employed,Own,South,11,49300.0,60,0,1.094,0,0
A00520,CU00381,2022-03-13,59,46800.0,Public sector,Rent,South,9,16300.0,12,2,0.542,0,0
A01365,CU00995,2022-03-14,27,133200.0,Salaried,Rent,South,11,89100.0,24,0,0.769,0,0
A02402,CU01750,2022-03-14,67,74500.0,Salaried,Rent,North,14,59100.0,24,0,1.02,0,0
A00671,CU00485,2022-03-14,36,22200.0,Public sector,Rent,North,6,17100.0,12,3,1.064,1,1
A01484,CU01079,2022-03-14,34,27000.0,Self-employed,Own,North,4,20300.0,24,0,0.926,0,0
A00019,CU00014,2022-03-14,46,26500.0,Public sector,Own,West,6,15900.0,60,0,0.909,0,0
A00161,CU00112,2022-03-15,58,60800.0,Self-employed,Own,North,6,44500.0,60,2,0.873,0,0
A00754,CU00539,2022-03-15,59,59900.0,Salaried,Mortgage,West,12,15400.0,60,1,0.435,0,0
A01073,CU00796,2022-03-15,44,13800.0,Public sector,Rent,North,19,7000.0,12,1,0.652,0,0
A01337,CU00974,2022-03-15,24,24300.0,Unemployed,Mortgage,East,10,11000.0,60,1,0.535,0,0
A01311,CU00955,2022-03-15,52,37200.0,Salaried,Rent,North,14,6200.0,60,0,0.382,0,0
A01541,CU01124,2022-03-15,48,22300.0,Salaried,Rent,South,1,6200.0,12,1,0.381,0,0
A01022,CU00755,2022-03-16,40,55300.0,Salaried,Rent,East,0,45300.0,24,1,0.918,0,0
A02862,CU02097,2022-03-16,52,28200.0,Salaried,Rent,South,3,9100.0,36,1,0.57,0,0
A02960,CU02170,2022-03-16,31,44100.0,Salaried,Rent,East,9,30200.0,60,0,0.948,1,1
A00314,CU00230,2022-03-16,57,40200.0,Salaried,Own,East,9,4500.0,60,1,0.465,0,0
A02666,CU01950,2022-03-17,34,27200.0,Public sector,Rent,West,5,6500.0,60,1,0.445,0,0
A02733,CU02003,2022-03-18,53,82800.0,Salaried,Mortgage,North,7,25200.0,12,0,0.489,0,0
A00978,CU00721,2022-03-18,51,34300.0,Salaried,Mortgage,North,14,23600.0,60,1,0.854,0,0
A00387,CU00285,2022-03-18,37,28600.0,Salaried,Own,West,15,15100.0,12,0,0.821,0,0
A01574,CU01147,2022-03-18,64,55000.0,Salaried,Rent,North,11,49200.0,36,1,1.082,1,1
A01145,CU00841,2022-03-18,33,21200.0,Salaried,Mortgage,West,11,9400.0,36,1,0.623,0,0
A01300,CU00949,2022-03-18,55,27700.0,Salaried,Mortgage,West,0,12900.0,12,0,0.703,0,0
A02766,CU02027,2022-03-19,40,34800.0,Salaried,Rent,North,10,9900.0,12,1,0.407,0,0
A01967,CU01441,2022-03-19,29,21600.0,Salaried,Rent,South,10,5900.0,24,1,0.529,0,0
A02205,CU01611,2022-03-19,47,28300.0,Salaried,Rent,North,17,18100.0,60,0,0.797,0,0
A01890,CU01380,2022-03-20,31,36100.0,Salaried,Rent,North,14,23300.0,60,1,0.846,0,0
A00993,CU00733,2022-03-20,37,21100.0,Unemployed,Mortgage,North,5,3900.0,24,3,0.407,0,0
A00230,CU00169,2022-03-20,34,98200.0,Salaried,Own,West,0,51300.0,24,1,0.598,0,0
A01096,CU00813,2022-03-21,47,49600.0,Salaried,Own,South,8,35300.0,36,1,0.851,0,0
A01137,CU00837,2022-03-21,40,22000.0,Salaried,Own,North,7,4200.0,12,2,0.44,0,0
A01817,CU01329,2022-03-22,57,36000.0,Self-employed,Rent,West,4,4500.0,12,1,0.28,0,0
A02409,CU01756,2022-03-22,24,107200.0,Salaried,Own,East,2,50900.0,24,2,0.539,0,0
A01620,CU01183,2022-03-22,26,29000.0,Public sector,Rent,East,5,19000.0,24,0,0.933,1,0
A00364,CU00268,2022-03-23,45,22500.0,Salaried,Mortgage,South,1,13200.0,24,1,0.801,0,0
A02073,CU01517,2022-03-23,33,34800.0,Salaried,Own,South,8,8700.0,60,2,0.486,0,0
A00425,CU00314,2022-03-23,53,37200.0,Salaried,Mortgage,West,12,15100.0,24,0,0.657,0,0
A00109,CU00077,2022-03-23,54,43500.0,Salaried,Own,West,17,23300.0,12,5,0.68,1,1
A00837,CU00600,2022-03-23,34,17500.0,Self-employed,Mortgage,East,10,3300.0,60,1,0.379,0,0
A00657,CU00475,2022-03-25,29,102800.0,Unemployed,Mortgage,North,5,42500.0,36,0,0.521,0,0
A00308,CU00227,2022-03-25,48,46600.0,Salaried,Rent,West,5,34900.0,24,0,0.887,0,0
A02011,CU01472,2022-03-25,27,49100.0,Public sector,Mortgage,South,7,22100.0,60,1,0.66,0,0
A00056,CU00043,2022-03-25,54,63300.0,Salaried,Own,North,13,21200.0,36,1,0.51,0,0
A02406,CU01754,2022-03-26,21,44300.0,Public sector,Mortgage,South,0,39000.0,60,1,1.209,0,0
A00860,CU00620,2022-03-26,26,50200.0,Public sector,Mortgage,North,7,19900.0,12,1,0.414,0,0
A00397,CU00293,2022-03-28,37,73800.0,Public sector,Own,East,7,48300.0,24,2,0.8,0,0
A00048,CU00036,2022-03-28,21,18900.0,Public sector,Mortgage,East,1,4700.0,12,1,0.44,0,0
A02641,CU01928,2022-03-28,25,62900.0,Salaried,Mortgage,West,7,34400.0,60,0,0.776,0,0
A00740,CU00531,2022-03-29,56,19300.0,Public sector,Rent,North,11,8500.0,24,0,0.602,0,0
A02333,CU01707,2022-03-29,50,155800.0,Self-employed,Rent,West,0,53200.0,12,0,0.531,0,0
A01373,CU01001,2022-03-30,44,34100.0,Salaried,Rent,East,8,22400.0,60,1,0.895,0,0
A02939,CU02154,2022-03-30,38,33900.0,Salaried,Own,South,13,7000.0,24,0,0.42,0,0
A02066,CU01511,2022-03-30,56,49300.0,Salaried,Own,West,11,11500.0,60,0,0.5,0,0
A00112,CU00079,2022-03-30,21,20600.0,Self-employed,Mortgage,East,14,5600.0,60,1,0.415,0,0
A01452,CU01057,2022-03-30,48,31300.0,Self-employed,Rent,West,7,13900.0,60,2,0.594,0,0
A02758,CU02023,2022-03-30,55,50700.0,Self-employed,Rent,West,2,32500.0,36,1,0.743,0,0
A00255,CU00187,2022-03-30,38,35400.0,Salaried,Mortgage,North,11,19100.0,12,0,0.839,1,1
A00721,CU00520,2022-03-31,46,44300.0,Salaried,Rent,North,2,34900.0,60,1,0.864,1,1
A00486,CU00357,2022-03-31,43,16600.0,Public sector,Mortgage,West,13,13800.0,60,1,1.115,0,0
A01076,CU00797,2022-03-31,53,32200.0,Salaried,Mortgage,North,11,15700.0,24,0,0.731,0,0
A00281,CU00207,2022-04-01,46,107900.0,Public sector,Own,West,7,89600.0,12,0,1.123,0,0
A01026,CU00759,2022-04-01,21,64400.0,Public sector,Rent,East,14,31800.0,60,0,0.707,0,0
A01988,CU01457,2022-04-01,39,50500.0,Public sector,Mortgage,North,9,45100.0,36,0,1.111,0,0
A00573,CU00417,2022-04-01,51,60800.0,Salaried,Rent,East,10,45200.0,24,1,0.871,0,0
A02477,CU01804,2022-04-02,32,18500.0,Self-employed,Rent,North,10,8400.0,12,0,0.691,1,0
A00183,CU00128,2022-04-02,45,30000.0,Public sector,Own,East,4,10500.0,12,1,0.624,0,0
A00244,CU00180,2022-04-02,57,66600.0,Salaried,Rent,West,6,32400.0,36,0,0.666,1,1
A02363,CU01727,2022-04-03,44,17000.0,Public sector,Rent,South,2,4500.0,24,0,0.484,0,0
A01996,CU01464,2022-04-04,51,46000.0,Self-employed,Mortgage,North,0,13100.0,36,2,0.538,0,0
A02447,CU01786,2022-04-04,41,27600.0,Public sector,Mortgage,North,8,20800.0,60,0,0.982,0,0
A00144,CU00100,2022-04-04,28,56800.0,Salaried,Own,West,8,14900.0,12,3,0.513,0,0
A02050,CU01501,2022-04-04,46,16300.0,Public sector,Own,South,12,10400.0,36,1,0.853,0,0
A00541,CU00393,2022-04-04,44,39100.0,Salaried,Rent,West,8,6000.0,60,4,0.31,1,1
A00667,CU00482,2022-04-04,46,35500.0,Public sector,Rent,South,10,14700.0,36,2,0.745,1,1
A00388,CU00286,2022-04-05,35,40900.0,Salaried,Mortgage,West,7,27300.0,60,1,0.801,0,0
A01518,CU01105,2022-04-05,31,28500.0,Salaried,Own,West,15,17800.0,12,1,0.838,0,0
A01262,CU00918,2022-04-06,34,9100.0,Salaried,Rent,South,6,3100.0,12,0,0.546,0,0
A01805,CU01320,2022-04-06,46,144500.0,Self-employed,Mortgage,South,12,65100.0,12,1,0.525,0,0
A02875,CU02107,2022-04-08,41,54300.0,Self-employed,Mortgage,West,6,39200.0,60,0,0.865,0,0
A02131,CU01559,2022-04-08,46,84000.0,Self-employed,Mortgage,North,3,70700.0,36,0,1.117,1,1
A01334,CU00972,2022-04-08,32,26400.0,Salaried,Rent,North,15,22600.0,12,1,1.141,0,0
A00285,CU00210,2022-04-08,51,14000.0,Salaried,Mortgage,East,9,8700.0,36,1,0.948,0,0
A02450,CU01788,2022-04-09,22,17700.0,Self-employed,Own,North,7,4200.0,24,0,0.469,0,0
A00105,CU00075,2022-04-09,42,79300.0,Salaried,Own,South,8,53000.0,24,0,0.888,0,0
A00630,CU00456,2022-04-10,55,15400.0,Self-employed,Mortgage,West,1,8300.0,36,0,0.603,1,1
A02453,CU01791,2022-04-10,31,32000.0,Salaried,Own,South,5,5100.0,36,0,0.365,0,0
A01875,CU01370,2022-04-10,44,16000.0,Salaried,Mortgage,South,12,7700.0,60,1,0.634,0,0
A02931,CU02148,2022-04-10,48,27800.0,Salaried,Mortgage,South,17,12600.0,24,0,0.578,0,0
A02751,CU02017,2022-04-10,36,20200.0,Salaried,Mortgage,South,3,16400.0,12,2,1.088,0,0
A02383,CU01739,2022-04-11,65,22700.0,Salaried,Rent,East,10,9700.0,12,1,0.768,1,1
A02696,CU01974,2022-04-11,45,27800.0,Salaried,Mortgage,South,4,8700.0,12,0,0.55,0,0
A02173,CU01591,2022-04-12,48,45500.0,Self-employed,Rent,South,1,40000.0,24,0,1.075,0,0
A02067,CU01512,2022-04-12,32,35000.0,Self-employed,Mortgage,South,8,11400.0,36,0,0.458,0,0
A00291,CU00216,2022-04-13,45,19700.0,Self-employed,Rent,North,5,12700.0,60,0,0.864,0,0
A01074,CU00797,2022-04-13,53,32200.0,Salaried,Mortgage,North,11,19700.0,60,0,0.954,0,0
A02525,CU01839,2022-04-13,24,43500.0,Salaried,Mortgage,North,11,22400.0,12,0,0.748,0,0
A02113,CU01547,2022-04-14,56,6700.0,Salaried,Rent,West,11,3500.0,24,0,0.638,0,0
A02527,CU01840,2022-04-14,29,39400.0,Public sector,Rent,South,4,26700.0,24,0,0.945,0,0
A01231,CU00900,2022-04-15,41,12600.0,Salaried,Rent,North,6,8100.0,36,0,0.879,0,0
A02989,CU02190,2022-04-16,39,41600.0,Salaried,Mortgage,South,4,24700.0,24,0,0.764,0,0
A02288,CU01677,2022-04-16,35,24400.0,Salaried,Rent,South,13,10300.0,60,2,0.747,0,0
A01726,CU01262,2022-04-17,39,35400.0,Salaried,Mortgage,West,8,12800.0,24,0,0.493,0,0
A00881,CU00639,2022-04-17,51,40800.0,Salaried,Rent,West,8,28600.0,36,1,0.911,0,0
A02214,CU01617,2022-04-17,46,82100.0,Unemployed,Rent,West,7,17300.0,24,0,0.401,0,0
A01492,CU01086,2022-04-18,68,11200.0,Public sector,Own,North,0,5500.0,24,1,0.917,1,1
A01428,CU01039,2022-04-19,41,34200.0,Self-employed,Rent,North,8,29300.0,24,2,1.094,1,1
A00070,CU00055,2022-04-20,33,52900.0,Self-employed,Own,South,8,23500.0,12,0,0.587,0,0
A00302,CU00223,2022-04-22,49,40500.0,Salaried,Own,North,0,8600.0,24,0,0.483,0,0
A01702,CU01243,2022-04-22,46,35100.0,Self-employed,Mortgage,South,13,5900.0,60,0,0.499,0,0
A02904,CU02126,2022-04-23,30,47800.0,Salaried,Rent,North,7,5200.0,12,0,0.118,0,0
A00580,CU00422,2022-04-23,32,41300.0,Public sector,Mortgage,West,5,32200.0,12,2,0.962,1,1
A00457,CU00335,2022-04-23,58,68700.0,Unemployed,Rent,East,11,30000.0,24,0,0.79,0,0
A02841,CU02080,2022-04-23,43,22800.0,Salaried,Mortgage,East,11,4600.0,24,0,0.395,0,0
A01548,CU01129,2022-04-23,30,73600.0,Public sector,Rent,South,4,61200.0,12,1,1.183,0,0
A00404,CU00298,2022-04-23,44,23800.0,Salaried,Own,West,8,17500.0,36,3,0.816,0,0
A00218,CU00159,2022-04-25,35,36100.0,Self-employed,Own,West,13,13900.0,36,0,0.487,0,0
A02561,CU01864,2022-04-25,39,35100.0,Salaried,Rent,East,5,15100.0,24,0,0.578,1,1
A02526,CU01839,2022-04-25,24,43500.0,Salaried,Mortgage,North,11,18300.0,36,1,0.623,0,0
A02645,CU01932,2022-04-25,63,16600.0,Salaried,Rent,South,6,2700.0,12,0,0.302,1,1
A02798,CU02054,2022-04-26,49,42100.0,Self-employed,Rent,North,8,25700.0,36,0,0.672,0,0
A01906,CU01391,2022-04-26,29,86900.0,Salaried,Rent,West,10,56300.0,24,0,0.949,0,0
A01897,CU01384,2022-04-26,59,18300.0,Salaried,Own,North,13,14400.0,36,3,0.967,0,0
A02111,CU01546,2022-04-27,45,30000.0,Self-employed,Own,West,7,5200.0,60,0,0.416,0,0
A02969,CU02176,2022-04-27,50,25300.0,Self-employed,Rent,South,6,2800.0,24,0,0.48,0,0
A00322,CU00236,2022-04-27,58,42700.0,Self-employed,Rent,East,3,21700.0,24,0,0.753,1,1
A01378,CU01005,2022-04-28,44,44900.0,Public sector,Own,West,6,25700.0,12,2,0.724,1,1
A02596,CU01892,2022-04-28,60,53500.0,Salaried,Own,South,6,11600.0,24,1,0.439,0,0
A01269,CU00923,2022-04-28,27,17300.0,Salaried,Rent,East,11,11100.0,12,1,0.92,0,0
A02013,CU01473,2022-04-28,27,20100.0,Salaried,Mortgage,West,16,9700.0,12,0,0.77,0,0
A01848,CU01351,2022-04-28,40,41500.0,Salaried,Own,North,13,26900.0,36,1,0.908,0,0
A00800,CU00571,2022-04-28,24,65100.0,Salaried,Rent,North,10,52800.0,36,3,0.937,1,1
A02591,CU01888,2022-04-29,36,51300.0,Salaried,Rent,West,12,5800.0,24,1,0.442,0,0
A01826,CU01334,2022-04-29,42,29500.0,Salaried,Own,East,6,12100.0,60,0,0.75,0,0
A00845,CU00608,2022-04-29,48,30900.0,Self-employed,Mortgage,West,7,18600.0,24,0,0.677,0,0
A00561,CU00407,2022-04-30,38,49500.0,Salaried,Rent,North,10,10200.0,36,2,0.45,0,0
A02305,CU01688,2022-04-30,42,121400.0,Salaried,Mortgage,South,8,29700.0,36,2,0.461,0,0
A00236,CU00174,2022-05-01,50,50600.0,Salaried,Rent,East,14,35800.0,36,1,0.732,0,0
A01038,CU00768,2022-05-01,31,81400.0,Salaried,Mortgage,West,1,53500.0,24,1,0.657,0,0
A01790,CU01310,2022-05-01,38,67800.0,Public sector,Mortgage,East,4,23500.0,12,0,0.528,0,0
A00724,CU00521,2022-05-02,51,26100.0,Salaried,Rent,West,11,12400.0,60,0,0.602,0,0
A02328,CU01703,2022-05-02,21,45400.0,Salaried,Rent,East,9,15500.0,60,1,0.439,0,0
A01800,CU01317,2022-05-02,42,61400.0,Salaried,Mortgage,South,0,34200.0,60,0,0.692,0,0
A00402,CU00296,2022-05-03,55,43200.0,Public sector,Rent,East,7,20600.0,12,0,0.767,0,0
A01519,CU01106,2022-05-03,24,35900.0,Unemployed,Mortgage,East,12,15100.0,12,2,0.587,0,0
A01207,CU00883,2022-05-03,26,55500.0,Self-employed,Own,North,14,37500.0,12,0,0.823,0,0
A02235,CU01635,2022-05-03,54,66500.0,Unemployed,Rent,North,6,10600.0,12,0,0.194,0,1
A00883,CU00640,2022-05-03,41,24400.0,Salaried,Mortgage,East,11,6200.0,36,0,0.373,0,0
A02674,CU01954,2022-05-03,50,44600.0,Salaried,Rent,South,15,18500.0,24,0,0.629,0,0
A01117,CU00828,2022-05-03,56,50400.0,Public sector,Rent,West,11,15400.0,36,1,0.533,0,0
A02304,CU01687,2022-05-04,45,34400.0,Self-employed,Rent,East,9,26000.0,36,0,1.085,1,1
A01657,CU01208,2022-05-04,59,32800.0,Unemployed,Mortgage,South,0,5200.0,36,0,0.5,0,0
A01668,CU01214,2022-05-05,23,37400.0,Salaried,Rent,North,8,28800.0,36,0,0.917,0,0
A02307,CU01688,2022-05-05,42,121400.0,Salaried,Mortgage,South,8,25200.0,12,1,0.392,0,0
A01420,CU01035,2022-05-05,44,40600.0,Salaried,Rent,South,3,30700.0,60,0,0.849,0,0
A01101,CU00818,2022-05-05,57,27800.0,Salaried,Rent,East,5,13300.0,36,0,0.649,0,0
A00055,CU00042,2022-05-05,30,50800.0,Salaried,Rent,South,10,44700.0,60,0,1.02,0,0
A00683,CU00496,2022-05-05,38,30300.0,Public sector,Own,South,8,24400.0,12,0,1.057,0,0
A00803,CU00572,2022-05-06,30,18200.0,Salaried,Rent,East,2,3800.0,60,0,0.349,1,1
A02484,CU01808,2022-05-07,44,63700.0,Salaried,Rent,West,4,30500.0,24,1,0.686,0,0
A01458,CU01062,2022-05-08,53,25100.0,Salaried,Mortgage,West,4,9900.0,24,0,0.793,0,0
A01585,CU01152,2022-05-08,41,29500.0,Salaried,Rent,West,9,16000.0,60,0,0.845,0,0
A00176,CU00121,2022-05-08,38,58200.0,Salaried,Rent,North,9,13900.0,36,2,0.422,0,0
A01689,CU01233,2022-05-08,44,57400.0,Salaried,Own,South,10,31200.0,12,1,0.713,0,0
A01538,CU01122,2022-05-08,40,65800.0,Self-employed,Mortgage,North,10,46800.0,12,0,0.976,0,0
A01287,CU00939,2022-05-10,25,21400.0,Salaried,Mortgage,South,11,5200.0,24,0,0.324,0,0
A02961,CU02171,2022-05-11,51,47700.0,Unemployed,Mortgage,North,5,16100.0,24,1,0.694,1,1
A02413,CU01759,2022-05-11,26,47200.0,Public sector,Rent,East,11,36700.0,12,5,1.064,1,1
A01949,CU01426,2022-05-11,25,35500.0,Salaried,Rent,West,11,4400.0,36,1,0.308,0,0
A00166,CU00116,2022-05-11,46,15000.0,Public sector,Rent,East,16,7100.0,24,0,0.533,0,0
A01037,CU00768,2022-05-12,31,81400.0,Salaried,Mortgage,West,1,61500.0,12,0,0.9,0,0
A02952,CU02162,2022-05-12,37,31700.0,Self-employed,Rent,South,4,6700.0,36,0,0.477,0,0
A00354,CU00258,2022-05-13,51,37400.0,Self-employed,Own,West,3,19500.0,60,1,0.936,0,0
A00956,CU00703,2022-05-13,31,19700.0,Salaried,Own,South,0,17000.0,36,1,1.051,0,0
A00793,CU00564,2022-05-14,37,18500.0,Salaried,Mortgage,North,4,13500.0,12,0,0.993,1,1
A02356,CU01723,2022-05-14,33,33200.0,Salaried,Rent,West,7,16000.0,60,1,0.709,1,1
A00419,CU00309,2022-05-14,32,26600.0,Salaried,Rent,South,4,7000.0,36,0,0.335,0,0
A01299,CU00948,2022-05-15,31,68100.0,Salaried,Mortgage,South,5,58400.0,12,0,0.946,0,0
A02609,CU01905,2022-05-15,47,26500.0,Salaried,Mortgage,North,14,9600.0,60,0,0.687,0,0
A02823,CU02068,2022-05-15,40,22000.0,Salaried,Rent,South,14,6600.0,36,0,0.464,0,0
A00600,CU00435,2022-05-16,48,32600.0,Salaried,Own,South,6,15200.0,12,0,0.646,0,0
A01466,CU01067,2022-05-16,48,29700.0,Salaried,Mortgage,South,4,20900.0,60,0,0.952,0,0
A00049,CU00037,2022-05-16,40,27400.0,Salaried,Mortgage,South,19,18300.0,24,0,0.922,0,0
A00889,CU00646,2022-05-17,44,37600.0,Self-employed,Rent,North,8,22900.0,24,0,0.897,1,1
A00647,CU00470,2022-05-17,29,45500.0,Unemployed,Rent,South,12,31500.0,60,0,0.947,0,0
A01165,CU00855,2022-05-17,42,94400.0,Salaried,Mortgage,East,9,84500.0,24,1,1.245,0,0
A00702,CU00509,2022-05-17,40,72600.0,Public sector,Rent,West,0,46100.0,36,1,0.846,0,0
A02429,CU01771,2022-05-18,23,22600.0,Self-employed,Own,West,12,5700.0,60,1,0.408,0,0
A00196,CU00139,2022-05-18,52,30800.0,Self-employed,Rent,North,13,12500.0,60,1,0.599,0,0
A02487,CU01810,2022-05-18,37,39000.0,Public sector,Rent,South,1,6300.0,60,0,0.364,0,0
A00696,CU00504,2022-05-18,31,62100.0,Self-employed,Rent,South,14,14800.0,12,0,0.36,0,0
A02793,CU02049,2022-05-20,51,78100.0,Salaried,Rent,East,15,50800.0,12,0,0.948,1,1
A01398,CU01019,2022-05-20,27,24800.0,Salaried,Rent,South,2,12200.0,12,1,0.654,1,1
A02442,CU01782,2022-05-20,53,61700.0,Salaried,Rent,West,6,48600.0,24,1,0.961,0,0
A02185,CU01597,2022-05-23,50,41600.0,Salaried,Mortgage,West,0,16900.0,36,0,0.538,0,0
A02298,CU01683,2022-05-23,49,22300.0,Public sector,Mortgage,East,6,18300.0,12,0,0.929,0,0
A01680,CU01226,2022-05-24,40,53700.0,Salaried,Own,North,3,19200.0,36,0,0.564,0,0
A00003,CU00002,2022-05-24,49,68600.0,Salaried,Own,South,12,55300.0,12,0,1.104,0,0
A02704,CU01982,2022-05-24,60,27000.0,Salaried,Own,West,7,7100.0,24,1,0.357,0,0
A01205,CU00883,2022-05-24,26,55500.0,Self-employed,Own,North,14,6100.0,36,1,0.271,0,0
A00355,CU00259,2022-05-25,49,75200.0,Salaried,Mortgage,East,0,44200.0,24,0,0.792,0,0
A01223,CU00893,2022-05-25,22,45000.0,Salaried,Own,South,0,9900.0,24,2,0.408,1,1
A02348,CU01718,2022-05-25,39,43600.0,Salaried,Own,South,3,30500.0,36,0,0.864,0,0
A00095,CU00071,2022-05-25,41,27300.0,Public sector,Own,West,2,5400.0,12,0,0.515,0,0
A02980,CU02183,2022-05-25,58,61600.0,Salaried,Rent,West,9,10900.0,12,1,0.3,0,0
A00967,CU00711,2022-05-25,37,9800.0,Public sector,Rent,West,5,7500.0,12,0,0.986,0,0
A00305,CU00224,2022-05-25,21,27600.0,Public sector,Rent,East,8,23400.0,60,4,1.081,0,0
A02404,CU01752,2022-05-26,24,62700.0,Public sector,Own,North,6,8300.0,24,1,0.39,0,0
A00705,CU00511,2022-05-26,45,52800.0,Salaried,Own,North,0,22600.0,36,0,0.688,0,0
A00951,CU00699,2022-05-26,46,28800.0,Self-employed,Mortgage,South,4,13800.0,36,2,0.551,1,1
A02742,CU02011,2022-05-26,51,64400.0,Public sector,Own,North,7,40900.0,36,3,0.847,0,0
A00374,CU00275,2022-05-28,49,57600.0,Unemployed,Rent,East,8,51700.0,36,3,1.067,1,1
A02438,CU01780,2022-05-28,33,53000.0,Salaried,Mortgage,East,5,18200.0,60,1,0.629,0,0
A00551,CU00398,2022-05-28,42,41200.0,Public sector,Rent,South,8,14600.0,36,1,0.599,0,0
A00623,CU00452,2022-05-28,33,37100.0,Public sector,Rent,North,12,29800.0,36,4,0.985,0,1
A02388,CU01742,2022-05-28,41,38100.0,Salaried,Rent,West,0,14700.0,60,0,0.457,1,1
A00421,CU00310,2022-05-28,38,12600.0,Salaried,Rent,East,7,6500.0,24,0,0.839,0,0
A00801,CU00572,2022-05-28,30,18200.0,Salaried,Rent,East,2,7200.0,12,3,0.649,0,0
A02240,CU01639,2022-05-29,34,18200.0,Public sector,Own,West,3,12900.0,24,1,0.856,0,0
A02289,CU01678,2022-05-29,58,48400.0,Public sector,Rent,East,0,34600.0,36,0,0.823,0,0
A02528,CU01840,2022-05-29,29,39400.0,Public sector,Rent,South,4,21500.0,36,1,0.795,0,0
A01782,CU01304,2022-05-31,40,24800.0,Unemployed,Mortgage,North,10,13300.0,24,0,0.871,0,0
A00134,CU00092,2022-05-31,29,41700.0,Self-employed,Rent,North,14,34000.0,12,0,0.875,0,0
A01676,CU01222,2022-05-31,25,28900.0,Salaried,Rent,South,16,21900.0,60,1,0.88,0,0
A02394,CU01745,2022-05-31,29,17800.0,Salaried,Rent,South,3,14900.0,24,1,0.99,1,1
A02312,CU01691,2022-05-31,49,34100.0,Salaried,Mortgage,West,8,20800.0,24,0,0.786,0,0
A01175,CU00861,2022-05-31,52,39800.0,Self-employed,Rent,West,6,12600.0,24,0,0.423,0,0
A01929,CU01410,2022-05-31,21,33200.0,Public sector,Rent,East,7,16500.0,60,1,0.935,0,0
A00767,CU00546,2022-06-01,30,91100.0,Salaried,Own,East,9,77100.0,36,0,1.1,1,1
A01112,CU00825,2022-06-01,50,33900.0,Salaried,Mortgage,West,5,11600.0,60,1,0.607,0,0
A00106,CU00076,2022-06-01,48,21800.0,Salaried,Rent,West,10,4200.0,24,1,0.478,0,0
A02648,CU01935,2022-06-01,39,29200.0,Salaried,Rent,West,7,13800.0,12,1,0.753,1,1
A01390,CU01013,2022-06-02,32,33600.0,Public sector,Own,North,7,28800.0,24,1,1.17,1,1
A02846,CU02084,2022-06-02,39,15700.0,Self-employed,Mortgage,North,0,8800.0,60,0,0.805,0,0
A02832,CU02075,2022-06-02,39,53400.0,Self-employed,Rent,East,2,24400.0,60,0,0.637,0,0
A01933,CU01414,2022-06-02,41,35200.0,Self-employed,Mortgage,South,3,17700.0,12,1,0.7,1,1
A01123,CU00831,2022-06-04,44,24800.0,Salaried,Own,South,0,21100.0,12,1,0.973,0,0
A01434,CU01042,2022-06-04,48,18800.0,Salaried,Mortgage,East,4,3800.0,12,1,0.399,0,0
A02710,CU01985,2022-06-04,40,22200.0,Salaried,Rent,North,11,3600.0,24,2,0.293,0,0
A02909,CU02131,2022-06-04,38,15900.0,Salaried,Mortgage,West,0,11600.0,24,1,0.864,0,0
A01625,CU01186,2022-06-04,62,29600.0,Public sector,Mortgage,South,2,18300.0,12,0,0.941,0,0
A01602,CU01166,2022-06-04,45,57400.0,Salaried,Mortgage,East,12,6600.0,36,2,0.373,0,0
A01139,CU00839,2022-06-05,27,16300.0,Unemployed,Rent,East,3,5800.0,12,1,0.522,1,1
A02239,CU01638,2022-06-05,55,12900.0,Salaried,Mortgage,West,12,7300.0,60,1,0.782,0,0
A00087,CU00065,2022-06-06,42,47900.0,Salaried,Own,East,13,9800.0,12,0,0.602,0,0
A00794,CU00565,2022-06-06,38,73200.0,Salaried,Rent,East,14,60200.0,24,1,1.089,0,0
A01240,CU00905,2022-06-06,38,15800.0,Salaried,Mortgage,North,21,6200.0,12,2,0.607,0,0
A02439,CU01781,2022-06-07,48,41300.0,Salaried,Mortgage,West,12,24100.0,60,0,0.723,0,0
A00137,CU00095,2022-06-07,49,38700.0,Salaried,Own,North,1,15500.0,60,0,0.691,0,0
A00662,CU00478,2022-06-08,35,48700.0,Salaried,Own,West,13,24900.0,12,3,0.626,0,0
A00071,CU00056,2022-06-08,24,14200.0,Salaried,Rent,South,7,10700.0,60,0,0.947,0,0
A00639,CU00463,2022-06-08,67,59400.0,Unemployed,Rent,South,11,52700.0,24,2,1.069,1,1
A01597,CU01161,2022-06-09,45,14800.0,Self-employed,Rent,South,10,4400.0,12,0,0.42,0,0
A01694,CU01238,2022-06-09,33,19200.0,Self-employed,Own,East,9,14400.0,60,0,0.892,0,0
A00405,CU00299,2022-06-09,47,54200.0,Salaried,Rent,South,5,19100.0,24,2,0.507,0,0
A00523,CU00383,2022-06-09,45,46100.0,Salaried,Mortgage,South,9,6500.0,24,1,0.207,0,0
A00069,CU00054,2022-06-10,49,28700.0,Self-employed,Own,East,5,12900.0,60,1,0.675,0,0
A01464,CU01065,2022-06-10,45,31300.0,Salaried,Rent,East,2,10600.0,12,0,0.499,0,0
A00882,CU00640,2022-06-11,41,24400.0,Salaried,Mortgage,East,11,7100.0,36,1,0.506,0,0
A01910,CU01395,2022-06-11,26,14100.0,Salaried,Rent,East,19,6700.0,60,2,0.729,0,0
A02367,CU01730,2022-06-11,31,37500.0,Salaried,Rent,South,9,21000.0,12,1,0.807,0,0
A01823,CU01331,2022-06-11,57,17500.0,Salaried,Rent,West,6,14700.0,24,0,0.909,0,0
A01838,CU01342,2022-06-11,47,35200.0,Public sector,Rent,North,4,21300.0,60,1,0.784,0,0
A02547,CU01852,2022-06-11,29,45900.0,Salaried,Rent,South,9,32100.0,12,0,0.973,0,0
A01218,CU00890,2022-06-12,40,42300.0,Salaried,Mortgage,West,11,21800.0,36,0,0.776,0,0
A02646,CU01933,2022-06-12,38,97200.0,Salaried,Rent,South,5,46700.0,24,3,0.61,0,0
A00655,CU00474,2022-06-12,37,47300.0,Public sector,Rent,South,7,39600.0,12,0,1.003,0,0
A01863,CU01362,2022-06-13,53,69100.0,Public sector,Rent,South,9,58100.0,24,0,1.117,0,0
A00182,CU00127,2022-06-13,55,31900.0,Unemployed,Own,West,2,21500.0,60,2,0.837,1,1
A02250,CU01646,2022-06-13,41,10000.0,Public sector,Own,South,6,5800.0,36,1,0.97,1,1
A01696,CU01239,2022-06-13,43,26600.0,Public sector,Mortgage,East,17,8200.0,60,1,0.511,0,0
A00859,CU00619,2022-06-14,52,20200.0,Salaried,Rent,East,4,4500.0,12,0,0.57,0,0
A02694,CU01972,2022-06-14,59,37000.0,Public sector,Rent,West,16,12300.0,12,1,0.579,0,0
A02936,CU02151,2022-06-15,49,33200.0,Salaried,Mortgage,West,6,17600.0,60,0,0.542,0,0
A00795,CU00566,2022-06-15,49,49100.0,Salaried,Own,North,15,34100.0,36,1,0.91,0,0
A01925,CU01408,2022-06-15,53,16900.0,Salaried,Mortgage,South,17,4900.0,60,0,0.517,0,0
A01294,CU00944,2022-06-16,57,22100.0,Self-employed,Mortgage,West,4,9400.0,24,0,0.725,0,0
A02890,CU02115,2022-06-16,48,39900.0,Salaried,Mortgage,East,9,29500.0,36,2,0.96,0,1
A02135,CU01563,2022-06-17,36,25200.0,Self-employed,Mortgage,West,11,8700.0,36,3,0.671,0,0
A00138,CU00095,2022-06-17,49,38700.0,Salaried,Own,North,1,12200.0,60,0,0.559,0,0
A00332,CU00242,2022-06-18,41,20200.0,Self-employed,Rent,East,0,6900.0,60,3,0.45,0,0
A01053,CU00781,2022-06-18,30,37300.0,Salaried,Rent,North,5,26300.0,12,1,0.855,0,0
A02872,CU02106,2022-06-18,51,27200.0,Public sector,Own,South,7,12500.0,36,0,0.702,0,0
A02259,CU01655,2022-06-19,49,57100.0,Salaried,Own,North,11,42500.0,60,1,1.019,0,0
A02709,CU01984,2022-06-19,51,13700.0,Salaried,Rent,South,8,3100.0,12,0,0.384,0,0
A02084,CU01526,2022-06-19,54,39400.0,Public sector,Rent,North,4,25100.0,12,1,1.021,0,0
A02446,CU01785,2022-06-19,40,44800.0,Self-employed,Mortgage,West,9,15300.0,60,0,0.518,0,0
A00370,CU00271,2022-06-20,34,26100.0,Salaried,Rent,South,11,4800.0,24,1,0.119,0,0
A02947,CU02158,2022-06-20,32,43700.0,Public sector,Own,West,11,21700.0,60,1,0.561,0,0
A01843,CU01347,2022-06-20,40,40500.0,Unemployed,Mortgage,South,7,7700.0,36,0,0.34,0,0
A00125,CU00088,2022-06-20,37,36700.0,Salaried,Rent,West,7,4900.0,36,1,0.259,0,0
A00966,CU00711,2022-06-22,37,9800.0,Public sector,Rent,West,5,4700.0,12,1,0.739,0,0
A00258,CU00190,2022-06-22,44,31000.0,Self-employed,Mortgage,West,3,10700.0,60,0,0.571,0,0
A00326,CU00238,2022-06-23,25,31800.0,Public sector,Rent,East,13,21300.0,12,1,0.903,0,0
A01841,CU01345,2022-06-23,46,27500.0,Salaried,Mortgage,West,9,19100.0,12,0,0.797,0,0
A02589,CU01886,2022-06-23,58,38500.0,Self-employed,Rent,West,5,26900.0,24,1,0.835,0,0
A00247,CU00183,2022-06-24,41,46100.0,Self-employed,Own,West,12,32500.0,24,0,0.916,0,0
A01033,CU00764,2022-06-24,50,22100.0,Salaried,Mortgage,South,23,9000.0,60,2,0.521,0,0
A00241,CU00177,2022-06-26,46,29100.0,Salaried,Rent,South,12,9500.0,60,0,0.577,0,0
A02800,CU02054,2022-06-26,49,42100.0,Self-employed,Rent,North,8,35900.0,60,1,0.985,0,0
A01721,CU01259,2022-06-27,53,29300.0,Self-employed,Rent,South,11,8400.0,36,0,0.399,0,0
A02062,CU01510,2022-06-28,36,22000.0,Salaried,Rent,South,11,11500.0,36,0,0.729,0,0
A02268,CU01660,2022-06-28,55,44100.0,Self-employed,Own,South,15,15700.0,12,1,0.546,0,0
A01131,CU00835,2022-06-28,53,16000.0,Salaried,Mortgage,South,3,7000.0,36,4,0.73,1,1
A02449,CU01788,2022-06-29,22,17700.0,Self-employed,Own,North,7,7600.0,24,1,0.654,1,1
A01128,CU00834,2022-06-29,51,51900.0,Salaried,Rent,West,9,27600.0,24,0,0.631,1,1
A01174,CU00861,2022-06-29,52,39800.0,Self-employed,Rent,West,6,30300.0,24,0,1.038,0,0
A00114,CU00080,2022-06-29,35,11000.0,Self-employed,Rent,North,1,8000.0,12,0,0.929,0,0
A01786,CU01306,2022-06-30,25,57800.0,Salaried,Mortgage,South,9,20100.0,36,1,0.566,0,0
A01977,CU01448,2022-06-30,24,40300.0,Salaried,Own,North,7,26500.0,12,0,0.873,0,0
A02492,CU01814,2022-07-01,29,26400.0,Salaried,Mortgage,South,6,9200.0,12,1,0.544,0,0
A00078,CU00059,2022-07-01,46,39800.0,Public sector,Own,North,5,20300.0,36,2,0.648,1,1
A02381,CU01738,2022-07-02,57,45900.0,Salaried,Rent,South,9,18800.0,60,0,0.685,0,0
A00896,CU00652,2022-07-03,34,35700.0,Salaried,Mortgage,South,12,13900.0,60,1,0.551,1,1
A01883,CU01376,2022-07-03,30,33500.0,Public sector,Rent,East,15,28400.0,12,3,1.026,0,0
A00609,CU00443,2022-07-03,42,25600.0,Salaried,Own,South,16,10400.0,24,2,0.589,0,0
A01491,CU01085,2022-07-03,21,34800.0,Salaried,Mortgage,West,12,23000.0,24,0,0.853,0,0
A01119,CU00828,2022-07-04,56,50400.0,Public sector,Rent,West,11,24200.0,24,0,0.692,0,0
A00861,CU00621,2022-07-04,35,55100.0,Self-employed,Mortgage,West,6,8400.0,60,1,0.351,0,0
A00346,CU00252,2022-07-06,49,25700.0,Public sector,Rent,North,18,12100.0,24,2,0.679,0,0
A00152,CU00106,2022-07-06,30,42700.0,Salaried,Rent,West,13,38000.0,12,1,1.1,0,0
A00233,CU00172,2022-07-07,58,34700.0,Salaried,Own,East,6,10200.0,24,3,0.448,0,1
A01199,CU00880,2022-07-07,52,11200.0,Public sector,Mortgage,East,12,2100.0,24,0,0.238,0,0
A02369,CU01732,2022-07-08,34,35200.0,Salaried,Mortgage,East,7,11500.0,12,0,0.596,0,0
A02583,CU01881,2022-07-08,39,38800.0,Salaried,Mortgage,West,5,31800.0,12,1,1.074,0,0
A02934,CU02151,2022-07-09,49,33200.0,Salaried,Mortgage,West,6,28500.0,12,0,1.101,0,0
A01441,CU01048,2022-07-09,43,67200.0,Self-employed,Own,West,3,35600.0,12,0,0.792,0,0
A02196,CU01604,2022-07-10,33,27500.0,Salaried,Rent,East,5,18600.0,60,2,0.799,0,0
A00949,CU00697,2022-07-10,39,52400.0,Salaried,Own,East,8,12100.0,24,1,0.415,0,0
A00331,CU00241,2022-07-10,46,41500.0,Salaried,Own,East,14,30200.0,36,1,0.738,0,0
A02146,CU01572,2022-07-10,46,17600.0,Salaried,Rent,West,10,1800.0,36,1,0.213,0,0
A01184,CU00869,2022-07-11,33,32500.0,Salaried,Rent,East,6,21100.0,12,0,0.877,0,0
A01743,CU01273,2022-07-12,55,28900.0,Salaried,Own,North,14,23500.0,60,1,1.061,0,0
A01868,CU01365,2022-07-12,49,56800.0,Salaried,Mortgage,South,13,46400.0,12,0,1.126,0,0
A00602,CU00437,2022-07-13,56,77500.0,Self-employed,Own,North,0,64800.0,12,1,1.136,0,0
A02637,CU01926,2022-07-13,29,23900.0,Salaried,Mortgage,West,2,17600.0,24,4,0.916,1,1
A00246,CU00182,2022-07-14,46,61400.0,Public sector,Mortgage,North,8,30400.0,24,0,0.609,0,0
A02053,CU01502,2022-07-14,54,41300.0,Public sector,Rent,West,6,11300.0,36,0,0.378,0,0
A02618,CU01913,2022-07-14,37,40400.0,Self-employed,Mortgage,North,4,10900.0,12,1,0.49,0,0
A02943,CU02156,2022-07-14,32,30600.0,Public sector,Rent,North,3,10500.0,12,0,0.551,0,0
A02929,CU02146,2022-07-15,45,29900.0,Public sector,Own,West,6,25100.0,24,1,0.981,0,0
A00120,CU00084,2022-07-15,39,49400.0,Public sector,Own,North,8,41400.0,24,2,1.084,1,1
A02118,CU01551,2022-07-15,40,33600.0,Salaried,Own,West,10,28400.0,60,0,1.046,0,0
A01332,CU00971,2022-07-17,56,66400.0,Salaried,Mortgage,East,12,7600.0,60,0,0.22,0,0
A02562,CU01865,2022-07-17,50,19200.0,Unemployed,Mortgage,West,10,11400.0,60,1,0.795,1,1
A01146,CU00842,2022-07-17,40,29800.0,Salaried,Rent,North,6,3900.0,12,0,0.303,0,0
A01202,CU00881,2022-07-17,44,66400.0,Salaried,Rent,South,7,56900.0,36,0,1.109,0,0
A02990,CU02190,2022-07-17,39,41600.0,Salaried,Mortgage,South,4,31600.0,60,0,0.991,0,0
A02955,CU02165,2022-07-18,48,27600.0,Salaried,Mortgage,West,1,21800.0,60,0,1.043,0,0
A02296,CU01681,2022-07-18,49,53400.0,Self-employed,Mortgage,North,8,29700.0,12,2,0.637,0,0
A00783,CU00555,2022-07-18,35,16300.0,Salaried,Mortgage,East,8,11700.0,24,2,0.809,1,1
A01276,CU00930,2022-07-19,26,35200.0,Public sector,Rent,North,1,12900.0,60,0,0.521,0,0
A01003,CU00740,2022-07-19,39,29800.0,Salaried,Rent,North,5,25100.0,60,2,1.092,1,1
A01072,CU00795,2022-07-20,47,63600.0,Salaried,Rent,South,0,38800.0,36,0,0.944,0,0
A00907,CU00661,2022-07-20,50,115400.0,Self-employed,Own,South,1,18800.0,60,1,0.367,0,0
A00279,CU00206,2022-07-21,56,14600.0,Salaried,Own,West,5,12600.0,36,0,1.093,0,0
A00638,CU00462,2022-07-21,45,47500.0,Salaried,Own,East,14,40100.0,12,0,0.937,0,0
A00341,CU00249,2022-07-21,53,47800.0,Salaried,Mortgage,East,11,9700.0,12,1,0.462,0,0
A00163,CU00113,2022-07-21,52,18100.0,Salaried,Own,North,6,13300.0,24,2,0.818,1,1
A00884,CU00641,2022-07-21,41,28600.0,Self-employed,Mortgage,West,4,16500.0,60,2,0.769,0,0
A01170,CU00858,2022-07-21,34,48000.0,Self-employed,Own,West,4,13000.0,36,0,0.466,1,1
A01391,CU01014,2022-07-21,33,35100.0,Self-employed,Own,East,13,28700.0,24,1,0.984,0,0
A00509,CU00371,2022-07-22,37,16600.0,Public sector,Mortgage,West,5,5900.0,60,0,0.393,0,0
A01616,CU01179,2022-07-22,27,20800.0,Public sector,Rent,West,11,15300.0,36,0,1.052,0,0
A00156,CU00109,2022-07-22,25,13100.0,Salaried,Rent,West,11,9200.0,60,0,0.981,0,0
A00399,CU00294,2022-07-22,34,54600.0,Public sector,Mortgage,South,11,19300.0,24,3,0.605,0,0
A01010,CU00745,2022-07-22,56,57100.0,Salaried,Own,South,4,13800.0,12,2,0.359,0,0
A02272,CU01664,2022-07-23,49,38200.0,Salaried,Mortgage,North,4,21400.0,12,0,0.744,0,0
A01516,CU01105,2022-07-23,31,28500.0,Salaried,Own,West,15,15900.0,24,1,0.637,0,0
A02059,CU01507,2022-07-23,46,14400.0,Salaried,Rent,West,10,9000.0,36,1,0.78,0,0
A00063,CU00050,2022-07-24,42,26500.0,Salaried,Rent,West,7,20800.0,12,0,1.046,0,0
A00825,CU00589,2022-07-25,35,33500.0,Salaried,Own,North,10,14700.0,12,0,0.731,0,0
A02750,CU02016,2022-07-25,25,27500.0,Self-employed,Rent,North,18,10500.0,60,1,0.603,0,0
A02916,CU02136,2022-07-25,26,75200.0,Salaried,Own,South,12,36400.0,36,3,0.824,0,0
A01451,CU01056,2022-07-26,42,42000.0,Unemployed,Rent,South,1,19800.0,36,0,0.605,0,0
A00739,CU00531,2022-07-26,56,19300.0,Public sector,Rent,North,11,16000.0,60,0,1.263,0,0
A02557,CU01860,2022-07-27,53,28600.0,Self-employed,Own,North,6,4200.0,60,1,0.293,0,0
A00505,CU00369,2022-07-27,38,39800.0,Self-employed,Rent,East,3,21200.0,24,1,0.64,0,0
A00968,CU00712,2022-07-27,50,24100.0,Self-employed,Rent,East,9,14200.0,24,2,0.871,0,0
A01759,CU01284,2022-07-27,37,59000.0,Salaried,Mortgage,South,8,23600.0,24,1,0.655,1,1
A02441,CU01781,2022-07-27,48,41300.0,Salaried,Mortgage,West,12,18500.0,36,2,0.492,0,0
A02692,CU01970,2022-07-27,33,60300.0,Unemployed,Rent,North,2,22700.0,36,0,0.704,0,0
A00175,CU00120,2022-07-28,44,35600.0,Public sector,Own,South,10,3800.0,12,1,0.251,0,0
A00834,CU00597,2022-07-28,50,44700.0,Public sector,Rent,West,14,17500.0,36,0,0.635,0,0
A00776,CU00551,2022-07-29,44,38000.0,Salaried,Own,West,7,6500.0,60,1,0.35,0,0
A00980,CU00723,2022-07-29,46,21900.0,Public sector,Own,West,10,10900.0,36,0,0.78,0,0
A02476,CU01803,2022-07-30,48,68300.0,Salaried,Own,East,6,33400.0,24,1,0.767,0,0
A01576,CU01148,2022-07-31,44,58000.0,Public sector,Mortgage,South,11,12300.0,60,1,0.482,0,0
A02473,CU01802,2022-07-31,40,72800.0,Salaried,Mortgage,East,13,56500.0,60,1,0.94,1,1
A00222,CU00163,2022-08-01,54,55400.0,Salaried,Rent,North,19,43000.0,36,0,1.032,0,0
A02219,CU01621,2022-08-01,21,58300.0,Salaried,Rent,North,3,13000.0,24,6,0.46,1,1
A01234,CU00901,2022-08-01,47,30000.0,Public sector,Own,South,5,26400.0,12,0,1.135,0,0
A02167,CU01587,2022-08-02,54,40700.0,Salaried,Mortgage,South,6,19300.0,36,1,0.723,1,1
A01333,CU00972,2022-08-02,32,26400.0,Salaried,Rent,North,15,8600.0,12,1,0.592,0,0
A02948,CU02159,2022-08-03,31,14700.0,Salaried,Own,South,0,11800.0,24,0,0.926,0,0
A02353,CU01721,2022-08-03,57,45200.0,Self-employed,Rent,East,2,5200.0,12,1,0.286,0,0
A01189,CU00872,2022-08-03,62,20700.0,Self-employed,Mortgage,West,8,12600.0,24,1,0.714,0,0
A01454,CU01059,2022-08-04,42,12200.0,Unemployed,Mortgage,West,14,8100.0,12,1,0.973,0,0
A00913,CU00667,2022-08-04,54,59800.0,Public sector,Rent,West,0,29700.0,60,0,0.796,0,0
A01136,CU00836,2022-08-06,28,38700.0,Salaried,Mortgage,North,13,9900.0,36,1,0.397,0,0
A01197,CU00878,2022-08-06,47,30700.0,Salaried,Mortgage,East,8,6500.0,60,0,0.381,0,0
A02254,CU01650,2022-08-06,56,55900.0,Unemployed,Mortgage,North,12,24000.0,12,1,0.668,0,0
A02058,CU01506,2022-08-06,57,24800.0,Salaried,Own,South,12,11500.0,36,1,0.726,0,0
A00113,CU00079,2022-08-06,21,20600.0,Self-employed,Mortgage,East,14,16300.0,12,3,0.952,0,0
A00389,CU00287,2022-08-06,51,46300.0,Salaried,Mortgage,East,15,22500.0,60,0,0.596,0,0
A00200,CU00143,2022-08-06,36,54800.0,Salaried,Mortgage,South,9,40600.0,36,2,0.976,1,1
A00242,CU00178,2022-08-06,56,27300.0,Self-employed,Mortgage,South,6,17700.0,36,1,0.912,0,0
A01523,CU01109,2022-08-08,54,22700.0,Salaried,Rent,South,11,14000.0,60,0,0.924,1,0
A01142,CU00840,2022-08-08,36,44300.0,Salaried,Own,East,9,31900.0,24,0,0.861,0,0
A02149,CU01574,2022-08-09,47,22700.0,Self-employed,Rent,South,12,3400.0,24,1,0.338,0,0
A00962,CU00707,2022-08-09,28,28900.0,Salaried,Rent,West,6,15200.0,24,0,0.768,0,0
A00720,CU00519,2022-08-09,64,37400.0,Public sector,Rent,North,3,32000.0,60,2,1.124,1,1
A00093,CU00070,2022-08-09,60,49500.0,Unemployed,Rent,South,11,6300.0,24,3,0.396,1,1
A02729,CU01999,2022-08-09,42,55200.0,Salaried,Own,West,9,16300.0,24,1,0.574,1,1
A02055,CU01503,2022-08-09,48,33300.0,Salaried,Rent,East,3,10900.0,24,1,0.62,0,0
A00595,CU00433,2022-08-09,30,43900.0,Salaried,Rent,North,1,24100.0,36,1,0.573,0,0
A00876,CU00635,2022-08-10,42,39900.0,Salaried,Own,West,10,7700.0,60,1,0.224,0,1
A00380,CU00280,2022-08-12,27,40900.0,Salaried,Rent,West,9,32300.0,24,0,1.018,0,0
A00577,CU00421,2022-08-12,33,15900.0,Salaried,Rent,West,9,9100.0,24,0,0.846,0,0
A00556,CU00403,2022-08-13,56,38600.0,Self-employed,Mortgage,North,13,23200.0,24,2,0.665,0,0
A00991,CU00732,2022-08-13,27,26600.0,Public sector,Rent,North,5,3200.0,12,0,0.298,0,0
A00117,CU00082,2022-08-14,34,26600.0,Salaried,Rent,West,1,3800.0,60,1,0.373,0,0
A00945,CU00693,2022-08-14,55,77700.0,Self-employed,Mortgage,East,7,15200.0,60,0,0.459,0,0
A00936,CU00687,2022-08-15,57,56500.0,Salaried,Mortgage,North,0,40700.0,36,0,1.017,0,0
A01371,CU00999,2022-08-15,52,17100.0,Salaried,Rent,East,5,2300.0,36,2,0.301,0,0
A02110,CU01545,2022-08-15,37,58400.0,Salaried,Rent,West,11,8400.0,60,0,0.296,0,0
A00607,CU00441,2022-08-16,46,21600.0,Salaried,Rent,South,2,12600.0,24,1,0.896,1,1
A00059,CU00046,2022-08-16,39,33100.0,Salaried,Mortgage,South,4,25900.0,60,0,1.063,0,0
A00363,CU00267,2022-08-16,39,71200.0,Salaried,Mortgage,East,11,32300.0,60,1,0.647,0,0
A02425,CU01769,2022-08-16,56,19100.0,Salaried,Rent,West,7,4500.0,24,0,0.611,1,1
A02855,CU02091,2022-08-17,35,18800.0,Unemployed,Rent,West,7,6300.0,60,0,0.658,0,0
A01763,CU01287,2022-08-17,39,24200.0,Salaried,Own,West,11,9800.0,60,2,0.563,0,0
A02915,CU02135,2022-08-17,29,60200.0,Salaried,Own,South,3,18800.0,12,0,0.545,0,0
A00085,CU00064,2022-08-17,46,27500.0,Salaried,Own,West,2,13900.0,24,2,0.647,0,0
A00830,CU00594,2022-08-17,40,45000.0,Salaried,Own,South,0,20100.0,24,1,0.738,1,1
A00157,CU00110,2022-08-17,49,20000.0,Salaried,Own,North,4,17900.0,36,2,1.163,1,1
A02643,CU01930,2022-08-17,42,54700.0,Salaried,Rent,West,9,19200.0,36,0,0.508,0,0
A03006,CU02199,2022-08-18,57,38000.0,Salaried,Mortgage,East,11,14000.0,24,2,0.678,0,0
A01469,CU01070,2022-08-18,44,38800.0,Salaried,Own,East,7,22400.0,12,1,0.664,0,0
A02882,CU02111,2022-08-19,41,18600.0,Self-employed,Mortgage,East,3,7300.0,12,0,0.541,0,0
A02781,CU02039,2022-08-19,37,27600.0,Salaried,Rent,East,10,4000.0,60,0,0.257,0,0
A01944,CU01421,2022-08-19,45,75700.0,Public sector,Rent,West,16,37000.0,12,0,0.628,0,0
A02139,CU01565,2022-08-20,39,42600.0,Public sector,Rent,West,3,10200.0,36,0,0.373,0,0
A00423,CU00312,2022-08-20,67,11200.0,Unemployed,Mortgage,East,4,7200.0,60,0,0.896,1,1
A01972,CU01444,2022-08-20,36,30100.0,Salaried,Own,East,3,15200.0,12,1,0.544,0,0
A00500,CU00365,2022-08-20,43,18200.0,Self-employed,Own,South,10,15800.0,24,1,1.023,0,0
A02472,CU01802,2022-08-21,40,72800.0,Salaried,Mortgage,East,13,10600.0,12,1,0.476,0,0
A01815,CU01328,2022-08-21,37,51100.0,Salaried,Own,North,0,10100.0,24,2,0.389,0,0
A01832,CU01338,2022-08-21,34,30700.0,Salaried,Mortgage,North,10,15700.0,24,1,0.593,0,0
A01900,CU01385,2022-08-21,60,42700.0,Public sector,Own,North,0,6300.0,36,2,0.397,0,0
A01423,CU01036,2022-08-22,45,55600.0,Self-employed,Mortgage,North,10,39000.0,36,1,0.947,0,0
A01698,CU01241,2022-08-22,34,45500.0,Salaried,Rent,North,12,34100.0,24,1,1.052,0,0
A00835,CU00598,2022-08-22,35,15500.0,Unemployed,Mortgage,West,5,2900.0,12,0,0.376,0,0
A00589,CU00429,2022-08-23,58,31200.0,Public sector,Rent,North,3,20000.0,36,2,0.717,0,0
A00198,CU00141,2022-08-24,37,59100.0,Public sector,Rent,East,12,19200.0,60,1,0.58,1,1
A01097,CU00814,2022-08-24,48,27600.0,Self-employed,Rent,North,4,9900.0,12,1,0.51,0,0
A02326,CU01701,2022-08-24,42,47800.0,Salaried,Own,East,4,31500.0,24,0,0.88,0,0
A02789,CU02045,2022-08-26,34,20300.0,Public sector,Rent,East,21,2600.0,36,1,0.252,0,0
A00464,CU00341,2022-08-26,35,30100.0,Self-employed,Rent,South,11,5100.0,12,0,0.313,0,0
A02416,CU01762,2022-08-26,40,55400.0,Salaried,Rent,West,5,40900.0,12,1,0.906,1,1
A00022,CU00016,2022-08-27,60,92100.0,Public sector,Own,West,12,79900.0,24,3,1.078,1,1
A02993,CU02192,2022-08-27,38,57000.0,Salaried,Mortgage,North,15,35100.0,12,0,0.629,0,0
A01252,CU00911,2022-08-28,30,41700.0,Salaried,Mortgage,West,2,16500.0,12,0,0.653,0,0
A00429,CU00316,2022-08-29,35,13900.0,Self-employed,Mortgage,East,5,1500.0,24,0,0.348,0,0
A00367,CU00270,2022-08-29,40,17300.0,Public sector,Rent,North,6,8200.0,60,0,0.68,0,0
A01568,CU01143,2022-08-29,40,16700.0,Salaried,Rent,West,6,3000.0,60,0,0.329,0,0
A00548,CU00397,2022-08-29,55,43400.0,Self-employed,Rent,North,0,35600.0,60,0,1.169,0,0
A00628,CU00454,2022-08-29,37,12900.0,Self-employed,Rent,East,3,9400.0,24,2,0.926,0,0
A01355,CU00987,2022-08-29,23,22800.0,Self-employed,Rent,West,7,10800.0,12,5,0.833,0,0
A01957,CU01432,2022-08-29,28,77300.0,Salaried,Mortgage,West,5,60000.0,24,0,0.925,0,0
A01290,CU00940,2022-08-30,28,22800.0,Self-employed,Rent,South,11,10000.0,36,0,0.796,1,1
A00077,CU00058,2022-08-30,48,84700.0,Salaried,Mortgage,North,5,33400.0,24,3,0.393,0,0
A00010,CU00007,2022-08-30,41,74100.0,Salaried,Own,East,2,19700.0,36,2,0.458,0,0
A01810,CU01325,2022-08-30,41,25200.0,Public sector,Own,East,18,17900.0,60,1,0.897,0,0
A02551,CU01856,2022-08-31,27,23200.0,Public sector,Own,North,8,10300.0,60,0,0.66,0,0
A01998,CU01464,2022-08-31,51,46000.0,Self-employed,Mortgage,North,0,21000.0,36,0,0.734,0,0
A01569,CU01144,2022-09-01,65,32800.0,Salaried,Rent,South,20,4500.0,36,1,0.388,0,0
A01834,CU01340,2022-09-02,35,15400.0,Salaried,Own,North,9,11800.0,24,0,1.03,0,0
A01382,CU01008,2022-09-02,38,37000.0,Salaried,Rent,South,6,13300.0,60,0,0.574,0,0
A02054,CU01503,2022-09-02,48,33300.0,Salaried,Rent,East,3,23400.0,36,1,0.943,0,0
A01168,CU00856,2022-09-03,51,26300.0,Public sector,Rent,South,4,10000.0,36,1,0.463,0,0
A00353,CU00257,2022-09-03,60,44700.0,Public sector,Rent,South,4,30100.0,12,0,0.778,1,0
A00453,CU00333,2022-09-04,46,33100.0,Salaried,Rent,South,6,26800.0,24,1,1.086,0,0
A02454,CU01792,2022-09-04,35,46300.0,Salaried,Rent,West,8,27500.0,24,3,0.987,0,1
A00532,CU00388,2022-09-04,33,20300.0,Public sector,Own,West,8,3400.0,36,1,0.458,0,0
A01281,CU00934,2022-09-05,34,40100.0,Self-employed,Own,South,12,30200.0,12,0,0.963,0,0
A01361,CU00991,2022-09-06,64,24900.0,Salaried,Rent,West,8,10000.0,36,0,0.538,0,0
A02506,CU01825,2022-09-06,46,61800.0,Salaried,Own,North,13,40700.0,36,0,0.74,0,0
A02728,CU01999,2022-09-06,42,55200.0,Salaried,Own,West,9,30500.0,12,1,0.847,0,0
A00458,CU00336,2022-09-07,42,37900.0,Salaried,Rent,East,4,30600.0,24,1,0.979,0,0
A00546,CU00396,2022-09-07,40,32300.0,Salaried,Mortgage,North,14,26800.0,60,1,1.057,0,0
A01328,CU00968,2022-09-07,39,26400.0,Salaried,Rent,South,2,19800.0,36,1,0.848,0,0
A00566,CU00412,2022-09-07,31,33600.0,Salaried,Rent,South,12,11900.0,12,0,0.573,0,0
A02897,CU02120,2022-09-07,48,19000.0,Salaried,Own,East,15,3400.0,60,0,0.406,0,0
A01513,CU01104,2022-09-07,21,39400.0,Self-employed,Mortgage,West,7,33300.0,36,0,1.0,0,1
A00025,CU00019,2022-09-07,50,50700.0,Salaried,Rent,East,0,30700.0,36,1,0.789,1,1
A02898,CU02120,2022-09-08,48,19000.0,Salaried,Own,East,15,12900.0,24,0,0.837,0,0
A00930,CU00682,2022-09-08,40,14400.0,Self-employed,Mortgage,North,0,10300.0,12,0,0.948,0,0
A02335,CU01709,2022-09-09,29,66600.0,Salaried,Rent,East,7,19500.0,36,1,0.369,0,0
A00400,CU00295,2022-09-09,43,56100.0,Self-employed,Mortgage,East,0,9900.0,12,1,0.425,0,0
A01606,CU01170,2022-09-09,37,35600.0,Public sector,Mortgage,South,10,26400.0,36,1,1.039,0,0
A00643,CU00466,2022-09-10,35,8600.0,Salaried,Rent,South,21,7500.0,12,1,1.154,0,0
A00007,CU00006,2022-09-11,33,8800.0,Salaried,Own,South,3,6100.0,36,0,0.801,1,1
A02256,CU01652,2022-09-11,52,38600.0,Salaried,Rent,East,9,10900.0,60,3,0.436,0,0
A02814,CU02063,2022-09-11,42,43600.0,Public sector,Own,North,15,17400.0,60,0,0.587,0,0
A00831,CU00595,2022-09-12,49,25100.0,Salaried,Own,East,2,17700.0,36,0,0.868,1,1
A02558,CU01861,2022-09-12,43,22800.0,Salaried,Mortgage,East,11,14500.0,36,2,0.726,0,0
A00658,CU00475,2022-09-12,29,102800.0,Unemployed,Mortgage,North,5,43600.0,24,1,0.679,0,0
A02893,CU02118,2022-09-12,52,33200.0,Self-employed,Own,South,12,17600.0,24,0,0.753,0,0
A00052,CU00039,2022-09-12,42,51100.0,Public sector,Mortgage,North,9,11800.0,24,1,0.343,0,0
A00529,CU00386,2022-09-13,30,39500.0,Public sector,Rent,South,12,5200.0,12,1,0.276,0,0
A00745,CU00535,2022-09-13,50,37100.0,Salaried,Rent,South,8,15600.0,36,2,0.867,0,0
A02431,CU01773,2022-09-14,43,23400.0,Self-employed,Rent,North,9,19100.0,24,3,1.068,0,0
A00187,CU00132,2022-09-15,62,103600.0,Salaried,Mortgage,West,0,17500.0,12,2,0.553,0,0
A01507,CU01098,2022-09-15,57,17700.0,Salaried,Rent,North,8,5800.0,36,1,0.511,0,0
A01330,CU00970,2022-09-15,65,64100.0,Salaried,Rent,North,7,17200.0,36,0,0.474,0,0
A01632,CU01192,2022-09-15,28,19900.0,Salaried,Mortgage,West,9,10900.0,12,7,0.646,1,1
A01410,CU01027,2022-09-16,50,19700.0,Salaried,Own,West,0,10900.0,12,1,0.785,0,0
A01034,CU00765,2022-09-17,44,57300.0,Salaried,Mortgage,West,7,25400.0,24,2,0.481,0,0
A01803,CU01319,2022-09-17,63,31000.0,Salaried,Own,West,12,25600.0,24,2,1.022,0,0
A00946,CU00694,2022-09-18,35,30800.0,Salaried,Rent,North,8,19400.0,60,2,0.744,1,1
A02775,CU02035,2022-09-19,33,25800.0,Salaried,Rent,West,7,19500.0,24,0,1.054,0,0
A01099,CU00816,2022-09-19,37,18400.0,Self-employed,Rent,West,7,5400.0,12,2,0.479,0,0
A01794,CU01312,2022-09-20,46,50100.0,Public sector,Mortgage,North,2,28900.0,24,0,0.837,0,0
A00372,CU00273,2022-09-20,47,61400.0,Salaried,Own,North,0,15800.0,12,1,0.568,0,0
A02681,CU01960,2022-09-20,44,47700.0,Salaried,Rent,South,0,13300.0,24,0,0.538,1,1
A02065,CU01511,2022-09-20,56,49300.0,Salaried,Own,West,11,6000.0,12,0,0.335,0,0
A00746,CU00535,2022-09-21,50,37100.0,Salaried,Rent,South,8,7900.0,12,0,0.278,0,0
A01740,CU01272,2022-09-21,49,78900.0,Public sector,Mortgage,East,5,15000.0,36,1,0.341,0,0
A02033,CU01490,2022-09-21,54,24200.0,Salaried,Own,West,12,14500.0,60,0,0.756,0,0
A02375,CU01736,2022-09-21,32,40600.0,Salaried,Mortgage,East,15,7600.0,24,0,0.488,0,0
A00839,CU00602,2022-09-22,31,35200.0,Salaried,Mortgage,East,0,24400.0,60,0,0.988,0,0
A02718,CU01991,2022-09-22,57,66700.0,Salaried,Rent,West,8,13800.0,24,0,0.529,0,0
A00396,CU00292,2022-09-22,38,29100.0,Salaried,Rent,East,17,3200.0,12,1,0.368,0,0
A01565,CU01142,2022-09-22,28,63300.0,Self-employed,Rent,North,6,9100.0,60,1,0.385,0,0
A02395,CU01746,2022-09-22,57,76000.0,Salaried,Mortgage,North,12,34200.0,12,0,0.805,0,0
A00691,CU00502,2022-09-22,32,20000.0,Salaried,Rent,West,5,3400.0,24,1,0.437,0,0
A00970,CU00714,2022-09-23,27,31200.0,Self-employed,Mortgage,West,2,21500.0,60,1,0.959,0,0
A01440,CU01047,2022-09-23,37,40800.0,Salaried,Rent,North,8,15800.0,24,0,0.544,0,0
A00008,CU00007,2022-09-24,41,74100.0,Salaried,Own,East,2,34400.0,36,1,0.638,0,0
A00228,CU00167,2022-09-24,55,51600.0,Self-employed,Own,West,6,38900.0,12,0,0.964,0,0
A02291,CU01679,2022-09-24,43,15900.0,Unemployed,Mortgage,West,6,9100.0,24,1,0.694,0,1
A02096,CU01534,2022-09-25,23,18300.0,Public sector,Mortgage,West,4,9000.0,12,0,0.794,1,1
A00051,CU00039,2022-09-25,42,51100.0,Public sector,Mortgage,North,9,30600.0,12,0,0.94,0,0
A02103,CU01541,2022-09-25,37,35600.0,Self-employed,Own,East,7,17500.0,36,2,0.71,1,1
A02435,CU01777,2022-09-25,40,52300.0,Self-employed,Rent,North,4,15900.0,24,0,0.543,0,0
A02374,CU01736,2022-09-27,32,40600.0,Salaried,Mortgage,East,15,4100.0,24,1,0.397,1,0
A01049,CU00777,2022-09-27,43,39800.0,Salaried,Rent,South,14,35600.0,12,0,1.016,0,0
A00804,CU00573,2022-09-27,44,67100.0,Self-employed,Mortgage,West,7,22000.0,60,1,0.563,0,0
A01573,CU01147,2022-09-27,64,55000.0,Salaried,Rent,North,11,41300.0,24,3,0.884,0,0
A01447,CU01052,2022-09-28,41,41000.0,Salaried,Rent,North,6,7100.0,36,0,0.357,0,0
A01919,CU01403,2022-09-28,57,47700.0,Salaried,Own,North,0,22300.0,36,0,0.794,0,0
A01940,CU01420,2022-09-28,39,63800.0,Salaried,Own,North,12,32500.0,36,0,0.642,0,0
A00535,CU00391,2022-09-29,52,125900.0,Salaried,Mortgage,South,4,19900.0,24,2,0.427,1,1
A01357,CU00988,2022-09-29,59,43100.0,Salaried,Mortgage,North,5,22800.0,12,1,0.666,0,0
A01157,CU00849,2022-09-30,43,44300.0,Salaried,Rent,North,7,19400.0,24,0,0.721,0,0
A01399,CU01020,2022-09-30,44,88600.0,Self-employed,Own,West,3,55200.0,24,1,0.749,0,0
A00181,CU00126,2022-09-30,47,38000.0,Self-employed,Mortgage,West,8,18700.0,12,1,0.533,1,1
A01143,CU00841,2022-09-30,33,21200.0,Salaried,Mortgage,West,11,13000.0,60,0,0.832,0,0
A00673,CU00487,2022-10-01,41,45600.0,Salaried,Own,West,4,14600.0,24,0,0.539,0,0
A00377,CU00277,2022-10-01,30,36900.0,Public sector,Mortgage,South,0,23000.0,36,2,0.659,1,1
A01645,CU01201,2022-10-01,26,30600.0,Self-employed,Rent,East,8,16700.0,12,1,0.645,0,0
A00223,CU00164,2022-10-02,31,60700.0,Public sector,Rent,East,10,47400.0,12,0,1.044,0,0
A02445,CU01784,2022-10-03,21,15200.0,Salaried,Mortgage,West,17,3500.0,24,1,0.301,0,0
A02120,CU01551,2022-10-03,40,33600.0,Salaried,Own,West,10,29400.0,24,3,1.028,0,0
A02195,CU01603,2022-10-03,35,41900.0,Self-employed,Own,South,2,26800.0,60,1,0.819,1,1
A01643,CU01199,2022-10-03,41,62300.0,Salaried,Rent,West,6,49900.0,24,0,1.022,0,0
A01314,CU00957,2022-10-04,58,34000.0,Public sector,Own,North,8,5600.0,60,1,0.342,0,0
A02285,CU01674,2022-10-04,34,47200.0,Self-employed,Mortgage,West,3,36600.0,12,1,1.042,0,0
A02508,CU01827,2022-10-04,36,18600.0,Salaried,Mortgage,East,7,2700.0,60,1,0.288,0,0
A01642,CU01198,2022-10-04,38,21700.0,Salaried,Rent,South,8,19100.0,12,1,1.115,0,0
A00678,CU00491,2022-10-05,26,41300.0,Salaried,Own,East,11,32500.0,24,2,0.98,1,1
A02919,CU02139,2022-10-05,39,41700.0,Unemployed,Mortgage,South,14,21100.0,60,0,0.803,0,0
A01413,CU01028,2022-10-06,44,44100.0,Public sector,Mortgage,East,7,34400.0,36,0,0.945,1,1
A02828,CU02073,2022-10-06,38,34800.0,Salaried,Rent,East,0,7800.0,36,0,0.393,0,0
A01845,CU01349,2022-10-06,46,13000.0,Salaried,Rent,West,6,5300.0,36,3,0.546,0,0
A00848,CU00611,2022-10-06,36,77700.0,Unemployed,Rent,East,10,39500.0,60,0,0.71,1,1
A00808,CU00577,2022-10-06,26,39300.0,Salaried,Own,North,10,22100.0,60,0,0.683,0,0
A02590,CU01887,2022-10-07,53,34800.0,Public sector,Rent,West,12,19400.0,12,0,0.695,0,0
A00323,CU00236,2022-10-07,58,42700.0,Self-employed,Rent,East,3,25900.0,12,1,0.684,0,0
A02822,CU02067,2022-10-08,35,13200.0,Self-employed,Own,East,8,4600.0,60,0,0.6,0,0
A01605,CU01169,2022-10-08,49,19100.0,Salaried,Rent,West,15,9700.0,24,1,0.757,0,0
A01691,CU01235,2022-10-08,51,71700.0,Salaried,Own,East,4,47100.0,36,1,0.81,0,0
A02888,CU02114,2022-10-08,42,57600.0,Salaried,Rent,South,9,41000.0,36,3,0.78,0,0
A00206,CU00149,2022-10-09,24,20400.0,Salaried,Rent,East,13,13200.0,12,1,0.896,0,0
A02234,CU01634,2022-10-09,29,28400.0,Public sector,Own,East,7,20400.0,12,0,0.876,0,0
A02372,CU01734,2022-10-09,45,44500.0,Unemployed,Rent,North,0,23600.0,36,1,0.657,0,0
A00503,CU00368,2022-10-09,24,54700.0,Unemployed,Own,South,8,17800.0,36,2,0.52,0,0
A00259,CU00191,2022-10-10,26,27200.0,Unemployed,Rent,West,5,6400.0,12,1,0.501,1,1
A00428,CU00315,2022-10-11,44,18000.0,Salaried,Mortgage,North,3,13700.0,36,0,0.975,0,0
A02818,CU02065,2022-10-11,54,26700.0,Salaried,Mortgage,West,8,17400.0,60,0,0.782,0,0
A02251,CU01647,2022-10-12,21,158600.0,Public sector,Mortgage,South,9,37800.0,12,1,0.457,0,0
A01489,CU01083,2022-10-12,21,61300.0,Salaried,Rent,South,5,8200.0,12,0,0.423,0,0
A02513,CU01830,2022-10-12,42,31500.0,Unemployed,Rent,South,5,20700.0,24,1,0.938,0,0
A01517,CU01105,2022-10-14,31,28500.0,Salaried,Own,West,15,17900.0,24,2,0.807,0,0
A01414,CU01029,2022-10-14,35,30800.0,Public sector,Rent,South,15,12100.0,60,0,0.645,0,0
A02554,CU01859,2022-10-14,47,76700.0,Salaried,Rent,South,4,59500.0,60,0,0.999,1,1
A01379,CU01005,2022-10-14,44,44900.0,Public sector,Own,West,6,35100.0,12,0,1.142,0,0
A02807,CU02059,2022-10-14,43,34900.0,Unemployed,Rent,North,7,22100.0,60,3,0.831,0,0
A01943,CU01421,2022-10-14,45,75700.0,Public sector,Rent,West,16,24300.0,24,1,0.601,0,0
A02923,CU02142,2022-10-15,47,32200.0,Public sector,Own,South,4,5600.0,36,0,0.522,0,0
A00064,CU00051,2022-10-15,28,32700.0,Salaried,Own,West,2,9200.0,36,1,0.456,0,0
A01559,CU01137,2022-10-15,22,30900.0,Self-employed,Rent,East,12,23400.0,12,0,0.983,0,0
A02267,CU01660,2022-10-15,55,44100.0,Self-employed,Own,South,15,19700.0,24,2,0.728,0,0
A02303,CU01687,2022-10-15,45,34400.0,Self-employed,Rent,East,9,22400.0,12,0,0.839,0,0
A00997,CU00737,2022-10-15,33,21700.0,Salaried,Own,South,17,14000.0,24,0,0.775,0,0
A00994,CU00734,2022-10-15,57,35400.0,Self-employed,Rent,South,7,27700.0,36,2,0.903,0,0
A01071,CU00794,2022-10-15,45,81300.0,Salaried,Mortgage,North,6,60000.0,60,0,1.004,1,1
A02158,CU01579,2022-10-15,21,47500.0,Public sector,Mortgage,North,11,14100.0,24,2,0.561,0,0
A02979,CU02182,2022-10-16,40,42700.0,Salaried,Rent,East,17,12600.0,12,0,0.366,0,0
A02028,CU01486,2022-10-16,37,80400.0,Public sector,Mortgage,East,2,65300.0,36,0,0.999,0,0
A00168,CU00116,2022-10-16,46,15000.0,Public sector,Rent,East,16,8000.0,24,0,0.773,0,0
A02174,CU01592,2022-10-17,42,30900.0,Unemployed,Rent,East,9,17700.0,12,0,0.758,0,0
A01846,CU01349,2022-10-17,46,13000.0,Salaried,Rent,West,6,7900.0,12,3,0.894,0,0
A00159,CU00111,2022-10-17,24,48400.0,Salaried,Mortgage,West,16,26000.0,60,2,0.827,0,0
A02426,CU01770,2022-10-18,39,53500.0,Unemployed,Rent,South,1,14800.0,12,1,0.443,0,0
A02572,CU01871,2022-10-18,29,19600.0,Salaried,Mortgage,South,11,7700.0,60,0,0.602,0,0
A01415,CU01030,2022-10-18,43,44400.0,Salaried,Rent,South,0,14900.0,24,1,0.582,0,0
A02598,CU01894,2022-10-18,66,52200.0,Salaried,Mortgage,North,10,41500.0,36,1,1.049,0,0
A01025,CU00758,2022-10-18,53,43300.0,Salaried,Own,West,9,13100.0,12,0,0.464,0,0
A02830,CU02074,2022-10-18,40,49500.0,Salaried,Rent,East,7,37700.0,60,0,1.01,0,0
A02099,CU01537,2022-10-19,31,58800.0,Salaried,Own,South,0,20900.0,36,1,0.538,0,0
A00593,CU00432,2022-10-19,35,81500.0,Self-employed,Mortgage,West,9,30600.0,24,1,0.586,0,0
A01633,CU01192,2022-10-19,28,19900.0,Salaried,Mortgage,West,9,9700.0,36,1,0.697,0,0
A02765,CU02027,2022-10-19,40,34800.0,Salaried,Rent,North,10,30700.0,60,0,1.051,0,0
A02592,CU01889,2022-10-19,25,21700.0,Salaried,Own,North,9,5700.0,24,1,0.573,0,0
A00306,CU00225,2022-10-20,41,43600.0,Public sector,Own,North,0,28000.0,36,2,0.692,0,0
A01901,CU01386,2022-10-20,36,46400.0,Salaried,Own,East,2,32500.0,60,1,0.969,0,0
A02563,CU01865,2022-10-20,50,19200.0,Unemployed,Mortgage,West,10,12400.0,36,0,0.953,0,0
A00390,CU00287,2022-10-20,51,46300.0,Salaried,Mortgage,East,15,35200.0,24,2,0.955,0,0
A01878,CU01371,2022-10-20,46,27700.0,Public sector,Own,South,4,7400.0,24,0,0.631,0,0
A00148,CU00104,2022-10-21,38,40600.0,Public sector,Mortgage,East,9,27200.0,24,0,0.978,0,0
A02471,CU01802,2022-10-21,40,72800.0,Salaried,Mortgage,East,13,36400.0,24,3,0.649,0,0
A02299,CU01684,2022-10-21,53,46100.0,Public sector,Mortgage,South,4,13800.0,60,0,0.523,0,0
A01381,CU01007,2022-10-22,41,75500.0,Salaried,Rent,East,10,35500.0,12,0,0.851,0,0
A01305,CU00952,2022-10-22,21,52000.0,Salaried,Mortgage,West,5,31100.0,36,0,0.867,0,0
A01021,CU00755,2022-10-22,40,55300.0,Salaried,Rent,East,0,36100.0,24,1,0.76,0,0
A02218,CU01621,2022-10-22,21,58300.0,Salaried,Rent,North,3,43800.0,36,2,0.857,1,1
A02859,CU02095,2022-10-23,45,35400.0,Salaried,Rent,South,8,16100.0,24,2,0.792,1,1
A01591,CU01157,2022-10-23,42,19500.0,Self-employed,Mortgage,North,4,5900.0,24,0,0.766,0,0
A00513,CU00375,2022-10-23,37,34500.0,Public sector,Mortgage,South,4,3800.0,24,2,0.309,0,0
A02797,CU02053,2022-10-24,46,26500.0,Salaried,Mortgage,West,11,4800.0,24,4,0.445,0,0
A00327,CU00239,2022-10-24,33,58900.0,Salaried,Rent,North,12,26800.0,12,0,0.671,0,0
A01503,CU01095,2022-10-25,31,38800.0,Salaried,Own,North,10,21000.0,24,0,0.687,0,0
A02091,CU01530,2022-10-26,45,45700.0,Self-employed,Mortgage,North,0,27500.0,24,0,0.707,0,0
A01722,CU01260,2022-10-26,31,91100.0,Salaried,Own,South,15,74900.0,24,1,1.023,0,0
A00669,CU00484,2022-10-26,45,29600.0,Salaried,Rent,West,0,9200.0,12,2,0.56,0,0
A01130,CU00834,2022-10-27,51,51900.0,Salaried,Rent,West,9,11300.0,24,0,0.378,0,0
A02616,CU01911,2022-10-28,42,45700.0,Public sector,Rent,South,16,37600.0,36,1,1.028,0,0
A02612,CU01908,2022-10-28,26,15800.0,Salaried,Mortgage,North,12,13900.0,12,2,1.296,0,0
A02594,CU01890,2022-10-28,36,89200.0,Salaried,Rent,West,0,50700.0,12,1,0.926,0,0
A02706,CU01983,2022-10-28,36,37600.0,Salaried,Mortgage,South,10,24300.0,12,1,0.816,1,1
A01882,CU01375,2022-10-29,24,26900.0,Public sector,Rent,South,9,9300.0,12,0,0.614,0,0
A00225,CU00164,2022-10-29,31,60700.0,Public sector,Rent,East,10,16500.0,24,1,0.398,1,1
A02622,CU01916,2022-10-29,51,15200.0,Public sector,Mortgage,West,12,4700.0,60,0,0.386,0,0
A01731,CU01265,2022-10-30,68,30100.0,Salaried,Rent,West,6,17300.0,12,1,0.807,0,0
A00248,CU00184,2022-10-30,26,79800.0,Self-employed,Rent,North,11,53600.0,36,0,0.952,0,0
A02998,CU02196,2022-10-30,37,39600.0,Salaried,Own,East,8,20400.0,12,1,0.585,0,0
A01416,CU01031,2022-10-30,35,45900.0,Self-employed,Rent,North,0,34600.0,12,0,1.004,0,0
A02460,CU01795,2022-10-31,37,32400.0,Salaried,Rent,South,0,13600.0,36,1,0.668,0,0
A00239,CU00175,2022-11-01,31,11500.0,Salaried,Rent,East,6,4400.0,12,0,0.596,0,0
A01607,CU01171,2022-11-01,39,21400.0,Public sector,Mortgage,East,7,16100.0,36,0,0.919,0,0
A02043,CU01497,2022-11-01,38,50900.0,Salaried,Rent,North,3,21600.0,60,2,0.605,0,0
A02673,CU01953,2022-11-01,47,24700.0,Salaried,Rent,West,5,18600.0,24,0,1.03,0,0
A02452,CU01790,2022-11-02,37,20500.0,Self-employed,Rent,West,19,4400.0,12,0,0.397,0,0
A00751,CU00538,2022-11-03,43,31500.0,Public sector,Rent,West,9,3800.0,36,1,0.3,0,0
A00047,CU00036,2022-11-03,21,18900.0,Public sector,Mortgage,East,1,12300.0,36,0,0.857,1,1
A00906,CU00660,2022-11-05,30,49900.0,Salaried,Rent,North,1,9500.0,36,2,0.312,0,0
A02499,CU01819,2022-11-05,45,29100.0,Salaried,Rent,North,9,18700.0,24,2,0.826,1,1
A01647,CU01203,2022-11-05,32,23200.0,Public sector,Mortgage,East,11,19700.0,36,0,1.048,0,0
A01986,CU01457,2022-11-05,39,50500.0,Public sector,Mortgage,North,9,29400.0,12,0,0.728,0,0
A02656,CU01941,2022-11-06,36,53500.0,Salaried,Own,West,0,29600.0,60,0,0.72,0,0
A00146,CU00102,2022-11-06,37,27600.0,Self-employed,Mortgage,West,12,3700.0,36,0,0.315,0,0
A02137,CU01564,2022-11-07,21,25400.0,Salaried,Mortgage,East,6,21700.0,60,0,0.974,0,0
A02037,CU01493,2022-11-07,48,31000.0,Salaried,Own,North,14,6600.0,24,1,0.288,0,0
A02530,CU01841,2022-11-07,45,28500.0,Salaried,Mortgage,South,16,14300.0,36,1,0.704,0,0
A02163,CU01584,2022-11-08,33,16000.0,Salaried,Own,North,13,4500.0,24,0,0.314,0,0
A01283,CU00936,2022-11-08,42,57000.0,Salaried,Mortgage,West,9,18900.0,24,0,0.634,0,0
A02380,CU01738,2022-11-08,57,45900.0,Salaried,Rent,South,9,22400.0,60,0,0.677,0,0
A00787,CU00558,2022-11-09,41,80600.0,Salaried,Rent,West,0,60900.0,60,0,0.907,0,0
A02740,CU02009,2022-11-09,43,79000.0,Public sector,Mortgage,South,8,26400.0,36,2,0.499,0,0
A00572,CU00416,2022-11-09,22,41200.0,Salaried,Rent,North,6,6400.0,24,0,0.328,0,0
A00219,CU00160,2022-11-10,33,47900.0,Salaried,Own,East,16,41200.0,24,3,1.118,1,1
A02556,CU01860,2022-11-10,53,28600.0,Self-employed,Own,North,6,15400.0,60,0,0.834,0,0
A02306,CU01688,2022-11-10,42,121400.0,Salaried,Mortgage,South,8,90400.0,24,0,0.964,0,0
A02954,CU02164,2022-11-10,40,58000.0,Salaried,Own,East,10,48100.0,36,0,0.96,0,0
A00921,CU00673,2022-11-10,35,41500.0,Salaried,Rent,North,13,11800.0,24,0,0.469,0,0
A01358,CU00989,2022-11-10,40,45500.0,Self-employed,Rent,East,7,26400.0,24,0,0.814,0,0
A00648,CU00471,2022-11-11,44,19800.0,Public sector,Own,East,12,12700.0,24,1,0.869,0,0
A00709,CU00512,2022-11-12,37,42000.0,Unemployed,Mortgage,North,3,26600.0,12,1,0.917,0,0
A00432,CU00318,2022-11-13,45,41300.0,Unemployed,Rent,South,6,26600.0,24,0,0.953,0,0
A02863,CU02098,2022-11-13,44,23300.0,Public sector,Own,East,17,16900.0,24,0,0.904,0,0
A01462,CU01065,2022-11-13,45,31300.0,Salaried,Rent,East,2,17900.0,60,0,0.768,1,1
A01463,CU01065,2022-11-13,45,31300.0,Salaried,Rent,East,2,18800.0,36,1,0.912,0,0
A00335,CU00244,2022-11-13,41,41300.0,Unemployed,Mortgage,North,0,9700.0,60,0,0.52,1,1
A02003,CU01467,2022-11-14,46,40600.0,Self-employed,Mortgage,South,6,23500.0,24,0,0.814,0,0
A01744,CU01274,2022-11-14,42,26200.0,Public sector,Rent,East,4,4200.0,12,0,0.28,0,0
A02994,CU02192,2022-11-15,38,57000.0,Salaried,Mortgage,North,15,25600.0,12,2,0.685,0,0
A02346,CU01717,2022-11-15,25,19900.0,Public sector,Rent,South,18,7500.0,36,0,0.633,0,0
A02414,CU01760,2022-11-15,40,23700.0,Salaried,Mortgage,West,2,13900.0,60,1,0.792,0,0
A00735,CU00528,2022-11-15,27,27400.0,Public sector,Own,West,9,16900.0,24,1,0.92,0,0
A02845,CU02083,2022-11-15,39,28500.0,Salaried,Rent,North,11,14700.0,36,2,0.784,1,1
A01191,CU00874,2022-11-16,52,28400.0,Self-employed,Mortgage,West,4,14900.0,60,1,0.827,0,0
A00893,CU00650,2022-11-16,21,35400.0,Self-employed,Mortgage,North,3,12700.0,12,0,0.63,1,1
A02985,CU02187,2022-11-17,42,19100.0,Public sector,Rent,North,17,10900.0,12,0,0.88,0,0
A00440,CU00325,2022-11-18,37,42800.0,Self-employed,Mortgage,West,9,12900.0,36,2,0.482,0,0
A00092,CU00069,2022-11-18,39,25300.0,Salaried,Rent,West,5,20500.0,36,0,1.019,0,0
A02263,CU01657,2022-11-18,49,37000.0,Salaried,Rent,North,10,11900.0,24,0,0.507,0,0
A01827,CU01335,2022-11-19,41,45000.0,Unemployed,Own,North,11,19500.0,36,2,0.785,0,0
A00902,CU00658,2022-11-19,30,34700.0,Self-employed,Rent,West,0,9800.0,12,3,0.462,0,0
A01586,CU01153,2022-11-19,26,42200.0,Salaried,Rent,North,3,32600.0,36,0,1.066,1,1
A00992,CU00733,2022-11-19,37,21100.0,Unemployed,Mortgage,North,5,5400.0,60,1,0.442,0,0
A02712,CU01987,2022-11-20,33,24800.0,Public sector,Own,East,10,22100.0,36,0,1.148,1,0
A01979,CU01450,2022-11-20,52,22400.0,Self-employed,Own,West,4,14700.0,36,0,0.775,1,1
A02503,CU01822,2022-11-20,21,31200.0,Salaried,Mortgage,West,0,28000.0,36,1,0.959,1,1
A01710,CU01250,2022-11-21,55,30300.0,Self-employed,Own,East,12,20400.0,36,0,0.99,0,0
A01295,CU00945,2022-11-21,43,27000.0,Self-employed,Mortgage,South,3,21300.0,36,2,1.106,0,0
A00770,CU00547,2022-11-22,54,80000.0,Salaried,Own,South,5,43600.0,36,2,0.842,0,0
A00295,CU00218,2022-11-23,29,116000.0,Self-employed,Own,South,6,91900.0,36,0,0.97,0,0
A00707,CU00512,2022-11-24,37,42000.0,Unemployed,Mortgage,North,3,6300.0,12,1,0.22,0,0
A01265,CU00919,2022-11-24,48,39400.0,Self-employed,Rent,East,7,26200.0,12,2,0.874,0,0
A00393,CU00289,2022-11-24,60,24000.0,Salaried,Own,North,14,4000.0,12,2,0.372,0,0
A00124,CU00087,2022-11-24,36,53800.0,Public sector,Mortgage,East,11,17100.0,12,0,0.434,0,0
A00626,CU00453,2022-11-24,21,48300.0,Unemployed,Rent,East,8,39300.0,60,0,1.079,0,0
A00703,CU00510,2022-11-24,37,16000.0,Salaried,Mortgage,West,5,2100.0,24,2,0.406,0,0
A00414,CU00305,2022-11-25,41,34600.0,Self-employed,Rent,North,10,11100.0,60,0,0.393,0,0
A01749,CU01279,2022-11-25,62,23500.0,Self-employed,Mortgage,North,4,8500.0,24,1,0.728,0,0
A01067,CU00791,2022-11-26,33,34200.0,Self-employed,Rent,North,2,16800.0,24,0,0.648,0,0
A00472,CU00348,2022-11-26,45,47600.0,Salaried,Mortgage,East,12,9700.0,24,0,0.485,0,0
A00891,CU00648,2022-11-26,33,44300.0,Self-employed,Mortgage,South,5,15900.0,60,2,0.491,0,0
A00046,CU00035,2022-11-27,54,59800.0,Salaried,Mortgage,East,4,10000.0,36,0,0.312,0,0
A02417,CU01763,2022-11-27,21,45200.0,Salaried,Mortgage,South,7,24300.0,36,1,0.742,0,0
A02101,CU01539,2022-11-27,33,43000.0,Self-employed,Own,North,2,14600.0,36,0,0.687,0,0
A01352,CU00984,2022-11-28,38,40000.0,Public sector,Own,North,9,16400.0,12,0,0.607,0,0
A02282,CU01671,2022-11-28,36,37400.0,Unemployed,Own,East,13,6900.0,60,1,0.272,0,0
A02152,CU01575,2022-11-28,39,31000.0,Salaried,Mortgage,South,3,20100.0,36,2,0.825,1,1
A01876,CU01371,2022-11-28,46,27700.0,Public sector,Own,South,4,4500.0,24,1,0.408,0,0
A00407,CU00300,2022-11-29,33,42200.0,Salaried,Own,West,5,4700.0,36,0,0.309,0,0
A02974,CU02179,2022-11-29,42,44300.0,Salaried,Mortgage,West,5,21300.0,24,0,0.825,0,0
A02134,CU01562,2022-11-29,42,58700.0,Salaried,Rent,East,0,28400.0,60,1,0.626,0,0
A01019,CU00753,2022-11-29,49,17900.0,Salaried,Own,North,2,13900.0,36,0,0.966,0,0
A02418,CU01764,2022-11-30,25,45900.0,Salaried,Own,North,5,27400.0,36,1,0.987,0,0
A02848,CU02085,2022-12-01,46,45700.0,Unemployed,Own,West,6,39500.0,36,1,1.008,0,0
A02245,CU01643,2022-12-01,35,41500.0,Public sector,Rent,East,0,36300.0,12,0,0.962,0,0
A01349,CU00981,2022-12-01,33,40800.0,Salaried,Mortgage,West,11,11600.0,36,0,0.491,0,0
A02614,CU01909,2022-12-02,27,16800.0,Salaried,Rent,West,0,4700.0,12,0,0.528,0,0
A00716,CU00517,2022-12-02,57,29000.0,Salaried,Own,South,8,23400.0,36,0,0.962,0,0
A02824,CU02069,2022-12-03,52,56700.0,Public sector,Own,West,5,8100.0,36,0,0.293,1,0
A01044,CU00774,2022-12-03,27,38000.0,Salaried,Own,East,8,28700.0,36,0,0.959,0,0
A02490,CU01812,2022-12-04,50,71100.0,Salaried,Own,West,7,32500.0,60,0,0.838,0,0
A02085,CU01527,2022-12-04,53,25400.0,Salaried,Rent,East,12,12100.0,60,0,0.698,0,0
A00484,CU00355,2022-12-04,24,89800.0,Public sector,Own,East,7,14600.0,24,3,0.332,0,0
A01179,CU00864,2022-12-05,36,24800.0,Public sector,Mortgage,East,8,7600.0,60,0,0.658,0,0
A00872,CU00631,2022-12-05,32,39600.0,Salaried,Rent,North,3,22900.0,36,3,0.838,1,1
A00271,CU00200,2022-12-07,39,107800.0,Salaried,Rent,West,9,20300.0,36,1,0.49,0,0
A01490,CU01084,2022-12-07,44,47000.0,Salaried,Rent,East,13,31600.0,12,0,0.921,0,0
A01171,CU00859,2022-12-07,39,17900.0,Public sector,Own,South,12,8000.0,60,0,0.697,0,0
A00426,CU00315,2022-12-08,44,18000.0,Salaried,Mortgage,North,3,10400.0,24,0,0.767,0,0
A02739,CU02008,2022-12-08,44,37600.0,Public sector,Own,East,14,11700.0,60,1,0.48,0,0
A01813,CU01326,2022-12-09,31,16300.0,Salaried,Mortgage,North,12,2800.0,12,1,0.159,0,0
A02086,CU01528,2022-12-09,36,48800.0,Salaried,Rent,South,5,34500.0,12,0,0.865,0,0
A01649,CU01203,2022-12-10,32,23200.0,Public sector,Mortgage,East,11,16100.0,12,1,0.848,0,0
A01134,CU00836,2022-12-10,28,38700.0,Salaried,Mortgage,North,13,23300.0,60,0,0.958,0,0
A02207,CU01612,2022-12-10,22,43400.0,Public sector,Rent,South,2,34300.0,12,1,0.97,0,0
A01928,CU01409,2022-12-10,56,33300.0,Salaried,Rent,South,7,26600.0,36,1,0.966,0,0
A00666,CU00481,2022-12-11,47,15300.0,Salaried,Mortgage,East,2,10800.0,24,1,0.914,0,0
A00201,CU00144,2022-12-11,52,48400.0,Salaried,Rent,South,13,15200.0,60,1,0.477,0,0
A01981,CU01452,2022-12-11,48,15100.0,Salaried,Rent,North,7,8600.0,24,1,0.762,0,0
A02159,CU01580,2022-12-12,35,63800.0,Salaried,Rent,North,12,41000.0,24,2,0.746,0,0
A00128,CU00089,2022-12-13,66,55500.0,Public sector,Rent,South,5,38600.0,24,0,1.003,0,0
A00438,CU00323,2022-12-13,28,57300.0,Salaried,Own,East,7,20500.0,36,1,0.592,0,0
A00674,CU00488,2022-12-13,26,63800.0,Salaried,Mortgage,East,4,52100.0,60,2,1.041,1,1
A01709,CU01249,2022-12-14,29,22400.0,Self-employed,Mortgage,West,16,9700.0,24,2,0.546,0,0
A00934,CU00686,2022-12-14,66,28300.0,Salaried,Own,East,5,21600.0,36,1,0.908,0,0
A02080,CU01523,2022-12-14,44,43800.0,Salaried,Rent,South,6,30500.0,36,3,0.934,0,0
A01801,CU01318,2022-12-14,25,24400.0,Unemployed,Own,East,8,8300.0,12,0,0.522,1,1
A02844,CU02082,2022-12-14,59,38000.0,Salaried,Mortgage,West,8,29400.0,24,1,0.914,0,0
A01705,CU01246,2022-12-15,45,11700.0,Self-employed,Own,East,20,3400.0,24,2,0.495,0,0
A02964,CU02173,2022-12-15,21,37000.0,Salaried,Own,South,0,26300.0,60,1,1.031,0,0
A00990,CU00731,2022-12-15,55,22700.0,Unemployed,Own,South,4,2300.0,36,4,0.259,0,0
A02370,CU01732,2022-12-16,34,35200.0,Salaried,Mortgage,East,7,9600.0,24,1,0.481,0,0
A00528,CU00386,2022-12-16,30,39500.0,Public sector,Rent,South,12,6100.0,36,1,0.393,0,0
A00208,CU00150,2022-12-16,41,31400.0,Salaried,Own,South,5,11600.0,60,1,0.611,0,0
A00111,CU00079,2022-12-16,21,20600.0,Self-employed,Mortgage,East,14,6100.0,24,0,0.445,0,0
A01317,CU00958,2022-12-16,44,34400.0,Salaried,Own,West,8,27600.0,24,1,0.962,0,0
A01005,CU00741,2022-12-17,29,40700.0,Salaried,Own,South,10,12200.0,36,3,0.516,1,1
A01545,CU01127,2022-12-17,65,37700.0,Public sector,Rent,West,0,8300.0,60,2,0.399,0,0
A00139,CU00095,2022-12-18,49,38700.0,Salaried,Own,North,1,8900.0,36,0,0.511,0,0
A01181,CU00866,2022-12-18,36,102600.0,Self-employed,Mortgage,West,1,40900.0,24,0,0.617,0,0
A00394,CU00290,2022-12-18,69,51200.0,Salaried,Rent,North,8,32000.0,12,0,0.762,0,0
A01052,CU00780,2022-12-19,47,15100.0,Salaried,Rent,North,10,3400.0,12,0,0.34,1,1
A00366,CU00269,2022-12-19,24,22600.0,Salaried,Mortgage,West,9,20200.0,12,0,1.174,0,0
A00104,CU00074,2022-12-20,21,22400.0,Salaried,Rent,East,8,15100.0,12,1,0.787,0,0
A02559,CU01862,2022-12-20,43,16700.0,Salaried,Own,South,4,2200.0,24,2,0.338,0,0
A00160,CU00112,2022-12-20,58,60800.0,Self-employed,Own,North,6,36100.0,60,2,0.714,1,1
A01592,CU01158,2022-12-20,31,38800.0,Self-employed,Rent,West,13,23800.0,24,0,0.716,0,0
A00944,CU00692,2022-12-21,43,38100.0,Salaried,Mortgage,North,0,11800.0,12,2,0.542,0,0
A01884,CU01376,2022-12-22,30,33500.0,Public sector,Rent,East,15,7700.0,60,1,0.551,1,1
A00704,CU00511,2022-12-22,45,52800.0,Salaried,Own,North,0,15700.0,24,2,0.465,0,0
A00127,CU00089,2022-12-23,66,55500.0,Public sector,Rent,South,5,12900.0,24,1,0.466,0,0
A01058,CU00783,2022-12-23,37,23000.0,Public sector,Mortgage,North,8,12200.0,36,2,0.602,0,0
A02483,CU01807,2022-12-23,54,41400.0,Self-employed,Rent,South,9,32200.0,12,2,0.892,1,1
A02229,CU01629,2022-12-23,25,29900.0,Public sector,Rent,East,11,12400.0,60,0,0.658,0,0
A00395,CU00291,2022-12-23,42,141800.0,Public sector,Rent,South,3,53100.0,24,0,0.421,0,0
A00398,CU00293,2022-12-24,37,73800.0,Public sector,Own,East,7,20500.0,60,0,0.593,1,1
A00264,CU00194,2022-12-24,38,148400.0,Salaried,Own,East,9,24600.0,60,1,0.389,0,0
A01864,CU01363,2022-12-25,49,41900.0,Salaried,Mortgage,South,1,22800.0,24,3,0.832,1,1
A02654,CU01940,2022-12-25,37,34700.0,Salaried,Own,East,10,20000.0,60,3,0.802,1,1
A02500,CU01820,2022-12-25,56,32000.0,Salaried,Rent,North,7,6300.0,12,0,0.452,0,0
A02763,CU02026,2022-12-25,40,33500.0,Unemployed,Rent,South,11,12600.0,60,1,0.625,0,0
A00501,CU00366,2022-12-26,42,66300.0,Salaried,Rent,North,5,40000.0,24,2,0.889,0,0
A00094,CU00071,2022-12-26,41,27300.0,Public sector,Own,West,2,12500.0,36,0,0.605,0,0
A01124,CU00832,2022-12-26,64,32600.0,Salaried,Own,East,12,26000.0,12,0,0.95,0,0
A01116,CU00827,2022-12-26,52,40800.0,Public sector,Rent,West,4,9800.0,24,1,0.277,0,0
A02866,CU02100,2022-12-27,38,65400.0,Self-employed,Mortgage,East,1,44100.0,12,1,0.891,0,0
A01989,CU01458,2022-12-27,39,55100.0,Salaried,Own,East,2,18500.0,60,1,0.499,0,0
A01092,CU00812,2022-12-28,23,23000.0,Salaried,Rent,East,3,6200.0,12,0,0.389,0,1
A00950,CU00698,2022-12-28,51,47800.0,Salaried,Own,South,8,26900.0,12,0,0.654,0,0
A02662,CU01946,2022-12-28,46,26400.0,Self-employed,Mortgage,West,8,13500.0,24,1,0.743,0,0
A00614,CU00447,2022-12-29,31,37100.0,Public sector,Rent,West,15,9800.0,60,3,0.428,0,0
A02186,CU01598,2022-12-29,51,20900.0,Salaried,Rent,East,4,16500.0,60,0,0.968,0,0
A00289,CU00214,2022-12-29,67,30700.0,Salaried,Mortgage,South,11,10200.0,36,0,0.653,0,0
A02892,CU02117,2022-12-30,47,39000.0,Public sector,Rent,South,7,6600.0,36,4,0.353,1,1
A01571,CU01145,2022-12-30,44,50000.0,Salaried,Rent,South,17,36300.0,60,2,0.93,1,1
A02625,CU01918,2022-12-31,39,44400.0,Salaried,Own,North,10,23600.0,24,2,0.684,0,0
A00715,CU00516,2022-12-31,42,21000.0,Salaried,Mortgage,East,12,5400.0,60,0,0.399,0,0
A00307,CU00226,2022-12-31,21,63300.0,Salaried,Own,North,9,52200.0,12,0,0.858,0,0
A02682,CU01961,2023-01-01,51,31400.0,Unemployed,Own,North,12,11600.0,24,0,0.542,1,1
A02754,CU02019,2023-01-01,31,41600.0,Self-employed,Rent,South,7,18600.0,60,0,0.724,1,1
A02701,CU01979,2023-01-01,46,9800.0,Salaried,Mortgage,East,12,8200.0,24,0,1.007,0,0
A01956,CU01431,2023-01-01,43,68600.0,Salaried,Rent,North,14,52400.0,60,0,0.986,0,0
A02323,CU01700,2023-01-02,56,28900.0,Salaried,Rent,South,15,19900.0,60,0,1.098,0,0
A00954,CU00701,2023-01-02,25,181900.0,Public sector,Mortgage,West,14,49600.0,24,0,0.415,0,0
A01006,CU00742,2023-01-03,44,29100.0,Salaried,Rent,North,12,5600.0,24,1,0.633,0,0
A02281,CU01671,2023-01-03,36,37400.0,Unemployed,Own,East,13,31600.0,60,1,1.019,1,1
A02585,CU01883,2023-01-03,37,53300.0,Salaried,Own,West,7,32600.0,24,1,0.864,1,1
A02587,CU01885,2023-01-03,29,43700.0,Public sector,Own,East,3,5700.0,12,0,0.346,0,0
A02549,CU01854,2023-01-03,49,51600.0,Salaried,Mortgage,South,16,8200.0,12,1,0.532,0,0
A00347,CU00253,2023-01-04,36,62700.0,Salaried,Mortgage,South,12,15200.0,60,2,0.519,0,0
A03005,CU02199,2023-01-04,57,38000.0,Salaried,Mortgage,East,11,9600.0,24,0,0.448,0,0
A02759,CU02024,2023-01-05,36,24100.0,Salaried,Rent,North,6,21400.0,36,0,1.146,0,0
A01754,CU01282,2023-01-06,40,24300.0,Self-employed,Rent,North,5,18300.0,24,0,0.854,0,0
A02803,CU02057,2023-01-07,25,19600.0,Self-employed,Rent,East,7,17400.0,24,0,1.082,0,0
A00996,CU00736,2023-01-07,41,72700.0,Salaried,Rent,West,0,57900.0,60,0,1.007,0,0
A02479,CU01806,2023-01-07,21,18700.0,Salaried,Mortgage,West,11,1900.0,24,0,0.261,0,0
A01238,CU00904,2023-01-08,42,77600.0,Public sector,Rent,South,0,44400.0,36,1,0.795,0,0
A01344,CU00978,2023-01-08,40,26500.0,Salaried,Rent,West,9,16500.0,24,0,0.789,0,0
A00470,CU00346,2023-01-08,26,18700.0,Self-employed,Mortgage,West,5,12000.0,60,1,0.948,0,0
A01000,CU00738,2023-01-09,46,22300.0,Salaried,Mortgage,North,7,10300.0,36,0,0.601,0,0
A02358,CU01725,2023-01-09,36,30700.0,Unemployed,Own,South,22,27200.0,24,2,1.064,1,1
A01404,CU01023,2023-01-10,53,69600.0,Public sector,Rent,West,16,17900.0,24,1,0.489,0,0
A01432,CU01041,2023-01-11,21,13600.0,Salaried,Mortgage,East,7,6200.0,36,1,0.711,0,1
A02154,CU01576,2023-01-11,41,23500.0,Self-employed,Rent,West,6,19200.0,36,0,1.13,0,0
A02534,CU01844,2023-01-11,39,42500.0,Salaried,Mortgage,East,3,36100.0,36,1,1.029,0,0
A01757,CU01283,2023-01-11,42,51600.0,Self-employed,Rent,West,17,13600.0,24,0,0.621,0,0
A02650,CU01936,2023-01-12,43,15900.0,Public sector,Rent,East,2,4900.0,12,0,0.514,0,0
A01366,CU00996,2023-01-12,41,24900.0,Self-employed,Rent,South,0,6300.0,12,1,0.416,0,0
A02204,CU01610,2023-01-12,47,29100.0,Public sector,Rent,North,11,12900.0,36,0,0.613,0,0
A02843,CU02081,2023-01-12,41,31800.0,Salaried,Rent,East,9,27800.0,60,3,1.032,0,0
A02317,CU01696,2023-01-12,51,50200.0,Salaried,Own,West,5,26500.0,24,0,0.736,0,0
A00824,CU00589,2023-01-12,35,33500.0,Salaried,Own,North,10,10200.0,24,0,0.651,0,0
A01775,CU01298,2023-01-13,64,62400.0,Salaried,Rent,West,16,20100.0,36,1,0.461,0,0
A00598,CU00434,2023-01-13,22,43300.0,Salaried,Rent,East,9,6300.0,24,0,0.328,0,0
A02560,CU01863,2023-01-14,21,62200.0,Public sector,Rent,North,3,17300.0,24,1,0.532,0,0
A02959,CU02169,2023-01-15,36,57200.0,Public sector,Rent,North,7,11800.0,24,1,0.292,0,0
A02610,CU01906,2023-01-15,21,72700.0,Salaried,Rent,South,0,33500.0,12,2,0.659,0,0
A02811,CU02062,2023-01-15,41,21600.0,Public sector,Mortgage,North,7,15200.0,12,0,0.979,1,1
A00512,CU00374,2023-01-16,29,56400.0,Unemployed,Mortgage,East,7,44200.0,24,1,0.944,0,0
A01742,CU01273,2023-01-16,55,28900.0,Salaried,Own,North,14,19100.0,36,0,0.793,0,0
A02626,CU01919,2023-01-16,39,41500.0,Salaried,Rent,North,14,33500.0,12,2,1.024,0,0
A02748,CU02014,2023-01-17,26,47300.0,Self-employed,Mortgage,North,0,9500.0,12,1,0.31,0,0
A01388,CU01012,2023-01-18,55,41300.0,Salaried,Rent,East,4,28500.0,12,1,0.989,1,1
A00895,CU00652,2023-01-18,34,35700.0,Salaried,Mortgage,South,12,18200.0,24,0,0.676,0,0
A00245,CU00181,2023-01-19,75,33500.0,Salaried,Own,North,5,21400.0,24,0,0.864,1,1
A01920,CU01403,2023-01-19,57,47700.0,Salaried,Own,North,0,15300.0,36,0,0.354,0,0
A01612,CU01175,2023-01-19,47,47200.0,Salaried,Mortgage,West,6,41100.0,24,0,1.037,1,1
A01514,CU01104,2023-01-19,21,39400.0,Self-employed,Mortgage,West,7,16600.0,60,2,0.6,0,0
A00878,CU00636,2023-01-20,45,36900.0,Public sector,Mortgage,South,13,6400.0,12,3,0.151,1,1
A02478,CU01805,2023-01-20,44,31600.0,Salaried,Own,South,8,6300.0,60,1,0.317,0,0
A00629,CU00455,2023-01-20,31,11700.0,Salaried,Rent,East,7,8700.0,60,0,0.849,0,0
A02606,CU01902,2023-01-20,42,42500.0,Salaried,Own,East,10,32500.0,12,1,1.031,0,0
A02141,CU01567,2023-01-20,34,50400.0,Salaried,Rent,South,10,16500.0,24,1,0.547,0,0
A00782,CU00555,2023-01-20,35,16300.0,Salaried,Mortgage,East,8,2700.0,12,1,0.263,0,0
A00779,CU00552,2023-01-20,49,36600.0,Public sector,Own,South,0,29800.0,36,0,1.057,0,0
A02858,CU02094,2023-01-20,24,53000.0,Salaried,Own,East,4,44900.0,24,0,1.064,0,0
A00959,CU00705,2023-01-21,33,76900.0,Salaried,Mortgage,South,9,68900.0,36,2,1.041,0,0
A01648,CU01203,2023-01-21,32,23200.0,Public sector,Mortgage,East,11,6000.0,36,0,0.656,0,0
A00877,CU00636,2023-01-21,45,36900.0,Public sector,Mortgage,South,13,31600.0,60,2,1.073,0,0
A01733,CU01267,2023-01-21,21,18300.0,Self-employed,Rent,South,10,4700.0,12,2,0.284,0,0
A01779,CU01302,2023-01-22,44,15200.0,Salaried,Own,West,5,3700.0,36,0,0.352,0,0
A01555,CU01134,2023-01-23,23,58300.0,Salaried,Own,East,21,15900.0,60,1,0.406,0,0
A02105,CU01542,2023-01-23,52,26300.0,Salaried,Own,East,9,3300.0,60,0,0.345,0,0
A02778,CU02038,2023-01-23,30,70200.0,Self-employed,Own,North,6,48000.0,24,1,0.74,0,0
A02611,CU01907,2023-01-23,35,14200.0,Salaried,Rent,East,4,12400.0,24,0,0.997,1,1
A00553,CU00400,2023-01-23,49,19200.0,Salaried,Rent,North,0,5900.0,36,1,0.53,0,0
A01842,CU01346,2023-01-24,29,15500.0,Self-employed,Rent,West,6,11400.0,12,3,0.946,0,0
A02695,CU01973,2023-01-24,57,30900.0,Self-employed,Mortgage,South,11,14600.0,24,1,0.679,0,0
A02529,CU01841,2023-01-25,45,28500.0,Salaried,Mortgage,South,16,18900.0,12,3,0.931,0,0
A02852,CU02088,2023-01-25,37,26500.0,Salaried,Mortgage,East,4,17800.0,60,0,1.03,0,0
A01445,CU01050,2023-01-25,44,20500.0,Salaried,Rent,South,7,5700.0,60,0,0.474,1,1
A02228,CU01628,2023-01-25,46,48200.0,Self-employed,Rent,West,0,31400.0,12,1,0.866,0,0
A00842,CU00605,2023-01-26,36,108800.0,Salaried,Own,South,6,54500.0,36,0,0.721,0,0
A02720,CU01991,2023-01-26,57,66700.0,Salaried,Rent,West,8,51400.0,60,2,0.999,0,0
A00299,CU00221,2023-01-26,30,58500.0,Self-employed,Mortgage,South,7,13300.0,24,1,0.425,0,0
A02856,CU02092,2023-01-27,48,21100.0,Salaried,Rent,South,10,10300.0,24,0,0.643,0,0
A00165,CU00115,2023-01-27,37,72700.0,Salaried,Mortgage,South,0,61300.0,12,1,1.036,0,0
A00840,CU00603,2023-01-28,36,19600.0,Salaried,Rent,West,12,16200.0,36,1,1.093,1,0
A02162,CU01583,2023-01-28,41,32300.0,Self-employed,Rent,West,9,22200.0,24,1,1.054,0,0
A01016,CU00750,2023-01-29,40,48900.0,Public sector,Mortgage,East,8,37200.0,24,1,0.995,0,0
A01221,CU00891,2023-01-29,45,25500.0,Salaried,Own,East,0,10700.0,24,1,0.467,0,0
A00005,CU00004,2023-01-30,36,26300.0,Salaried,Rent,West,0,7600.0,12,0,0.488,0,0
A00780,CU00553,2023-01-30,49,24000.0,Self-employed,Mortgage,East,4,8800.0,24,0,0.656,0,0
A01966,CU01440,2023-01-30,37,41800.0,Unemployed,Rent,East,10,9000.0,12,1,0.405,0,0
A01953,CU01428,2023-01-30,27,34300.0,Salaried,Mortgage,North,4,8600.0,12,1,0.488,0,0
A00190,CU00134,2023-01-31,45,19300.0,Salaried,Rent,West,26,12200.0,12,0,0.86,0,0
A02088,CU01529,2023-01-31,48,41800.0,Public sector,Own,South,0,24800.0,60,0,0.876,0,0
A02917,CU02137,2023-02-01,35,56200.0,Salaried,Own,North,8,20400.0,12,2,0.593,0,0
A01860,CU01361,2023-02-02,31,103000.0,Salaried,Rent,North,7,90500.0,24,2,1.124,0,1
A02089,CU01529,2023-02-02,48,41800.0,Public sector,Own,South,0,9700.0,36,2,0.385,0,0
A02015,CU01475,2023-02-03,35,94100.0,Salaried,Own,North,13,61900.0,24,1,0.837,0,0
A00819,CU00585,2023-02-03,40,36900.0,Salaried,Rent,East,7,11700.0,24,1,0.525,0,0
A00892,CU00649,2023-02-03,35,32800.0,Salaried,Mortgage,North,11,29300.0,36,2,0.901,0,0
A01712,CU01252,2023-02-03,35,74400.0,Salaried,Own,West,6,46200.0,24,1,0.893,0,0
A00584,CU00425,2023-02-04,46,58700.0,Salaried,Rent,North,8,6500.0,24,2,0.425,1,1
A02660,CU01944,2023-02-04,37,53000.0,Salaried,Mortgage,South,7,24800.0,24,0,0.708,0,0
A00424,CU00313,2023-02-04,39,15000.0,Self-employed,Rent,North,15,10300.0,12,1,0.884,0,0
A02944,CU02157,2023-02-05,56,21100.0,Salaried,Mortgage,West,16,12800.0,24,2,0.796,0,0
A00280,CU00206,2023-02-05,56,14600.0,Salaried,Own,West,5,8400.0,36,1,0.809,0,0
A00178,CU00123,2023-02-05,26,32800.0,Self-employed,Mortgage,North,13,8200.0,12,1,0.533,0,0
A01652,CU01206,2023-02-05,40,31800.0,Self-employed,Rent,South,9,24300.0,60,0,0.992,0,0
A02192,CU01601,2023-02-06,38,31900.0,Public sector,Rent,West,17,7900.0,36,1,0.5,0,0
A01232,CU00901,2023-02-06,47,30000.0,Public sector,Own,South,5,15800.0,36,0,0.69,0,0
A01921,CU01404,2023-02-06,59,34300.0,Unemployed,Mortgage,East,10,5600.0,24,3,0.445,1,1
A00826,CU00590,2023-02-06,37,55200.0,Salaried,Rent,North,0,11500.0,36,1,0.528,0,0
A02623,CU01916,2023-02-06,51,15200.0,Public sector,Mortgage,West,12,4200.0,12,0,0.575,0,0
A00960,CU00705,2023-02-06,33,76900.0,Salaried,Mortgage,South,9,33300.0,12,1,0.679,0,0
A00706,CU00511,2023-02-07,45,52800.0,Salaried,Own,North,0,28900.0,36,0,0.737,0,0
A02745,CU02012,2023-02-07,35,30100.0,Salaried,Rent,South,12,18600.0,60,0,0.822,0,0
A01992,CU01461,2023-02-07,40,48600.0,Salaried,Own,East,3,14000.0,36,1,0.427,0,0
A02621,CU01916,2023-02-07,51,15200.0,Public sector,Mortgage,West,12,2300.0,36,0,0.452,0,0
A02921,CU02141,2023-02-07,24,33900.0,Public sector,Rent,North,10,27500.0,60,0,1.0,0,0
A01971,CU01443,2023-02-07,53,42500.0,Self-employed,Rent,South,5,11300.0,12,0,0.539,0,0
A00101,CU00073,2023-02-07,46,30300.0,Salaried,Own,West,7,5500.0,60,3,0.333,0,0
A02627,CU01920,2023-02-09,30,35800.0,Salaried,Mortgage,South,2,11700.0,36,2,0.603,0,0
A02970,CU02176,2023-02-10,50,25300.0,Self-employed,Rent,South,6,15800.0,60,1,0.858,0,0
A01729,CU01265,2023-02-10,68,30100.0,Salaried,Rent,West,6,8800.0,60,0,0.47,0,0
A00781,CU00554,2023-02-10,28,25200.0,Salaried,Mortgage,South,15,19300.0,12,1,0.948,0,0
A01819,CU01330,2023-02-10,35,57600.0,Salaried,Rent,South,1,27700.0,36,3,0.728,0,0
A02644,CU01931,2023-02-11,39,18800.0,Salaried,Mortgage,North,10,6000.0,36,0,0.489,0,0
A00199,CU00142,2023-02-11,58,19500.0,Salaried,Mortgage,South,15,11500.0,12,1,0.786,0,0
A01233,CU00901,2023-02-12,47,30000.0,Public sector,Own,South,5,16400.0,24,2,0.753,0,0
A01473,CU01072,2023-02-12,33,25100.0,Self-employed,Mortgage,South,6,17400.0,12,0,1.043,1,1
A00267,CU00196,2023-02-13,56,35100.0,Salaried,Rent,East,19,18500.0,36,2,0.697,0,0
A02639,CU01927,2023-02-13,40,14600.0,Salaried,Rent,West,8,4900.0,12,0,0.552,0,0
A00919,CU00672,2023-02-13,30,31300.0,Public sector,Rent,West,14,17800.0,12,1,0.67,0,0
A02966,CU02173,2023-02-14,21,37000.0,Salaried,Own,South,0,30200.0,24,0,0.978,1,1
A00736,CU00529,2023-02-14,43,11300.0,Salaried,Mortgage,East,2,7200.0,24,2,0.82,0,0
A02762,CU02026,2023-02-14,40,33500.0,Unemployed,Rent,South,11,14700.0,36,0,0.588,0,0
A00378,CU00278,2023-02-15,38,21900.0,Public sector,Mortgage,South,2,18300.0,12,1,1.076,0,0
A01718,CU01256,2023-02-15,36,7900.0,Salaried,Rent,West,19,900.0,60,1,0.255,0,0
A01493,CU01087,2023-02-17,40,20500.0,Salaried,Own,West,4,4200.0,24,1,0.5,0,0
A02579,CU01877,2023-02-17,38,59800.0,Salaried,Own,East,19,37800.0,12,0,0.919,0,0
A00898,CU00654,2023-02-17,29,28900.0,Salaried,Rent,West,8,13700.0,36,1,0.636,0,0
A00670,CU00484,2023-02-18,45,29600.0,Salaried,Rent,West,0,7300.0,60,0,0.584,1,1
A01163,CU00854,2023-02-19,36,28700.0,Salaried,Rent,East,6,22700.0,36,4,0.851,1,1
A02667,CU01950,2023-02-19,34,27200.0,Public sector,Rent,West,5,10500.0,24,1,0.533,0,0
A02366,CU01730,2023-02-19,31,37500.0,Salaried,Rent,South,9,33000.0,36,0,1.119,0,0
A02005,CU01468,2023-02-20,40,27400.0,Self-employed,Rent,West,8,24300.0,60,2,1.256,1,1
A00823,CU00589,2023-02-20,35,33500.0,Salaried,Own,North,10,11800.0,60,0,0.393,0,0
A00914,CU00668,2023-02-21,55,29100.0,Salaried,Own,East,0,19200.0,36,0,0.938,0,1
A00028,CU00021,2023-02-22,45,37400.0,Salaried,Rent,South,8,28200.0,24,1,0.841,1,1
A02243,CU01642,2023-02-22,36,33300.0,Self-employed,Mortgage,North,10,13600.0,60,0,0.69,0,0
A00348,CU00253,2023-02-22,36,62700.0,Salaried,Mortgage,South,12,32400.0,36,0,0.744,0,0
A01472,CU01071,2023-02-23,39,55900.0,Unemployed,Own,West,4,30700.0,24,0,0.712,0,0
A00813,CU00580,2023-02-23,27,28300.0,Public sector,Own,South,4,9800.0,24,1,0.616,0,0
A02922,CU02141,2023-02-23,24,33900.0,Public sector,Rent,North,10,8900.0,12,1,0.353,0,0
A00342,CU00250,2023-02-23,45,57100.0,Self-employed,Own,South,11,50000.0,36,1,1.093,1,1
A02208,CU01613,2023-02-24,31,18800.0,Self-employed,Own,North,3,4500.0,60,1,0.319,0,0
A02474,CU01803,2023-02-24,48,68300.0,Salaried,Own,East,6,43600.0,24,2,0.857,0,0
A00530,CU00386,2023-02-24,30,39500.0,Public sector,Rent,South,12,11300.0,24,1,0.459,0,0
A01679,CU01225,2023-02-24,46,18800.0,Public sector,Rent,South,14,3100.0,24,2,0.172,0,0
A01711,CU01251,2023-02-24,33,34000.0,Salaried,Own,West,7,4700.0,60,0,0.319,0,0
A00188,CU00132,2023-02-25,62,103600.0,Salaried,Mortgage,West,0,77000.0,36,1,0.845,0,0
A01279,CU00932,2023-02-25,27,35100.0,Self-employed,Own,East,4,6500.0,24,0,0.489,0,0
A02226,CU01626,2023-02-25,50,58700.0,Salaried,Mortgage,East,9,17900.0,60,0,0.493,0,0
A00918,CU00671,2023-02-25,26,66100.0,Unemployed,Rent,South,19,59300.0,60,4,1.034,0,0
A02495,CU01817,2023-02-26,37,57100.0,Salaried,Rent,South,9,49000.0,60,0,0.905,1,1
A00358,CU00262,2023-02-26,40,41100.0,Self-employed,Mortgage,North,0,5200.0,60,0,0.339,0,0
A01108,CU00823,2023-02-26,54,18700.0,Salaried,Rent,North,9,14400.0,24,2,0.917,0,1
A01324,CU00964,2023-02-27,42,26200.0,Self-employed,Rent,East,11,20200.0,36,3,0.874,0,0
A02630,CU01923,2023-02-28,34,8700.0,Self-employed,Mortgage,North,7,5900.0,24,3,0.869,0,0
A00118,CU00083,2023-02-28,54,29500.0,Salaried,Mortgage,North,4,20200.0,12,0,1.001,0,0
A01465,CU01066,2023-02-28,23,25300.0,Public sector,Own,South,13,4700.0,24,0,0.433,0,0
A00591,CU00430,2023-02-28,32,86800.0,Self-employed,Mortgage,West,0,34500.0,36,0,0.546,0,0
A01580,CU01150,2023-02-28,50,32800.0,Salaried,Rent,East,0,23800.0,60,2,0.93,1,1
A01387,CU01012,2023-02-28,55,41300.0,Salaried,Rent,East,4,25700.0,60,1,0.735,0,0
A01158,CU00850,2023-03-01,22,33100.0,Salaried,Own,East,12,14200.0,24,2,0.734,0,0
A01424,CU01037,2023-03-01,28,29200.0,Self-employed,Rent,North,4,5300.0,24,2,0.362,1,1
A02550,CU01855,2023-03-02,60,13000.0,Salaried,Own,North,7,5700.0,24,0,0.655,0,0
A00253,CU00187,2023-03-02,38,35400.0,Salaried,Mortgage,North,11,12200.0,12,0,0.501,0,0
A03000,CU02197,2023-03-03,42,72500.0,Salaried,Mortgage,South,6,50700.0,12,1,0.842,0,0
A01316,CU00958,2023-03-03,44,34400.0,Salaried,Own,West,8,30900.0,24,1,1.045,0,0
A01768,CU01292,2023-03-03,49,48700.0,Salaried,Mortgage,South,5,29600.0,12,1,0.814,0,0
A02213,CU01617,2023-03-03,46,82100.0,Unemployed,Rent,West,7,22300.0,36,0,0.504,0,0
A00865,CU00624,2023-03-03,23,31600.0,Self-employed,Own,South,4,21600.0,60,1,0.966,0,0
A02060,CU01508,2023-03-04,46,20900.0,Salaried,Rent,North,0,18800.0,24,1,1.143,0,0
A01962,CU01436,2023-03-04,36,44800.0,Unemployed,Rent,East,5,10400.0,12,0,0.401,0,0
A00481,CU00352,2023-03-05,32,76000.0,Salaried,Own,South,6,62900.0,12,0,1.019,0,0
A00547,CU00396,2023-03-05,40,32300.0,Salaried,Mortgage,North,14,21700.0,60,0,0.784,0,0
A02123,CU01553,2023-03-05,40,36900.0,Public sector,Mortgage,East,12,17600.0,12,0,0.708,0,0
A02012,CU01472,2023-03-05,27,49100.0,Public sector,Mortgage,South,7,19700.0,12,1,0.532,0,0
A01969,CU01441,2023-03-06,29,21600.0,Salaried,Rent,South,10,4700.0,60,0,0.407,0,0
A01858,CU01359,2023-03-07,37,36300.0,Unemployed,Rent,North,11,3900.0,12,0,0.352,0,0
A01336,CU00973,2023-03-07,42,55500.0,Salaried,Rent,West,17,25600.0,12,0,0.652,0,0
A00032,CU00023,2023-03-08,36,83900.0,Salaried,Mortgage,North,11,60200.0,12,3,0.873,0,0
A00713,CU00515,2023-03-09,48,18400.0,Public sector,Mortgage,East,14,10700.0,24,0,0.767,0,0
A01600,CU01164,2023-03-09,47,15000.0,Unemployed,Mortgage,North,9,4800.0,60,1,0.437,1,1
A00167,CU00116,2023-03-09,46,15000.0,Public sector,Rent,East,16,7400.0,12,0,0.638,0,0
A00097,CU00072,2023-03-09,35,23500.0,Public sector,Own,South,9,21000.0,24,2,1.093,1,1
A01769,CU01293,2023-03-10,38,37500.0,Public sector,Mortgage,North,10,17800.0,24,0,0.637,0,0
A01660,CU01209,2023-03-10,49,40800.0,Salaried,Rent,South,6,19900.0,36,0,0.637,0,0
A00368,CU00270,2023-03-10,40,17300.0,Public sector,Rent,North,6,12300.0,12,0,0.89,1,1
A00922,CU00674,2023-03-10,46,23300.0,Salaried,Mortgage,West,14,12800.0,60,0,0.688,0,0
A00195,CU00139,2023-03-10,52,30800.0,Self-employed,Rent,North,13,7900.0,24,1,0.262,0,0
A01278,CU00931,2023-03-10,32,27100.0,Salaried,Rent,South,15,20400.0,36,0,0.967,0,0
A00619,CU00449,2023-03-11,33,41700.0,Salaried,Rent,North,6,17100.0,60,0,0.546,0,0
A00261,CU00193,2023-03-11,51,36700.0,Self-employed,Mortgage,East,12,19600.0,36,1,0.796,0,0
A01847,CU01350,2023-03-12,38,51700.0,Salaried,Rent,South,5,20000.0,24,0,0.517,0,0
A01045,CU00775,2023-03-12,52,44200.0,Salaried,Rent,South,2,33300.0,36,0,0.809,0,0
A00151,CU00106,2023-03-13,30,42700.0,Salaried,Rent,West,13,33200.0,24,0,1.026,0,0
A00257,CU00189,2023-03-13,40,54600.0,Salaried,Mortgage,East,0,20600.0,12,1,0.601,0,0
A01938,CU01418,2023-03-13,58,40700.0,Public sector,Rent,North,11,8200.0,60,0,0.532,0,0
A01970,CU01442,2023-03-13,50,25300.0,Salaried,Rent,North,14,4500.0,24,0,0.335,0,0
A00753,CU00538,2023-03-14,43,31500.0,Public sector,Rent,West,9,3500.0,12,2,0.414,0,0
A00477,CU00350,2023-03-14,33,55200.0,Salaried,Own,North,12,13500.0,60,0,0.444,0,0
A02699,CU01977,2023-03-14,37,15500.0,Public sector,Rent,South,5,4100.0,24,1,0.381,0,0
A00119,CU00083,2023-03-14,54,29500.0,Salaried,Mortgage,North,4,9800.0,12,0,0.545,0,0
A01776,CU01299,2023-03-15,39,55900.0,Self-employed,Mortgage,South,16,22400.0,12,1,0.684,0,0
A02286,CU01675,2023-03-15,42,39800.0,Salaried,Own,South,7,21200.0,24,1,0.711,0,0
A02721,CU01992,2023-03-15,33,16200.0,Public sector,Own,South,17,11700.0,12,3,0.981,0,0
A00417,CU00308,2023-03-15,38,76700.0,Self-employed,Own,West,5,50700.0,36,0,0.911,1,0
A00874,CU00633,2023-03-17,46,27100.0,Salaried,Rent,West,5,20900.0,12,0,0.945,0,0
A01090,CU00811,2023-03-18,23,39700.0,Self-employed,Mortgage,East,9,14600.0,60,1,0.594,0,0
A02277,CU01667,2023-03-18,41,21000.0,Salaried,Mortgage,West,7,4900.0,60,0,0.387,0,0
A00601,CU00436,2023-03-18,47,102200.0,Salaried,Mortgage,East,2,58600.0,12,1,0.784,0,0
A00747,CU00536,2023-03-19,59,47200.0,Salaried,Mortgage,South,7,5200.0,36,1,0.315,0,0
A01701,CU01243,2023-03-20,46,35100.0,Self-employed,Mortgage,South,13,10300.0,24,0,0.507,0,0
A00058,CU00045,2023-03-20,54,38100.0,Public sector,Rent,South,10,7600.0,36,2,0.274,0,0
A01482,CU01077,2023-03-20,42,40300.0,Salaried,Own,East,3,30700.0,60,0,0.898,1,1
A00915,CU00669,2023-03-20,49,39100.0,Salaried,Rent,West,7,18200.0,12,1,0.75,0,0
A01204,CU00882,2023-03-20,46,26600.0,Unemployed,Rent,West,16,16600.0,60,1,0.846,1,1
A00989,CU00730,2023-03-20,55,42300.0,Self-employed,Rent,North,1,36200.0,24,1,1.031,0,0
A01307,CU00954,2023-03-20,23,22600.0,Unemployed,Rent,North,20,10200.0,36,2,0.673,0,0
A01666,CU01213,2023-03-21,38,31300.0,Self-employed,Own,South,3,16100.0,12,0,0.544,0,0
A02575,CU01873,2023-03-21,62,165800.0,Self-employed,Own,North,14,123800.0,24,1,0.991,0,0
A01706,CU01246,2023-03-21,45,11700.0,Self-employed,Own,East,20,10000.0,36,1,1.207,0,0
A00575,CU00419,2023-03-21,42,40100.0,Public sector,Rent,North,2,5600.0,36,0,0.385,0,0
A01831,CU01338,2023-03-22,34,30700.0,Salaried,Mortgage,North,10,19300.0,36,0,0.869,0,0
A02178,CU01594,2023-03-22,37,45700.0,Self-employed,Rent,South,4,28700.0,12,0,0.803,0,0
A00732,CU00525,2023-03-23,53,67600.0,Salaried,Own,East,9,28300.0,60,0,0.77,0,0
A02799,CU02054,2023-03-23,49,42100.0,Self-employed,Rent,North,8,13200.0,24,0,0.548,0,0
A00129,CU00090,2023-03-23,50,27200.0,Salaried,Rent,East,7,11600.0,36,1,0.598,0,0
A02608,CU01904,2023-03-23,48,21500.0,Public sector,Rent,North,12,13100.0,36,1,0.857,0,0
A00415,CU00306,2023-03-23,34,42800.0,Public sector,Own,North,4,37000.0,12,0,1.045,1,1
A00467,CU00343,2023-03-24,50,38700.0,Self-employed,Rent,South,16,11500.0,36,2,0.425,1,1
A00917,CU00671,2023-03-24,26,66100.0,Unemployed,Rent,South,19,55800.0,12,1,1.034,1,1
A01429,CU01040,2023-03-24,28,17900.0,Public sector,Mortgage,West,7,6700.0,12,1,0.535,0,0
A01226,CU00895,2023-03-24,46,42700.0,Salaried,Rent,East,0,36700.0,60,0,1.032,0,0
A01674,CU01220,2023-03-25,58,17600.0,Salaried,Rent,East,7,9400.0,24,0,0.779,0,0
A02231,CU01631,2023-03-25,45,36000.0,Public sector,Rent,South,5,12800.0,36,1,0.585,1,1
A00952,CU00700,2023-03-25,34,25600.0,Salaried,Rent,West,8,2600.0,12,0,0.261,0,0
A02321,CU01698,2023-03-26,50,17300.0,Self-employed,Own,South,5,14800.0,24,1,1.019,0,0
A00392,CU00288,2023-03-26,21,18600.0,Salaried,Mortgage,South,0,16300.0,12,1,1.104,1,1
A00697,CU00504,2023-03-26,31,62100.0,Self-employed,Rent,South,14,25500.0,36,0,0.609,0,0
A00563,CU00409,2023-03-27,33,29400.0,Salaried,Rent,South,9,6800.0,36,0,0.423,0,0
A00515,CU00377,2023-03-27,44,58800.0,Public sector,Rent,South,2,15900.0,12,1,0.304,0,0
A01869,CU01366,2023-03-27,49,46300.0,Self-employed,Rent,West,14,14500.0,24,0,0.404,0,0
A01008,CU00743,2023-03-28,30,40000.0,Salaried,Own,East,4,17800.0,60,1,0.863,1,1
A02640,CU01927,2023-03-28,40,14600.0,Salaried,Rent,West,8,5900.0,60,0,0.659,0,0
A01976,CU01447,2023-03-28,48,62500.0,Salaried,Rent,South,10,35700.0,60,0,0.722,0,0
A00581,CU00422,2023-03-28,32,41300.0,Public sector,Mortgage,West,5,25200.0,36,0,0.818,0,0
A00073,CU00056,2023-03-30,24,14200.0,Salaried,Rent,South,7,9500.0,60,0,0.856,0,0
A00282,CU00207,2023-03-31,46,107900.0,Public sector,Own,West,7,48300.0,24,0,0.675,0,0
A01214,CU00888,2023-04-01,52,47300.0,Self-employed,Rent,East,5,37000.0,12,0,0.913,0,0
A00356,CU00260,2023-04-01,33,29600.0,Salaried,Own,North,10,10100.0,24,1,0.487,0,0
A00184,CU00129,2023-04-01,56,37100.0,Salaried,Rent,North,9,13500.0,12,0,0.716,0,0
A00067,CU00054,2023-04-03,49,28700.0,Self-employed,Own,East,5,10400.0,24,0,0.523,0,0
A01524,CU01110,2023-04-03,45,44700.0,Self-employed,Rent,South,11,17800.0,36,1,0.45,0,0
A01993,CU01461,2023-04-03,40,48600.0,Salaried,Own,East,3,19000.0,24,0,0.648,0,0
A01640,CU01196,2023-04-04,33,35200.0,Salaried,Rent,West,6,11500.0,36,0,0.462,0,0
A02566,CU01867,2023-04-04,54,23200.0,Salaried,Own,West,4,13400.0,36,1,0.722,0,0
A01688,CU01232,2023-04-04,42,36600.0,Public sector,Own,East,0,4400.0,12,0,0.174,0,0
A00315,CU00231,2023-04-04,36,34600.0,Salaried,Rent,West,9,5600.0,24,1,0.354,0,0
A02410,CU01756,2023-04-05,24,107200.0,Salaried,Own,East,2,84400.0,36,3,0.957,0,0
A00316,CU00232,2023-04-06,48,21000.0,Salaried,Mortgage,West,14,10100.0,60,0,0.787,0,0
A00911,CU00665,2023-04-07,38,19700.0,Salaried,Rent,South,2,10100.0,36,1,0.728,0,0
A00091,CU00068,2023-04-07,36,45700.0,Unemployed,Rent,North,12,13100.0,12,0,0.367,0,0
A00749,CU00537,2023-04-07,42,33000.0,Self-employed,Mortgage,West,8,5100.0,36,1,0.302,0,1
A02122,CU01553,2023-04-07,40,36900.0,Public sector,Mortgage,East,12,25400.0,60,0,0.791,0,0
A01543,CU01125,2023-04-08,53,23500.0,Salaried,Own,North,9,12000.0,24,1,0.769,0,0
A02967,CU02174,2023-04-08,49,46500.0,Salaried,Rent,East,4,13500.0,24,1,0.661,0,0
A01004,CU00740,2023-04-09,39,29800.0,Salaried,Rent,North,5,12500.0,36,1,0.714,0,0
A02972,CU02177,2023-04-09,41,46200.0,Salaried,Rent,East,0,40800.0,24,0,1.261,0,0
A00653,CU00473,2023-04-09,35,61800.0,Salaried,Own,East,4,25800.0,60,0,0.595,0,0
A01789,CU01309,2023-04-09,31,41200.0,Salaried,Rent,West,2,16700.0,12,0,0.642,0,0
A01296,CU00945,2023-04-09,43,27000.0,Self-employed,Mortgage,South,3,18700.0,60,1,0.968,0,0
A02676,CU01956,2023-04-10,44,24300.0,Self-employed,Rent,West,13,14400.0,60,0,0.786,0,0
A00006,CU00005,2023-04-12,43,15800.0,Unemployed,Rent,West,6,13800.0,60,2,1.06,1,1
A01865,CU01364,2023-04-12,53,38900.0,Self-employed,Own,East,9,33600.0,60,2,1.221,1,1
A01448,CU01053,2023-04-12,27,76400.0,Salaried,Mortgage,South,5,21500.0,36,0,0.512,0,0
A00320,CU00235,2023-04-12,44,31300.0,Public sector,Mortgage,East,7,11700.0,36,2,0.495,1,1
A00943,CU00691,2023-04-12,51,67100.0,Public sector,Rent,South,0,47300.0,60,1,1.016,0,0
A01062,CU00786,2023-04-13,29,38000.0,Self-employed,Rent,East,7,4300.0,24,0,0.368,0,0
A02873,CU02106,2023-04-13,51,27200.0,Public sector,Own,South,7,23500.0,12,1,1.259,1,1
A02133,CU01561,2023-04-14,56,38800.0,Unemployed,Mortgage,West,5,25500.0,12,0,0.964,0,0
A00871,CU00630,2023-04-14,36,20600.0,Unemployed,Mortgage,North,9,14900.0,24,1,0.925,0,0
A00775,CU00550,2023-04-15,46,12400.0,Self-employed,Own,South,10,8500.0,12,0,0.869,0,0
A00866,CU00625,2023-04-15,41,26500.0,Public sector,Rent,North,5,14300.0,36,1,0.683,0,0
A00827,CU00591,2023-04-16,43,16900.0,Public sector,Mortgage,North,6,13600.0,36,1,0.955,0,0
A00634,CU00458,2023-04-16,42,20500.0,Public sector,Mortgage,North,15,7800.0,36,2,0.624,0,0
A01107,CU00822,2023-04-17,43,36900.0,Self-employed,Own,East,7,11900.0,12,3,0.471,0,0
A02634,CU01925,2023-04-17,41,27900.0,Public sector,Rent,West,8,20900.0,36,0,0.915,0,0
A01554,CU01133,2023-04-17,37,23800.0,Salaried,Rent,South,2,4000.0,24,2,0.37,1,1
A01630,CU01190,2023-04-17,51,52000.0,Salaried,Own,East,8,5700.0,60,1,0.242,0,0
A02651,CU01937,2023-04-17,23,38700.0,Salaried,Mortgage,South,6,6200.0,36,0,0.318,1,1
A00089,CU00066,2023-04-19,43,44100.0,Self-employed,Own,West,10,18600.0,24,1,0.547,0,0
A00792,CU00563,2023-04-20,63,65400.0,Public sector,Rent,East,9,54800.0,60,0,1.055,0,0
A02791,CU02047,2023-04-21,37,40800.0,Self-employed,Own,South,7,7000.0,60,0,0.394,0,0
A02693,CU01971,2023-04-23,33,15100.0,Salaried,Own,West,10,12800.0,24,1,1.045,0,0
A00642,CU00465,2023-04-23,37,31600.0,Public sector,Rent,East,0,24200.0,12,3,1.062,1,1
A00926,CU00678,2023-04-23,21,134800.0,Public sector,Rent,South,12,17900.0,24,1,0.359,0,0
A02016,CU01476,2023-04-24,21,40500.0,Self-employed,Rent,East,0,31700.0,24,0,1.043,0,0
A01758,CU01284,2023-04-24,37,59000.0,Salaried,Mortgage,South,8,37200.0,24,1,0.865,0,0
A02151,CU01574,2023-04-24,47,22700.0,Self-employed,Rent,South,12,11700.0,36,1,0.802,0,0
A02327,CU01702,2023-04-24,38,20700.0,Salaried,Rent,East,0,6300.0,60,0,0.495,0,0
A00143,CU00099,2023-04-24,31,55100.0,Unemployed,Mortgage,North,0,37200.0,24,1,0.881,1,1
A00652,CU00473,2023-04-25,35,61800.0,Salaried,Own,East,4,41200.0,60,1,0.806,1,1
A00524,CU00383,2023-04-25,45,46100.0,Salaried,Mortgage,South,9,22800.0,60,0,0.559,0,0
A00540,CU00393,2023-04-25,44,39100.0,Salaried,Rent,West,8,7800.0,24,0,0.432,0,0
A01714,CU01253,2023-04-26,37,52600.0,Salaried,Rent,West,1,23100.0,36,1,0.648,0,0
A02260,CU01656,2023-04-26,46,47000.0,Salaried,Rent,West,4,10200.0,60,1,0.385,0,0
A00490,CU00361,2023-04-26,41,23800.0,Salaried,Own,West,4,2700.0,36,0,0.309,0,0
A02160,CU01581,2023-04-27,31,49100.0,Salaried,Rent,South,9,28500.0,12,3,0.716,0,0
A00492,CU00361,2023-04-28,41,23800.0,Salaried,Own,West,4,4800.0,36,0,0.321,0,0
A01412,CU01027,2023-04-29,50,19700.0,Salaried,Own,West,0,15200.0,24,1,0.983,0,0
A01180,CU00865,2023-04-29,27,30600.0,Public sector,Rent,South,10,17800.0,60,3,0.769,0,0
A00491,CU00361,2023-04-30,41,23800.0,Salaried,Own,West,4,8700.0,12,0,0.533,0,0
A00263,CU00194,2023-04-30,38,148400.0,Salaried,Own,East,9,133200.0,60,0,1.106,0,0
A00465,CU00342,2023-04-30,37,59400.0,Public sector,Rent,South,15,51600.0,60,0,0.929,0,0
A01187,CU00871,2023-04-30,45,17000.0,Public sector,Rent,West,3,13800.0,60,1,0.995,0,0
A02555,CU01859,2023-05-01,47,76700.0,Salaried,Rent,South,4,41700.0,24,0,0.684,0,0
A00742,CU00533,2023-05-01,51,19200.0,Salaried,Rent,West,11,3500.0,12,0,0.373,0,0
A02535,CU01844,2023-05-01,39,42500.0,Salaried,Mortgage,East,3,15000.0,12,4,0.546,1,1
A00927,CU00679,2023-05-01,33,14300.0,Public sector,Rent,South,4,1900.0,24,2,0.333,0,0
A01562,CU01139,2023-05-01,45,20900.0,Salaried,Own,South,3,10400.0,12,0,0.739,0,0
A00854,CU00615,2023-05-01,29,34700.0,Salaried,Mortgage,West,12,10300.0,24,2,0.638,0,0
A01156,CU00848,2023-05-02,23,46100.0,Salaried,Mortgage,West,5,15100.0,24,1,0.411,0,0
A02777,CU02037,2023-05-02,28,23500.0,Salaried,Mortgage,West,0,20800.0,12,2,1.014,0,0
A00817,CU00583,2023-05-02,49,34300.0,Self-employed,Mortgage,South,4,19600.0,60,1,0.784,0,0
A02809,CU02060,2023-05-02,49,53800.0,Salaried,Rent,South,2,48300.0,60,0,0.931,0,0
A00729,CU00524,2023-05-03,34,62500.0,Salaried,Own,North,6,52100.0,24,3,1.029,0,0
A01797,CU01315,2023-05-03,57,19900.0,Public sector,Mortgage,West,11,13100.0,12,1,0.913,0,0
A01372,CU01000,2023-05-04,38,28100.0,Salaried,Rent,West,13,10800.0,60,0,0.535,0,0
A00828,CU00592,2023-05-04,43,48500.0,Salaried,Own,North,0,14500.0,60,2,0.448,0,0
A02864,CU02098,2023-05-04,44,23300.0,Public sector,Own,East,17,2800.0,36,0,0.359,0,0
A00510,CU00372,2023-05-04,51,34600.0,Salaried,Mortgage,West,7,18100.0,12,0,0.607,0,0
A01186,CU00870,2023-05-05,34,35300.0,Salaried,Rent,East,4,12400.0,60,1,0.633,0,0
A00352,CU00256,2023-05-07,44,48000.0,Salaried,Rent,South,3,11000.0,12,1,0.371,0,0
A01912,CU01397,2023-05-07,54,73700.0,Self-employed,Rent,West,7,18500.0,12,0,0.387,0,0
A00873,CU00632,2023-05-07,40,54400.0,Salaried,Mortgage,South,6,13900.0,12,0,0.4,0,0
A02448,CU01787,2023-05-08,22,85400.0,Salaried,Rent,West,13,15300.0,60,0,0.194,0,0
A01153,CU00846,2023-05-09,39,27800.0,Salaried,Mortgage,East,7,12700.0,12,3,0.671,1,1
A00403,CU00297,2023-05-10,47,18600.0,Salaried,Rent,North,13,13900.0,60,0,0.768,0,0
A00277,CU00204,2023-05-10,47,11400.0,Salaried,Rent,South,11,3400.0,36,0,0.718,0,0
A02652,CU01938,2023-05-11,53,42200.0,Salaried,Rent,South,7,35000.0,60,1,1.117,0,0
A01133,CU00835,2023-05-11,53,16000.0,Salaried,Mortgage,South,3,12900.0,12,0,0.921,1,1
A01502,CU01094,2023-05-11,31,42700.0,Salaried,Rent,South,8,38400.0,12,0,1.092,1,1
A02311,CU01690,2023-05-12,59,37200.0,Public sector,Own,East,1,26900.0,12,1,0.721,0,0
A02042,CU01496,2023-05-12,45,53100.0,Public sector,Mortgage,North,7,38700.0,60,0,0.839,0,0
A02958,CU02168,2023-05-13,46,17600.0,Salaried,Rent,East,14,12500.0,60,0,0.917,0,0
A01048,CU00776,2023-05-13,44,62400.0,Public sector,Mortgage,West,12,38100.0,24,1,0.895,0,0
A02804,CU02057,2023-05-13,25,19600.0,Self-employed,Rent,East,7,12000.0,60,0,0.735,0,0
A01603,CU01167,2023-05-13,41,41200.0,Salaried,Rent,North,0,31600.0,12,4,0.946,0,0
A00292,CU00217,2023-05-14,35,114200.0,Salaried,Own,South,8,65000.0,24,2,0.589,0,0
A02756,CU02021,2023-05-14,27,70100.0,Self-employed,Mortgage,North,6,56100.0,12,1,1.092,0,0
A02497,CU01817,2023-05-14,37,57100.0,Salaried,Rent,South,9,14000.0,60,2,0.435,0,0
A02376,CU01736,2023-05-15,32,40600.0,Salaried,Mortgage,East,15,34400.0,12,1,1.101,0,0
A02079,CU01523,2023-05-15,44,43800.0,Salaried,Rent,South,6,39100.0,60,0,1.045,0,0
A01661,CU01210,2023-05-17,51,18600.0,Salaried,Rent,North,6,4400.0,60,0,0.49,0,0
A01213,CU00888,2023-05-17,52,47300.0,Self-employed,Rent,East,5,28100.0,12,0,0.822,0,0
A02664,CU01948,2023-05-17,34,19100.0,Salaried,Rent,West,7,13500.0,60,0,0.931,0,0
A00574,CU00418,2023-05-18,50,20500.0,Salaried,Own,West,4,9500.0,12,0,0.698,0,0
A01678,CU01224,2023-05-18,45,65800.0,Salaried,Own,West,6,55400.0,24,0,1.096,0,0
A01500,CU01092,2023-05-19,29,11100.0,Salaried,Rent,South,1,3200.0,24,0,0.464,0,0
A02764,CU02027,2023-05-19,40,34800.0,Salaried,Rent,North,10,18900.0,60,2,0.708,0,0
A00090,CU00067,2023-05-19,37,49400.0,Public sector,Own,South,3,5800.0,24,0,0.363,0,0
A02038,CU01494,2023-05-19,35,35000.0,Salaried,Mortgage,West,7,20800.0,24,0,0.694,0,0
A00301,CU00222,2023-05-20,37,59900.0,Salaried,Mortgage,East,8,21900.0,60,1,0.432,0,0
A02040,CU01495,2023-05-20,22,58100.0,Public sector,Rent,West,3,22900.0,24,2,0.659,1,1
A02774,CU02034,2023-05-20,33,71700.0,Salaried,Rent,North,2,31400.0,24,1,0.566,0,0
A01785,CU01306,2023-05-20,25,57800.0,Salaried,Mortgage,South,9,34500.0,12,0,0.851,0,0
A00310,CU00227,2023-05-20,48,46600.0,Salaried,Rent,West,5,13700.0,12,0,0.525,0,0
A02233,CU01633,2023-05-21,52,40100.0,Self-employed,Own,East,12,34300.0,36,0,1.074,0,0
A01892,CU01381,2023-05-21,42,87300.0,Salaried,Rent,North,4,32700.0,12,2,0.41,0,0
A02480,CU01806,2023-05-21,21,18700.0,Salaried,Mortgage,West,11,5600.0,24,0,0.496,0,0
A01563,CU01140,2023-05-22,28,103300.0,Salaried,Own,North,4,85800.0,60,0,1.051,0,0
A01426,CU01038,2023-05-22,53,41600.0,Self-employed,Mortgage,North,14,37100.0,60,0,1.112,0,0
A01670,CU01216,2023-05-23,45,42700.0,Salaried,Mortgage,North,8,16200.0,60,0,0.697,0,0
A01246,CU00909,2023-05-24,58,32700.0,Salaried,Rent,East,4,18300.0,24,0,0.72,0,0
A00559,CU00405,2023-05-25,45,23500.0,Salaried,Rent,East,11,18300.0,60,0,1.022,0,0
A01896,CU01384,2023-05-25,59,18300.0,Salaried,Own,North,13,10800.0,60,4,0.821,1,1
A01345,CU00979,2023-05-25,33,40100.0,Salaried,Own,South,12,28400.0,60,1,0.813,0,0
A01289,CU00940,2023-05-25,28,22800.0,Self-employed,Rent,South,11,19700.0,36,0,0.952,0,0
A02992,CU02192,2023-05-26,38,57000.0,Salaried,Mortgage,North,15,41400.0,24,0,1.045,1,1
A00017,CU00012,2023-05-26,30,24800.0,Salaried,Rent,East,0,16500.0,12,0,0.871,0,0
A02258,CU01654,2023-05-26,54,22000.0,Salaried,Rent,West,8,7500.0,60,0,0.57,0,0
A00072,CU00056,2023-05-26,24,14200.0,Salaried,Rent,South,7,12000.0,36,2,1.217,0,0
A01881,CU01374,2023-05-26,56,38100.0,Salaried,Mortgage,West,0,9400.0,60,1,0.442,0,0
A01078,CU00799,2023-05-27,56,37100.0,Public sector,Rent,South,6,27100.0,60,0,1.015,0,0
A02519,CU01836,2023-05-27,51,33900.0,Self-employed,Mortgage,East,10,3800.0,24,0,0.319,0,0
A01435,CU01042,2023-05-27,48,18800.0,Salaried,Mortgage,East,4,12000.0,60,1,0.911,1,0
A02081,CU01523,2023-05-28,44,43800.0,Salaried,Rent,South,6,23900.0,24,1,0.631,0,0
A01799,CU01316,2023-05-28,54,68400.0,Salaried,Rent,East,11,58000.0,12,0,1.08,0,0
A01183,CU00868,2023-05-29,37,12400.0,Self-employed,Rent,West,5,9700.0,36,0,0.887,0,0
A01787,CU01307,2023-05-29,54,45000.0,Salaried,Mortgage,South,4,4600.0,24,0,0.212,0,0
A01999,CU01465,2023-05-29,53,38300.0,Salaried,Mortgage,East,8,10700.0,60,2,0.24,0,0
A02419,CU01765,2023-05-29,36,64900.0,Salaried,Rent,South,10,30200.0,60,2,0.528,0,0
A00858,CU00619,2023-05-30,52,20200.0,Salaried,Rent,East,4,9700.0,60,2,0.577,0,0
A02114,CU01548,2023-05-30,45,38300.0,Self-employed,Mortgage,East,11,20300.0,24,0,0.725,0,0
A01915,CU01399,2023-05-30,41,10100.0,Salaried,Mortgage,East,5,8700.0,60,0,1.093,0,0
A00012,CU00009,2023-05-31,48,34900.0,Salaried,Mortgage,East,9,19200.0,12,0,0.651,0,0
A01020,CU00754,2023-05-31,36,41400.0,Salaried,Own,North,2,11500.0,36,0,0.381,0,0
A02860,CU02096,2023-05-31,23,13300.0,Salaried,Mortgage,West,8,10400.0,12,1,0.968,0,0
A01898,CU01385,2023-05-31,60,42700.0,Public sector,Own,North,0,5500.0,60,1,0.377,0,0
A02588,CU01886,2023-06-01,58,38500.0,Self-employed,Rent,West,5,7000.0,12,0,0.359,0,0
A01685,CU01229,2023-06-01,51,49300.0,Unemployed,Mortgage,South,0,30100.0,24,3,0.998,1,1
A01194,CU00876,2023-06-01,30,104900.0,Salaried,Rent,West,9,54700.0,24,0,0.649,0,0
A00741,CU00532,2023-06-01,32,29700.0,Public sector,Rent,East,10,16200.0,60,0,0.695,0,0
A00232,CU00171,2023-06-02,37,31500.0,Public sector,Mortgage,East,5,21400.0,12,1,0.847,0,0
A01040,CU00770,2023-06-02,48,28500.0,Salaried,Rent,East,0,6900.0,60,0,0.514,0,0
A00110,CU00078,2023-06-02,34,35500.0,Public sector,Rent,East,6,18400.0,24,1,0.637,0,0
A01032,CU00763,2023-06-02,28,48300.0,Salaried,Rent,South,4,5500.0,36,1,0.277,0,0
A02252,CU01648,2023-06-03,43,19400.0,Self-employed,Own,North,4,9800.0,60,1,0.763,0,0
A00712,CU00515,2023-06-04,48,18400.0,Public sector,Mortgage,East,14,9900.0,60,3,0.649,0,0
A02187,CU01599,2023-06-05,42,94000.0,Salaried,Mortgage,North,11,11100.0,24,0,0.467,0,1
A01638,CU01196,2023-06-05,33,35200.0,Salaried,Rent,West,6,8000.0,60,0,0.489,0,0
A00142,CU00098,2023-06-06,42,60400.0,Salaried,Mortgage,South,5,22600.0,24,3,0.565,1,1
A02725,CU01996,2023-06-06,36,63800.0,Salaried,Mortgage,East,2,54300.0,24,0,0.937,0,0
A01007,CU00743,2023-06-06,30,40000.0,Salaried,Own,East,4,11000.0,60,2,0.404,0,0
A01393,CU01015,2023-06-06,45,23500.0,Unemployed,Rent,West,13,9100.0,12,2,0.57,0,0
A01284,CU00937,2023-06-07,39,19400.0,Salaried,Mortgage,North,13,10700.0,60,1,0.884,0,0
A02838,CU02079,2023-06-07,45,68900.0,Salaried,Mortgage,South,8,57400.0,60,1,1.085,1,1
A02316,CU01695,2023-06-07,51,102100.0,Salaried,Mortgage,North,14,85700.0,12,1,0.953,0,0
A01510,CU01101,2023-06-07,37,60000.0,Salaried,Rent,South,7,9000.0,36,1,0.321,0,0
A02924,CU02143,2023-06-08,59,27000.0,Self-employed,Own,North,5,18200.0,60,0,0.754,1,1
A02437,CU01779,2023-06-08,58,38400.0,Salaried,Rent,South,13,28800.0,12,0,0.946,0,0
A01589,CU01155,2023-06-08,21,28600.0,Salaried,Rent,North,9,25100.0,60,0,1.154,0,0
A01820,CU01330,2023-06-08,35,57600.0,Salaried,Rent,South,1,47500.0,24,2,0.822,0,0
A00361,CU00265,2023-06-08,43,46600.0,Salaried,Rent,North,2,12500.0,60,1,0.544,1,1
A00885,CU00642,2023-06-10,55,32100.0,Salaried,Own,West,9,27700.0,36,0,0.884,0,0
A00979,CU00722,2023-06-11,56,18500.0,Salaried,Mortgage,South,9,9800.0,60,2,0.755,0,0
A00340,CU00248,2023-06-11,44,22700.0,Salaried,Mortgage,West,11,8000.0,36,1,0.488,0,0
A01086,CU00807,2023-06-11,37,28700.0,Salaried,Rent,East,10,5600.0,24,3,0.353,0,0
A00016,CU00011,2023-06-12,55,38000.0,Self-employed,Rent,East,0,13900.0,36,2,0.521,0,0
A00473,CU00349,2023-06-12,32,24200.0,Public sector,Mortgage,East,12,17600.0,24,2,0.957,0,0
A01983,CU01454,2023-06-13,24,50200.0,Salaried,Rent,West,0,37000.0,12,0,0.823,0,0
A01995,CU01463,2023-06-13,54,25700.0,Self-employed,Mortgage,North,7,10300.0,12,0,0.661,0,0
A02341,CU01714,2023-06-13,42,54900.0,Salaried,Rent,East,7,20700.0,60,0,0.461,0,0
A01952,CU01427,2023-06-14,46,50900.0,Salaried,Mortgage,South,13,5300.0,12,0,0.292,0,0
A01982,CU01453,2023-06-14,48,45200.0,Salaried,Own,East,11,30600.0,24,0,0.9,0,0
A00531,CU00387,2023-06-15,40,30300.0,Salaried,Own,North,6,12500.0,36,0,0.63,0,0
A01955,CU01430,2023-06-15,28,28100.0,Salaried,Own,South,12,22300.0,12,0,0.934,0,0
A02169,CU01589,2023-06-16,31,89000.0,Self-employed,Mortgage,East,7,74400.0,36,2,0.966,0,1
A00319,CU00235,2023-06-17,44,31300.0,Public sector,Mortgage,East,7,8300.0,60,0,0.485,0,0
A02568,CU01868,2023-06-18,42,26900.0,Salaried,Mortgage,East,13,18100.0,24,2,0.878,0,0
A01918,CU01402,2023-06-18,39,117000.0,Unemployed,Rent,South,9,73300.0,36,4,0.914,1,1
A02879,CU02109,2023-06-18,26,34200.0,Public sector,Rent,East,6,5000.0,24,1,0.332,0,0
A02461,CU01795,2023-06-18,37,32400.0,Salaried,Rent,South,0,13000.0,60,0,0.54,0,0
A02816,CU02065,2023-06-19,54,26700.0,Salaried,Mortgage,West,8,14900.0,60,0,0.741,0,0
A01309,CU00954,2023-06-20,23,22600.0,Unemployed,Rent,North,20,2800.0,60,2,0.349,0,0
A01872,CU01367,2023-06-21,51,22700.0,Salaried,Rent,West,6,7600.0,36,2,0.498,0,0
A02877,CU02108,2023-06-21,37,15100.0,Salaried,Own,North,12,3300.0,24,0,0.407,0,0
A00627,CU00453,2023-06-21,21,48300.0,Unemployed,Rent,East,8,41300.0,36,0,0.917,0,0
A00360,CU00264,2023-06-21,45,42700.0,Salaried,Own,North,4,17000.0,24,0,0.54,0,0
A01251,CU00911,2023-06-21,30,41700.0,Salaried,Mortgage,West,2,29700.0,24,0,0.9,0,0
A01486,CU01081,2023-06-22,35,21200.0,Salaried,Rent,North,2,13000.0,60,0,0.866,1,1
A02984,CU02186,2023-06-22,45,65200.0,Public sector,Mortgage,East,0,44400.0,24,1,0.77,0,0
A00829,CU00593,2023-06-23,32,56600.0,Self-employed,Own,East,6,42100.0,36,1,0.948,0,0
A01329,CU00969,2023-06-23,43,25500.0,Public sector,Mortgage,South,7,5100.0,36,0,0.399,0,0
A01570,CU01144,2023-06-24,65,32800.0,Salaried,Rent,South,20,9500.0,36,1,0.369,0,0
A02956,CU02166,2023-06-24,48,61700.0,Salaried,Own,North,10,22700.0,12,0,0.512,0,0
A01095,CU00813,2023-06-24,47,49600.0,Salaried,Own,South,8,31600.0,24,1,1.025,0,0
A00995,CU00735,2023-06-26,41,25100.0,Salaried,Rent,South,17,6600.0,36,2,0.606,0,0
A00427,CU00315,2023-06-27,44,18000.0,Salaried,Mortgage,North,3,14000.0,12,1,0.932,0,0
A02287,CU01676,2023-06-28,51,34000.0,Unemployed,Mortgage,South,0,3500.0,36,3,0.296,0,0
A02274,CU01666,2023-06-28,30,42700.0,Public sector,Mortgage,East,7,5100.0,60,5,0.335,0,0
A01610,CU01174,2023-06-29,65,31000.0,Salaried,Rent,East,10,25700.0,24,1,0.915,0,0
A01089,CU00810,2023-06-29,26,45000.0,Salaried,Own,East,8,21200.0,12,1,0.719,0,0
A00681,CU00494,2023-06-29,31,37900.0,Public sector,Rent,West,0,14900.0,60,1,0.617,1,1
A01421,CU01036,2023-06-29,45,55600.0,Self-employed,Mortgage,North,10,49500.0,60,1,1.214,1,1
A01730,CU01265,2023-06-29,68,30100.0,Salaried,Rent,West,6,17900.0,60,1,0.793,0,0
A02300,CU01685,2023-06-30,36,16000.0,Public sector,Rent,East,9,7500.0,36,0,0.577,0,0
A01444,CU01050,2023-06-30,44,20500.0,Salaried,Rent,South,7,16000.0,12,0,0.983,1,1
A01816,CU01329,2023-07-01,57,36000.0,Self-employed,Rent,West,4,23200.0,60,0,0.883,0,0
A01081,CU00802,2023-07-01,42,55100.0,Salaried,Rent,East,2,23400.0,12,0,0.57,0,0
A02847,CU02084,2023-07-02,39,15700.0,Self-employed,Mortgage,North,0,2400.0,60,0,0.296,0,0
A01675,CU01221,2023-07-02,48,32300.0,Public sector,Rent,East,10,7200.0,12,0,0.365,0,0
A02932,CU02149,2023-07-02,33,45900.0,Salaried,Mortgage,East,5,35900.0,60,3,0.87,1,1
A02344,CU01716,2023-07-03,36,23700.0,Salaried,Rent,North,0,12900.0,60,1,0.827,0,0
A02322,CU01699,2023-07-03,41,67900.0,Public sector,Own,North,14,27600.0,12,0,0.511,0,0
A00625,CU00452,2023-07-03,33,37100.0,Public sector,Rent,North,12,9200.0,24,1,0.453,0,0
A00345,CU00251,2023-07-03,27,22400.0,Salaried,Rent,South,3,16900.0,12,0,1.039,0,0
A00999,CU00738,2023-07-03,46,22300.0,Salaried,Mortgage,North,7,7100.0,24,1,0.435,0,0
A02698,CU01976,2023-07-05,58,40700.0,Salaried,Rent,North,7,31600.0,60,0,1.016,0,0
A00256,CU00188,2023-07-05,33,36800.0,Public sector,Rent,East,13,30500.0,60,1,1.004,0,0
A02837,CU02078,2023-07-05,50,47400.0,Public sector,Own,West,12,15400.0,60,0,0.508,0,0
A01369,CU00998,2023-07-06,36,15100.0,Salaried,Mortgage,East,11,6400.0,24,0,0.711,0,0
A02347,CU01718,2023-07-06,39,43600.0,Salaried,Own,South,3,30800.0,36,0,0.835,0,0
A02835,CU02077,2023-07-06,49,20700.0,Salaried,Mortgage,South,10,14600.0,60,0,0.89,0,0
A02669,CU01951,2023-07-06,34,47300.0,Salaried,Rent,West,12,41000.0,36,1,0.969,0,0
A01985,CU01456,2023-07-06,32,17300.0,Public sector,Rent,East,8,9300.0,12,2,0.757,0,0
A02024,CU01484,2023-07-06,41,23500.0,Salaried,Mortgage,South,10,16500.0,24,3,0.711,1,1
A01728,CU01264,2023-07-07,26,19900.0,Salaried,Rent,East,0,10100.0,60,1,0.748,0,0
A02396,CU01747,2023-07-07,52,46000.0,Salaried,Rent,West,5,39100.0,36,0,1.13,0,0
A00791,CU00562,2023-07-07,50,22600.0,Self-employed,Own,South,7,16200.0,12,1,1.024,1,1
A02365,CU01729,2023-07-07,43,30900.0,Salaried,Rent,East,5,16800.0,60,1,0.764,0,0
A01788,CU01308,2023-07-07,53,23700.0,Public sector,Rent,West,4,9500.0,36,0,0.598,0,0
A01351,CU00983,2023-07-08,56,32400.0,Salaried,Own,North,0,17900.0,12,2,0.853,0,0
A02222,CU01623,2023-07-09,26,25100.0,Public sector,Own,West,0,13700.0,24,1,0.714,0,0
A00033,CU00023,2023-07-10,36,83900.0,Salaried,Mortgage,North,11,72500.0,24,2,1.023,1,1
A01200,CU00880,2023-07-11,52,11200.0,Public sector,Mortgage,East,12,7600.0,12,1,0.945,0,0
A01229,CU00898,2023-07-11,23,22100.0,Salaried,Mortgage,South,4,13100.0,12,0,0.748,1,0
A01504,CU01095,2023-07-11,31,38800.0,Salaried,Own,North,10,33900.0,36,0,1.151,0,0
A02112,CU01547,2023-07-11,56,6700.0,Salaried,Rent,West,11,3900.0,12,0,0.752,0,0
A02092,CU01531,2023-07-11,29,33100.0,Self-employed,Rent,South,0,29100.0,24,0,1.083,0,0
A01321,CU00961,2023-07-13,36,18700.0,Public sector,Own,South,0,4900.0,12,0,0.494,0,0
A02705,CU01982,2023-07-13,60,27000.0,Salaried,Own,West,7,8400.0,24,0,0.46,0,0
A01830,CU01338,2023-07-13,34,30700.0,Salaried,Mortgage,North,10,10900.0,36,0,0.695,0,0
A00733,CU00526,2023-07-14,30,69900.0,Salaried,Own,North,8,41300.0,12,0,0.761,0,0
A02049,CU01500,2023-07-14,46,29200.0,Unemployed,Mortgage,South,6,23300.0,60,0,0.911,0,0
A00329,CU00241,2023-07-14,46,41500.0,Salaried,Own,East,14,31000.0,60,3,0.92,1,1
A00024,CU00018,2023-07-15,56,27900.0,Salaried,Mortgage,East,7,3500.0,60,1,0.457,0,0
A02444,CU01783,2023-07-15,53,21200.0,Salaried,Own,South,5,18700.0,60,0,1.067,1,1
A02466,CU01797,2023-07-16,40,19500.0,Public sector,Rent,West,9,6400.0,12,2,0.518,0,0
A02188,CU01599,2023-07-16,42,94000.0,Salaried,Mortgage,North,11,29200.0,12,0,0.506,0,0
A03004,CU02199,2023-07-16,57,38000.0,Salaried,Mortgage,East,11,26900.0,24,2,0.81,0,0
A00082,CU00062,2023-07-16,54,54500.0,Salaried,Rent,South,3,43300.0,24,0,1.133,0,0
A02829,CU02073,2023-07-16,38,34800.0,Salaried,Rent,East,0,10400.0,24,0,0.46,0,0
A01080,CU00801,2023-07-16,58,15700.0,Salaried,Own,West,14,7400.0,24,0,0.735,0,0
A00459,CU00337,2023-07-16,48,35700.0,Salaried,Rent,South,10,7900.0,12,1,0.42,0,0
A01529,CU01115,2023-07-17,34,38800.0,Self-employed,Own,West,6,6500.0,12,1,0.455,0,0
A00179,CU00124,2023-07-17,62,23700.0,Salaried,Rent,West,4,16000.0,24,1,0.728,0,0
A02008,CU01470,2023-07-17,45,55800.0,Salaried,Own,East,15,45200.0,12,0,1.053,0,0
A01302,CU00951,2023-07-18,21,43700.0,Unemployed,Rent,South,18,36800.0,12,2,1.035,1,1
A01408,CU01026,2023-07-18,41,144000.0,Public sector,Own,West,9,64600.0,60,1,0.496,0,0
A01479,CU01076,2023-07-18,54,35100.0,Self-employed,Rent,North,16,16800.0,12,2,0.673,0,0
A00940,CU00689,2023-07-18,32,52500.0,Salaried,Rent,West,0,11800.0,36,0,0.59,0,0
A00660,CU00477,2023-07-18,43,28500.0,Public sector,Mortgage,South,14,10300.0,24,0,0.288,0,0
A01697,CU01240,2023-07-18,22,17200.0,Salaried,Mortgage,East,5,3400.0,12,2,0.362,0,0
A02773,CU02033,2023-07-19,36,15600.0,Salaried,Rent,North,6,12500.0,24,2,1.005,0,0
A01079,CU00800,2023-07-19,38,43200.0,Self-employed,Own,North,9,34200.0,36,1,1.043,0,0
A00613,CU00446,2023-07-19,57,51200.0,Salaried,Rent,South,2,28200.0,36,4,0.752,1,0
A01911,CU01396,2023-07-19,45,56400.0,Public sector,Rent,South,7,37900.0,60,1,0.891,0,0
A00312,CU00228,2023-07-20,35,20700.0,Self-employed,Own,North,7,6500.0,60,0,0.442,0,0
A00349,CU00254,2023-07-20,44,45700.0,Salaried,Mortgage,North,12,30900.0,24,1,0.812,0,0
A01923,CU01406,2023-07-20,36,58100.0,Salaried,Rent,South,17,32200.0,60,0,0.735,0,0
A02336,CU01710,2023-07-20,53,63200.0,Unemployed,Mortgage,West,12,52200.0,12,1,1.106,1,1
A02543,CU01850,2023-07-21,36,41700.0,Public sector,Mortgage,South,11,4800.0,12,0,0.313,0,0
A01121,CU00830,2023-07-22,50,32800.0,Self-employed,Mortgage,West,2,25000.0,24,3,0.993,0,0
A00641,CU00464,2023-07-23,50,67000.0,Public sector,Own,East,10,41400.0,24,1,0.767,1,1
A01669,CU01215,2023-07-23,32,79900.0,Self-employed,Own,East,12,36800.0,36,0,0.649,0,0
A01579,CU01149,2023-07-23,35,35900.0,Salaried,Rent,North,0,5600.0,12,0,0.423,1,1
A01795,CU01313,2023-07-23,48,33200.0,Salaried,Own,West,8,21900.0,60,1,0.782,0,0
A00605,CU00439,2023-07-23,34,36200.0,Salaried,Mortgage,North,7,25200.0,60,0,0.894,0,0
A02716,CU01989,2023-07-24,33,31300.0,Salaried,Rent,East,2,13500.0,60,1,0.624,0,0
A00035,CU00025,2023-07-24,41,46000.0,Salaried,Own,West,5,14700.0,60,2,0.614,1,1
A02784,CU02042,2023-07-25,26,96600.0,Self-employed,Mortgage,East,13,9900.0,12,0,0.275,0,0
A02168,CU01588,2023-07-26,37,13000.0,Salaried,Mortgage,West,10,4300.0,36,3,0.471,1,1
A02292,CU01680,2023-07-27,59,31500.0,Salaried,Own,East,7,23600.0,12,0,0.897,0,0
A01148,CU00843,2023-07-28,33,19800.0,Salaried,Rent,East,0,6900.0,60,0,0.545,0,0
A01736,CU01269,2023-07-29,33,35600.0,Public sector,Own,East,2,24600.0,12,1,0.905,0,0
A00730,CU00525,2023-07-29,53,67600.0,Salaried,Own,East,9,34400.0,60,4,0.708,1,1
A02443,CU01782,2023-07-30,53,61700.0,Salaried,Rent,West,6,16100.0,12,0,0.443,0,0
A00887,CU00644,2023-07-31,38,71000.0,Salaried,Own,West,13,36100.0,60,0,0.639,0,0
A02352,CU01721,2023-07-31,57,45200.0,Self-employed,Rent,East,2,32300.0,12,1,0.886,0,0
A01046,CU00776,2023-07-31,44,62400.0,Public sector,Mortgage,West,12,47500.0,24,0,0.986,0,0
A01922,CU01405,2023-07-31,48,56500.0,Salaried,Mortgage,East,7,44300.0,60,1,1.114,0,0
A02853,CU02089,2023-08-01,48,43200.0,Salaried,Rent,North,8,34300.0,36,0,0.928,0,0
A02197,CU01604,2023-08-01,33,27500.0,Salaried,Rent,East,5,6700.0,36,0,0.434,0,0
A02241,CU01640,2023-08-01,56,86100.0,Salaried,Own,East,10,41500.0,24,2,0.704,0,0
A02655,CU01940,2023-08-01,37,34700.0,Salaried,Own,East,10,28700.0,60,0,1.102,1,1
A00987,CU00728,2023-08-01,37,29200.0,Public sector,Own,North,6,9900.0,60,2,0.693,0,0
A00953,CU00701,2023-08-01,25,181900.0,Public sector,Mortgage,West,14,52400.0,24,1,0.335,0,0
A00935,CU00686,2023-08-01,66,28300.0,Salaried,Own,East,5,7600.0,12,1,0.456,0,0
A01527,CU01113,2023-08-01,37,47600.0,Salaried,Rent,North,0,20000.0,24,0,0.592,0,0
A02679,CU01958,2023-08-02,24,34500.0,Public sector,Rent,East,4,18100.0,12,1,0.792,0,0
A01965,CU01439,2023-08-02,49,30200.0,Self-employed,Mortgage,North,16,4900.0,36,2,0.456,0,0
A02489,CU01811,2023-08-02,32,23400.0,Self-employed,Own,South,7,14200.0,60,1,0.752,0,0
A01225,CU00894,2023-08-02,41,76500.0,Public sector,Rent,North,14,36700.0,24,0,0.838,0,0
A00211,CU00152,2023-08-02,42,11500.0,Unemployed,Rent,South,5,2300.0,12,2,0.353,1,1
A01747,CU01277,2023-08-03,35,78500.0,Salaried,Own,East,5,33700.0,24,1,0.606,0,0
A01024,CU00757,2023-08-03,37,27500.0,Salaried,Mortgage,South,0,13400.0,12,1,0.573,1,1
A01380,CU01006,2023-08-03,43,21900.0,Salaried,Rent,North,3,17700.0,24,0,0.96,1,1
A01609,CU01173,2023-08-03,36,42600.0,Public sector,Rent,East,7,31700.0,36,1,0.935,0,0
A00526,CU00384,2023-08-03,59,33700.0,Self-employed,Rent,East,8,20100.0,36,1,0.966,0,0
A01765,CU01289,2023-08-05,24,46200.0,Self-employed,Rent,West,15,8600.0,12,2,0.405,1,1
A01798,CU01316,2023-08-05,54,68400.0,Salaried,Rent,East,11,54200.0,24,0,0.972,0,0
A00798,CU00569,2023-08-06,30,58300.0,Salaried,Rent,North,2,33400.0,24,0,0.841,0,0
A01247,CU00909,2023-08-07,58,32700.0,Salaried,Rent,East,4,14500.0,60,1,0.602,0,0
A00588,CU00429,2023-08-08,58,31200.0,Public sector,Rent,North,3,15100.0,36,1,0.714,0,0
A00597,CU00434,2023-08-08,22,43300.0,Salaried,Rent,East,9,35200.0,24,1,1.021,1,1
A02035,CU01492,2023-08-09,47,14200.0,Salaried,Mortgage,West,10,5700.0,60,0,0.566,0,0
A01150,CU00844,2023-08-09,35,41400.0,Self-employed,Mortgage,North,15,15100.0,60,0,0.614,1,0
A02771,CU02031,2023-08-09,40,23800.0,Unemployed,Rent,South,11,17100.0,60,1,0.944,1,1
A00875,CU00634,2023-08-09,44,28200.0,Salaried,Own,East,13,4300.0,60,1,0.292,1,1
A00317,CU00233,2023-08-09,46,19300.0,Public sector,Own,West,1,16300.0,24,0,0.964,0,0
A00443,CU00326,2023-08-09,49,41000.0,Salaried,Rent,West,3,31600.0,24,0,0.966,0,0
A00757,CU00540,2023-08-09,55,30800.0,Self-employed,Own,West,2,14700.0,36,0,0.613,0,0
A00986,CU00728,2023-08-09,37,29200.0,Public sector,Own,North,6,8300.0,24,0,0.581,0,0
A02949,CU02160,2023-08-10,30,11900.0,Self-employed,Mortgage,West,2,8800.0,12,0,0.969,0,0
A01641,CU01197,2023-08-10,31,53800.0,Salaried,Rent,North,3,31000.0,24,1,0.84,0,0
A02658,CU01943,2023-08-11,31,25000.0,Public sector,Rent,North,1,18100.0,12,0,1.11,1,1
A01588,CU01155,2023-08-11,21,28600.0,Salaried,Rent,North,9,17300.0,12,0,0.735,0,0
A02301,CU01686,2023-08-11,34,22400.0,Salaried,Mortgage,West,7,10200.0,12,0,0.684,0,0
A02983,CU02185,2023-08-11,21,48700.0,Unemployed,Rent,North,10,22000.0,24,1,0.621,0,0
A00194,CU00138,2023-08-11,37,19500.0,Salaried,Mortgage,South,6,6500.0,12,0,0.548,0,0
A00254,CU00187,2023-08-11,38,35400.0,Salaried,Mortgage,North,11,8200.0,36,1,0.418,0,0
A02580,CU01878,2023-08-11,40,45600.0,Public sector,Mortgage,West,17,19400.0,60,1,0.681,0,0
A00932,CU00684,2023-08-12,29,71000.0,Public sector,Own,West,6,11100.0,12,0,0.335,0,0
A02930,CU02147,2023-08-12,52,47200.0,Salaried,Rent,South,2,22500.0,60,0,0.685,0,0
A02636,CU01926,2023-08-12,29,23900.0,Salaried,Mortgage,West,2,9700.0,12,1,0.682,0,0
A00594,CU00432,2023-08-13,35,81500.0,Self-employed,Mortgage,West,9,31400.0,24,0,0.559,0,0
A00448,CU00331,2023-08-13,57,37900.0,Unemployed,Own,North,14,29100.0,60,3,0.993,0,0
A00136,CU00094,2023-08-14,24,38300.0,Self-employed,Rent,North,1,15100.0,12,0,0.651,0,0
A00933,CU00685,2023-08-14,21,141200.0,Salaried,Rent,South,4,122800.0,36,1,1.128,0,0
A01215,CU00888,2023-08-15,52,47300.0,Self-employed,Rent,East,5,23300.0,36,1,0.593,0,0
A00487,CU00358,2023-08-16,39,30800.0,Salaried,Own,East,6,6500.0,36,0,0.538,1,0
A00679,CU00492,2023-08-16,41,19600.0,Public sector,Rent,West,13,12500.0,24,0,0.801,0,0
A01833,CU01339,2023-08-16,53,31800.0,Self-employed,Rent,East,8,8000.0,36,1,0.317,0,0
A00969,CU00713,2023-08-16,40,45800.0,Salaried,Rent,South,13,32400.0,36,1,0.826,0,0
A02144,CU01570,2023-08-16,32,42100.0,Salaried,Mortgage,South,11,8600.0,24,0,0.369,0,0
A01217,CU00889,2023-08-17,47,25400.0,Salaried,Rent,South,3,4800.0,12,0,0.371,0,0
A02861,CU02096,2023-08-18,23,13300.0,Salaried,Mortgage,West,8,5600.0,60,0,0.523,0,0
A00689,CU00501,2023-08-18,44,119200.0,Public sector,Mortgage,North,0,22200.0,60,2,0.45,1,1
A00538,CU00392,2023-08-19,30,43000.0,Salaried,Own,North,15,23600.0,60,0,0.656,0,0
A01796,CU01314,2023-08-20,34,36700.0,Public sector,Rent,North,14,18200.0,60,1,0.565,0,1
A02546,CU01852,2023-08-20,29,45900.0,Salaried,Rent,South,9,36600.0,60,1,1.055,0,0
A00534,CU00390,2023-08-22,41,33200.0,Self-employed,Own,South,4,21300.0,36,3,0.935,1,1
A02839,CU02079,2023-08-22,45,68900.0,Salaried,Mortgage,South,8,58800.0,60,3,1.118,0,0
A02094,CU01533,2023-08-22,56,23300.0,Self-employed,Mortgage,West,2,5000.0,36,1,0.386,0,0
A02225,CU01625,2023-08-23,34,41400.0,Public sector,Rent,West,13,23600.0,36,1,0.83,1,1
A00616,CU00448,2023-08-23,44,38800.0,Salaried,Rent,South,15,11700.0,24,1,0.654,0,0
A02074,CU01518,2023-08-24,53,16800.0,Salaried,Rent,North,4,12900.0,60,0,0.901,0,0
A02663,CU01947,2023-08-25,21,81800.0,Salaried,Rent,West,9,66400.0,24,2,1.043,1,1
A02018,CU01478,2023-08-25,37,14100.0,Salaried,Rent,North,13,6000.0,36,1,0.701,0,0
A02795,CU02051,2023-08-26,44,71800.0,Salaried,Own,East,21,41700.0,36,0,0.821,0,0
A00777,CU00551,2023-08-26,44,38000.0,Salaried,Own,West,7,9800.0,12,0,0.317,0,0
A00695,CU00504,2023-08-26,31,62100.0,Self-employed,Rent,South,14,16000.0,24,1,0.451,1,1
A00004,CU00003,2023-08-27,54,82100.0,Self-employed,Own,South,12,18000.0,60,2,0.299,0,0
A02502,CU01821,2023-08-28,36,22900.0,Salaried,Own,North,4,19600.0,36,0,1.152,0,0
A01745,CU01275,2023-08-28,61,13300.0,Public sector,Rent,East,8,9800.0,36,0,0.936,0,0
A02903,CU02125,2023-08-29,30,120900.0,Unemployed,Rent,West,14,105400.0,12,1,1.007,0,0
A00846,CU00609,2023-08-29,27,11600.0,Salaried,Own,West,6,3900.0,60,1,0.457,0,0
A02812,CU02062,2023-08-29,41,21600.0,Public sector,Mortgage,North,7,11900.0,36,1,0.566,0,0
A02496,CU01817,2023-08-29,37,57100.0,Salaried,Rent,South,9,32100.0,36,1,0.649,0,0
A01059,CU00783,2023-08-30,37,23000.0,Public sector,Mortgage,North,8,18700.0,60,2,1.083,0,0
A01583,CU01152,2023-08-30,41,29500.0,Salaried,Rent,West,9,19800.0,12,1,0.901,1,1
A01222,CU00892,2023-08-30,35,17200.0,Salaried,Rent,West,12,2800.0,60,3,0.294,1,1
A02458,CU01794,2023-08-30,37,37800.0,Public sector,Own,West,0,22600.0,60,2,0.855,0,0
A02661,CU01945,2023-08-31,37,58900.0,Salaried,Rent,North,13,35000.0,12,1,0.838,1,1
A02034,CU01491,2023-09-01,43,10900.0,Salaried,Own,West,5,1700.0,12,0,0.184,0,0
A01060,CU00784,2023-09-01,38,62800.0,Public sector,Rent,North,9,9600.0,24,1,0.302,0,0
A01764,CU01288,2023-09-02,50,68600.0,Salaried,Mortgage,West,8,51000.0,36,2,1.067,1,1
A00272,CU00201,2023-09-02,21,27900.0,Salaried,Own,East,12,12600.0,60,0,0.681,0,0
A02000,CU01466,2023-09-02,44,62600.0,Salaried,Mortgage,East,0,55900.0,12,0,1.164,0,0
A00700,CU00507,2023-09-02,54,43000.0,Salaried,Own,North,7,11900.0,12,1,0.477,0,0
A02620,CU01915,2023-09-02,23,35100.0,Unemployed,Rent,South,7,12700.0,12,1,0.6,1,1
A00297,CU00220,2023-09-02,42,34400.0,Public sector,Mortgage,West,10,17600.0,36,0,0.614,0,0
A01051,CU00779,2023-09-03,51,27100.0,Self-employed,Rent,North,9,3400.0,36,1,0.422,0,0
A00096,CU00072,2023-09-03,35,23500.0,Public sector,Own,South,9,8100.0,24,4,0.546,1,1
A02382,CU01739,2023-09-03,65,22700.0,Salaried,Rent,East,10,3100.0,60,1,0.209,0,0
A01835,CU01340,2023-09-03,35,15400.0,Salaried,Own,North,9,1800.0,36,3,0.253,0,0
A00060,CU00047,2023-09-03,41,122800.0,Self-employed,Own,South,13,34200.0,36,0,0.409,0,0
A01859,CU01360,2023-09-04,53,39500.0,Salaried,Rent,West,10,34000.0,60,1,1.037,1,1
A02271,CU01663,2023-09-04,47,26600.0,Public sector,Own,South,4,12700.0,12,0,0.704,0,0
A02211,CU01615,2023-09-04,37,26600.0,Salaried,Own,East,12,5700.0,24,1,0.403,0,0
A01495,CU01089,2023-09-04,53,42400.0,Salaried,Rent,South,0,11200.0,60,1,0.59,0,0
A02933,CU02150,2023-09-04,47,23200.0,Salaried,Mortgage,West,8,10100.0,12,1,0.744,0,0
A01914,CU01399,2023-09-05,41,10100.0,Salaried,Mortgage,East,5,6400.0,36,1,0.726,0,1
A00031,CU00023,2023-09-05,36,83900.0,Salaried,Mortgage,North,11,69400.0,24,0,0.975,0,0
A00471,CU00347,2023-09-05,24,16400.0,Salaried,Mortgage,South,0,13300.0,24,1,0.983,0,0
A02242,CU01641,2023-09-05,21,24200.0,Salaried,Own,North,8,20100.0,12,1,1.063,0,0
A02653,CU01939,2023-09-05,31,13700.0,Public sector,Rent,South,6,8100.0,24,1,0.789,0,0
A02427,CU01771,2023-09-05,23,22600.0,Self-employed,Own,West,12,8400.0,60,1,0.618,0,0
A00864,CU00623,2023-09-05,30,35600.0,Public sector,Mortgage,West,3,19500.0,24,1,0.78,0,0
A00251,CU00186,2023-09-06,37,20600.0,Salaried,Rent,South,0,2500.0,36,0,0.318,0,0
A02973,CU02178,2023-09-06,43,28800.0,Salaried,Mortgage,West,8,11600.0,24,2,0.647,0,0
A01206,CU00883,2023-09-06,26,55500.0,Self-employed,Own,North,14,12400.0,24,2,0.371,0,0
A02129,CU01557,2023-09-07,43,31600.0,Salaried,Mortgage,West,1,22400.0,36,4,0.933,0,0
A00910,CU00664,2023-09-07,36,28800.0,Salaried,Mortgage,East,7,22200.0,36,1,1.096,0,0
A01282,CU00935,2023-09-08,38,43800.0,Self-employed,Own,South,7,32100.0,12,1,0.924,0,0
A00454,CU00334,2023-09-09,37,73200.0,Salaried,Own,East,13,7400.0,60,0,0.294,0,0
A00676,CU00489,2023-09-09,41,22900.0,Self-employed,Mortgage,West,6,13000.0,12,2,0.673,1,1
A00034,CU00024,2023-09-09,40,50800.0,Self-employed,Rent,North,3,34700.0,12,0,0.907,1,1
A00191,CU00135,2023-09-09,54,41000.0,Public sector,Mortgage,North,6,17100.0,60,0,0.625,0,0
A01575,CU01147,2023-09-09,64,55000.0,Salaried,Rent,North,11,22100.0,24,2,0.732,1,1
A01449,CU01054,2023-09-09,59,55900.0,Salaried,Mortgage,East,2,20900.0,36,0,0.426,0,0
A00021,CU00015,2023-09-09,27,39700.0,Public sector,Own,West,9,24600.0,36,3,0.874,0,0
A00855,CU00616,2023-09-09,33,34400.0,Public sector,Rent,West,6,13200.0,60,2,0.67,0,0
A02968,CU02175,2023-09-11,33,20500.0,Salaried,Mortgage,South,15,7700.0,12,1,0.48,0,0
A00769,CU00547,2023-09-11,54,80000.0,Salaried,Own,South,5,25700.0,60,0,0.618,0,0
A02564,CU01865,2023-09-12,50,19200.0,Unemployed,Mortgage,West,10,5500.0,12,0,0.417,0,0
A02511,CU01830,2023-09-12,42,31500.0,Unemployed,Rent,South,5,4400.0,24,2,0.412,0,0
A02121,CU01552,2023-09-12,48,20200.0,Public sector,Rent,West,4,17000.0,12,3,1.002,1,1
A02224,CU01624,2023-09-12,21,34900.0,Salaried,Rent,West,3,22300.0,36,1,0.862,0,0
A02842,CU02080,2023-09-12,43,22800.0,Salaried,Mortgage,East,11,20100.0,36,0,1.127,1,1
A00061,CU00048,2023-09-13,29,26300.0,Self-employed,Own,West,4,14100.0,12,1,0.81,0,0
A01362,CU00992,2023-09-13,33,31300.0,Public sector,Rent,West,12,21100.0,12,0,0.879,0,0
A01984,CU01455,2023-09-14,54,39700.0,Self-employed,Rent,East,4,8100.0,36,1,0.408,1,1
A01615,CU01178,2023-09-14,27,32400.0,Salaried,Own,East,13,12700.0,24,2,0.709,0,0
A02215,CU01618,2023-09-14,24,55200.0,Public sector,Rent,North,7,9900.0,36,0,0.406,0,0
A01343,CU00977,2023-09-14,24,33000.0,Salaried,Rent,East,16,16700.0,36,0,0.646,0,0
A02407,CU01754,2023-09-14,21,44300.0,Public sector,Mortgage,South,0,17300.0,24,0,0.729,0,0
A01601,CU01165,2023-09-14,38,56300.0,Public sector,Mortgage,East,7,39200.0,36,2,0.947,0,0
A00888,CU00645,2023-09-15,58,66700.0,Public sector,Mortgage,East,14,29600.0,60,0,0.502,0,0
A01637,CU01195,2023-09-15,33,50100.0,Salaried,Own,East,14,14400.0,12,2,0.502,0,0
A00318,CU00234,2023-09-15,59,20000.0,Public sector,Own,East,4,16000.0,36,0,1.081,0,0
A02976,CU02179,2023-09-15,42,44300.0,Salaried,Mortgage,West,5,12400.0,12,1,0.565,1,1
A02760,CU02025,2023-09-16,27,35500.0,Public sector,Rent,South,6,22000.0,60,0,0.712,0,0
A01767,CU01291,2023-09-17,39,66400.0,Self-employed,Rent,South,7,25900.0,24,0,0.607,0,0
A00763,CU00544,2023-09-17,44,35500.0,Unemployed,Own,West,2,8600.0,24,0,0.452,0,0
A00686,CU00498,2023-09-18,33,25100.0,Salaried,Mortgage,East,5,5200.0,36,0,0.438,0,0
A00170,CU00118,2023-09-18,41,37100.0,Self-employed,Own,East,11,9200.0,36,0,0.51,0,0
A00296,CU00219,2023-09-18,49,23600.0,Self-employed,Mortgage,North,12,5400.0,24,1,0.54,0,0
A02153,CU01576,2023-09-18,41,23500.0,Self-employed,Rent,West,6,3400.0,36,1,0.376,0,0
A02280,CU01670,2023-09-18,31,48200.0,Unemployed,Own,South,7,17100.0,36,2,0.598,1,1
A02901,CU02123,2023-09-18,21,22800.0,Salaried,Mortgage,North,9,8800.0,24,3,0.697,1,1
A00685,CU00497,2023-09-19,55,18700.0,Public sector,Own,South,4,11100.0,24,2,0.715,0,0
A02532,CU01842,2023-09-20,47,53300.0,Public sector,Own,South,3,44300.0,24,1,0.985,0,0
A00174,CU00120,2023-09-20,44,35600.0,Public sector,Own,South,10,17300.0,60,0,0.831,0,0
A02642,CU01929,2023-09-20,50,63300.0,Self-employed,Rent,East,10,15000.0,12,2,0.519,1,1
A02051,CU01501,2023-09-21,46,16300.0,Public sector,Own,South,12,7100.0,36,0,0.491,0,0
A01644,CU01200,2023-09-21,35,80700.0,Salaried,Rent,South,2,43200.0,60,1,0.714,0,0
A01891,CU01380,2023-09-21,31,36100.0,Salaried,Rent,North,14,7100.0,24,0,0.357,0,0
A01537,CU01121,2023-09-21,32,31600.0,Public sector,Rent,East,0,19400.0,12,0,0.881,0,0
A00578,CU00421,2023-09-22,33,15900.0,Salaried,Rent,West,9,3100.0,12,1,0.353,0,0
A01774,CU01297,2023-09-22,52,46300.0,Public sector,Own,West,14,26500.0,12,0,0.917,1,1
A01778,CU01301,2023-09-23,46,66800.0,Salaried,Own,South,16,44400.0,36,2,0.82,0,0
A02465,CU01797,2023-09-23,40,19500.0,Public sector,Rent,West,9,8300.0,24,0,0.577,0,0
A00038,CU00028,2023-09-23,37,69600.0,Self-employed,Own,East,7,50700.0,24,1,0.945,0,0
A01039,CU00769,2023-09-24,33,41400.0,Salaried,Mortgage,North,8,12600.0,12,4,0.584,1,1
A01867,CU01365,2023-09-24,49,56800.0,Salaried,Mortgage,South,13,36100.0,60,0,0.801,0,0
A02295,CU01681,2023-09-24,49,53400.0,Self-employed,Mortgage,North,8,13500.0,24,0,0.484,0,0
A02216,CU01619,2023-09-24,50,45800.0,Salaried,Rent,West,13,23500.0,12,0,0.712,0,0
A00920,CU00673,2023-09-24,35,41500.0,Salaried,Rent,North,13,26800.0,24,0,0.814,0,0
A02227,CU01627,2023-09-24,41,23500.0,Self-employed,Own,North,6,11000.0,60,1,0.651,0,0
A00011,CU00008,2023-09-25,24,34300.0,Salaried,Rent,South,6,16800.0,36,0,0.812,1,1
A02632,CU01924,2023-09-25,24,27700.0,Salaried,Rent,East,0,4700.0,24,1,0.303,1,1
A02098,CU01536,2023-09-25,23,20200.0,Unemployed,Own,West,14,17800.0,12,2,1.04,1,1
A02182,CU01595,2023-09-25,32,29100.0,Public sector,Rent,East,15,11400.0,36,0,0.576,0,0
A00519,CU00380,2023-09-27,37,43100.0,Salaried,Mortgage,East,7,7800.0,60,0,0.411,0,0
A02825,CU02070,2023-09-28,41,53000.0,Salaried,Mortgage,North,11,6600.0,36,1,0.369,1,1
A03003,CU02198,2023-09-28,35,46800.0,Salaried,Rent,South,0,14800.0,60,0,0.658,0,0
A01066,CU00790,2023-09-28,24,42700.0,Salaried,Mortgage,North,10,28100.0,36,2,0.917,0,0
A02918,CU02138,2023-09-28,45,52800.0,Salaried,Own,North,3,31400.0,12,1,0.959,0,0
A01120,CU00829,2023-09-28,49,34100.0,Salaried,Rent,West,5,21300.0,36,1,0.881,0,0
A00821,CU00587,2023-09-28,52,33200.0,Self-employed,Rent,West,7,4200.0,24,1,0.297,0,0
A02908,CU02130,2023-09-29,35,37600.0,Salaried,Rent,West,9,32200.0,36,0,1.027,0,0
A02628,CU01921,2023-09-29,56,26800.0,Salaried,Rent,South,8,14100.0,36,0,0.706,1,1
A00606,CU00440,2023-09-30,45,19500.0,Salaried,Mortgage,East,2,2400.0,36,0,0.352,0,0
A02164,CU01585,2023-09-30,41,51800.0,Self-employed,Rent,North,3,12700.0,12,2,0.29,1,1
A01405,CU01024,2023-09-30,31,33600.0,Public sector,Rent,East,6,17400.0,24,2,0.813,0,0
A01549,CU01130,2023-09-30,35,31600.0,Salaried,Own,East,8,11200.0,12,0,0.621,0,0
A00611,CU00444,2023-10-01,44,39200.0,Salaried,Own,West,0,33000.0,60,0,0.87,0,0
A02202,CU01608,2023-10-02,39,33500.0,Salaried,Mortgage,East,14,8800.0,12,2,0.384,0,0
A02574,CU01872,2023-10-02,42,48300.0,Salaried,Rent,West,9,18000.0,24,0,0.497,0,0
A01738,CU01271,2023-10-02,46,50000.0,Salaried,Rent,East,7,36200.0,12,0,0.95,0,0
A02276,CU01667,2023-10-02,41,21000.0,Salaried,Mortgage,West,7,18800.0,36,0,1.083,0,0
A01990,CU01459,2023-10-03,27,65100.0,Self-employed,Rent,East,7,31100.0,36,3,0.715,0,0
A02206,CU01612,2023-10-03,22,43400.0,Public sector,Rent,South,2,11500.0,60,0,0.436,1,1
A02501,CU01820,2023-10-04,56,32000.0,Salaried,Rent,North,7,6800.0,36,0,0.352,0,0
A01093,CU00812,2023-10-04,23,23000.0,Salaried,Rent,East,3,15300.0,60,0,0.758,0,0
A00522,CU00383,2023-10-05,45,46100.0,Salaried,Mortgage,South,9,8800.0,24,2,0.398,0,0
A02683,CU01962,2023-10-05,48,37500.0,Salaried,Rent,North,7,30100.0,24,1,1.01,1,1
A01748,CU01278,2023-10-05,51,23200.0,Unemployed,Own,North,16,19900.0,36,2,1.036,0,0
A01650,CU01204,2023-10-05,46,18000.0,Unemployed,Rent,South,4,10500.0,24,0,0.681,0,0
A02999,CU02196,2023-10-06,37,39600.0,Salaried,Own,East,8,25000.0,12,3,0.842,0,0
A02047,CU01499,2023-10-06,53,36300.0,Unemployed,Rent,East,7,30400.0,36,2,1.103,0,0
A01941,CU01420,2023-10-06,39,63800.0,Salaried,Own,North,12,19700.0,60,1,0.524,0,0
A01103,CU00818,2023-10-06,57,27800.0,Salaried,Rent,East,5,12000.0,36,1,0.682,1,1
A01266,CU00920,2023-10-07,26,95900.0,Self-employed,Own,West,15,43000.0,24,1,0.695,0,0
A02200,CU01606,2023-10-07,36,56200.0,Public sector,Own,South,9,12900.0,12,0,0.493,0,0
A01064,CU00788,2023-10-07,36,60900.0,Salaried,Rent,South,3,42500.0,36,0,0.838,0,0
A00015,CU00010,2023-10-08,66,35600.0,Salaried,Rent,North,8,15000.0,60,0,0.696,0,0
A00140,CU00096,2023-10-08,41,74500.0,Salaried,Rent,West,7,18100.0,12,2,0.465,0,0
A02076,CU01520,2023-10-08,59,15400.0,Salaried,Rent,East,22,6800.0,24,0,0.51,0,0
A00303,CU00223,2023-10-08,49,40500.0,Salaried,Own,North,0,10600.0,36,0,0.544,0,0
A00107,CU00077,2023-10-08,54,43500.0,Salaried,Own,West,17,5000.0,60,2,0.352,1,1
A02412,CU01758,2023-10-09,37,44000.0,Salaried,Rent,South,8,27200.0,60,0,0.908,0,0
A01326,CU00966,2023-10-09,54,25200.0,Salaried,Own,West,6,2800.0,60,0,0.311,0,0
A01511,CU01102,2023-10-09,57,40700.0,Public sector,Mortgage,North,7,17300.0,12,1,0.632,0,0
A02093,CU01532,2023-10-09,57,32400.0,Public sector,Mortgage,West,9,5200.0,60,2,0.155,0,0
A00040,CU00029,2023-10-10,37,24300.0,Salaried,Rent,North,8,12700.0,60,1,0.772,0,0
A02533,CU01843,2023-10-10,56,31900.0,Salaried,Mortgage,East,14,10900.0,60,1,0.599,0,0
A01172,CU00859,2023-10-10,39,17900.0,Public sector,Own,South,12,4200.0,36,2,0.453,0,0
A01386,CU01011,2023-10-11,27,35600.0,Unemployed,Mortgage,West,2,24600.0,36,1,0.97,0,0
A01626,CU01186,2023-10-12,62,29600.0,Public sector,Mortgage,South,2,15900.0,60,1,0.786,0,0
A00857,CU00618,2023-10-12,46,54200.0,Self-employed,Mortgage,East,6,46200.0,24,0,1.193,0,0
A01151,CU00844,2023-10-12,35,41400.0,Self-employed,Mortgage,North,15,9000.0,36,0,0.456,0,0
A02056,CU01504,2023-10-12,38,25500.0,Public sector,Mortgage,West,11,8200.0,12,1,0.503,0,0
A02900,CU02122,2023-10-13,41,32400.0,Salaried,Mortgage,West,12,17300.0,24,0,0.623,0,0
A01621,CU01184,2023-10-14,45,104800.0,Self-employed,Rent,North,12,23600.0,24,1,0.354,0,0
A02870,CU02104,2023-10-14,58,37600.0,Public sector,Own,East,0,22200.0,60,7,0.755,1,1
A00585,CU00426,2023-10-14,59,32100.0,Salaried,Mortgage,South,14,14200.0,60,0,0.614,0,0
A00508,CU00371,2023-10-14,37,16600.0,Public sector,Mortgage,West,5,11600.0,24,2,0.788,0,0
A00214,CU00155,2023-10-15,45,64100.0,Salaried,Mortgage,North,0,10300.0,36,0,0.269,0,0
A00847,CU00610,2023-10-15,46,59700.0,Public sector,Rent,East,11,46200.0,12,0,1.014,0,0
A01572,CU01146,2023-10-16,31,13400.0,Salaried,Rent,West,0,2400.0,60,2,0.451,1,1
A00576,CU00420,2023-10-17,42,23700.0,Salaried,Rent,North,3,15500.0,36,1,0.818,1,1
A00164,CU00114,2023-10-17,37,48300.0,Salaried,Mortgage,North,6,33300.0,60,0,0.86,0,0
A02106,CU01542,2023-10-17,52,26300.0,Salaried,Own,East,9,7200.0,60,1,0.458,0,0
A01017,CU00751,2023-10-18,28,43100.0,Salaried,Mortgage,East,8,26900.0,24,0,0.895,0,0
A02887,CU02114,2023-10-18,42,57600.0,Salaried,Rent,South,9,25400.0,36,3,0.716,1,1
A02184,CU01597,2023-10-18,50,41600.0,Salaried,Mortgage,West,0,10500.0,24,0,0.42,1,1
A00701,CU00508,2023-10-18,42,43300.0,Self-employed,Own,East,14,22000.0,36,0,0.671,0,0
A01047,CU00776,2023-10-20,44,62400.0,Public sector,Mortgage,West,12,15200.0,36,0,0.457,0,0
A02022,CU01482,2023-10-20,24,32900.0,Salaried,Own,North,4,5100.0,12,1,0.504,0,0
A01887,CU01378,2023-10-20,56,68100.0,Salaried,Rent,West,1,28800.0,60,2,0.727,0,0
A00172,CU00119,2023-10-21,36,36200.0,Self-employed,Rent,North,13,8400.0,36,0,0.517,0,0
A02801,CU02055,2023-10-21,41,47900.0,Salaried,Rent,East,11,25700.0,60,3,0.699,0,0
A02802,CU02056,2023-10-21,42,22300.0,Public sector,Rent,West,10,9900.0,12,0,0.653,0,0
A01303,CU00951,2023-10-21,21,43700.0,Unemployed,Rent,South,18,19500.0,12,0,0.659,0,0
A01496,CU01090,2023-10-21,42,22600.0,Salaried,Rent,South,4,3200.0,24,2,0.517,1,1
A00810,CU00579,2023-10-22,33,27500.0,Public sector,Rent,North,3,20700.0,36,0,0.913,0,0
A00100,CU00073,2023-10-22,46,30300.0,Salaried,Own,West,7,26100.0,36,2,1.199,0,0
A02600,CU01896,2023-10-23,30,30200.0,Public sector,Rent,South,3,17500.0,12,3,0.82,1,1
A00974,CU00717,2023-10-23,21,49300.0,Unemployed,Own,West,2,38800.0,36,1,0.888,0,0
A01298,CU00947,2023-10-23,47,24400.0,Salaried,Rent,West,9,16400.0,36,0,0.816,0,0
A00820,CU00586,2023-10-23,40,39600.0,Salaried,Mortgage,West,3,19300.0,12,0,0.74,0,0
A01312,CU00956,2023-10-24,37,106300.0,Self-employed,Mortgage,South,4,48400.0,24,1,0.666,0,0
A02928,CU02145,2023-10-24,56,34800.0,Salaried,Mortgage,East,13,7100.0,60,0,0.276,0,0
A00975,CU00718,2023-10-24,44,26900.0,Public sector,Own,West,14,10900.0,24,2,0.609,0,0
A02581,CU01879,2023-10-24,21,29500.0,Salaried,Own,South,2,24700.0,12,0,1.064,0,0
A00213,CU00154,2023-10-25,33,23900.0,Self-employed,Rent,East,0,3600.0,12,3,0.412,0,0
A00632,CU00456,2023-10-25,55,15400.0,Self-employed,Mortgage,West,1,6000.0,12,2,0.715,0,0
A02052,CU01501,2023-10-25,46,16300.0,Public sector,Own,South,12,4600.0,60,0,0.384,0,0
A01348,CU00980,2023-10-25,41,56200.0,Public sector,Rent,South,2,48600.0,12,0,1.055,0,0
A01699,CU01241,2023-10-25,34,45500.0,Salaried,Rent,North,12,8100.0,12,2,0.343,1,1
A00977,CU00720,2023-10-26,50,24600.0,Public sector,Own,South,4,20500.0,60,0,1.032,0,1
A01719,CU01257,2023-10-26,53,34000.0,Self-employed,Rent,North,3,5000.0,36,4,0.322,0,1
A02420,CU01766,2023-10-26,45,24700.0,Self-employed,Rent,West,12,19700.0,36,0,0.979,0,0
A01899,CU01385,2023-10-26,60,42700.0,Public sector,Own,North,0,32500.0,36,0,0.968,0,0
A01905,CU01390,2023-10-27,45,16600.0,Salaried,Rent,East,5,2500.0,36,0,0.327,0,0
A01870,CU01366,2023-10-27,49,46300.0,Self-employed,Rent,West,14,18400.0,12,1,0.542,0,0
A00583,CU00424,2023-10-28,43,20800.0,Self-employed,Mortgage,West,3,17400.0,60,0,1.03,0,0
A01113,CU00826,2023-10-28,34,38700.0,Salaried,Mortgage,East,6,4400.0,12,1,0.316,0,0
A02576,CU01874,2023-10-28,37,29700.0,Salaried,Own,East,2,21500.0,12,0,0.938,0,0
A01256,CU00914,2023-10-28,25,46600.0,Salaried,Rent,East,2,38400.0,36,1,1.118,0,0
A01980,CU01451,2023-10-29,44,16200.0,Public sector,Rent,West,17,2500.0,36,1,0.403,0,0
A00276,CU00204,2023-10-29,47,11400.0,Salaried,Rent,South,11,10200.0,36,1,1.132,0,0
A01275,CU00929,2023-11-01,29,63500.0,Salaried,Rent,South,11,36700.0,24,1,0.801,0,0
A00654,CU00473,2023-11-01,35,61800.0,Salaried,Own,East,4,17600.0,60,0,0.446,0,0
A00971,CU00715,2023-11-02,55,8000.0,Salaried,Rent,North,8,1800.0,60,3,0.421,0,0
A02578,CU01876,2023-11-02,41,17800.0,Salaried,Rent,East,13,13400.0,60,1,0.989,0,0
A02518,CU01835,2023-11-02,37,35800.0,Salaried,Mortgage,East,5,4600.0,24,0,0.294,0,0
A02817,CU02065,2023-11-03,54,26700.0,Salaried,Mortgage,West,8,19400.0,60,1,0.882,0,0
A02262,CU01657,2023-11-03,49,37000.0,Salaried,Rent,North,10,14100.0,36,1,0.508,0,0
A01540,CU01123,2023-11-03,40,19300.0,Unemployed,Mortgage,West,1,12100.0,12,1,0.868,0,0
A00985,CU00728,2023-11-04,37,29200.0,Public sector,Own,North,6,13300.0,36,0,0.693,0,0
A02821,CU02067,2023-11-04,35,13200.0,Self-employed,Own,East,8,9300.0,36,4,0.908,0,0
A01599,CU01163,2023-11-05,39,36000.0,Salaried,Rent,North,12,24200.0,12,2,0.741,0,0
A01677,CU01223,2023-11-05,42,30000.0,Self-employed,Rent,North,1,25000.0,12,0,0.891,0,0
A00592,CU00431,2023-11-05,29,50100.0,Salaried,Rent,South,8,25200.0,12,0,0.782,0,0
A01216,CU00889,2023-11-05,47,25400.0,Salaried,Rent,South,3,17100.0,36,0,0.948,1,1
A01104,CU00819,2023-11-05,41,28700.0,Salaried,Own,West,3,18600.0,12,1,0.805,0,0
A02107,CU01543,2023-11-05,36,22400.0,Salaried,Rent,South,0,3000.0,12,1,0.241,0,0
A00204,CU00147,2023-11-06,27,68500.0,Salaried,Mortgage,East,16,59600.0,24,2,1.082,1,1
A02854,CU02090,2023-11-06,32,25800.0,Public sector,Mortgage,West,7,10100.0,24,1,0.482,0,0
A02787,CU02043,2023-11-06,58,46800.0,Salaried,Rent,East,11,8200.0,12,0,0.397,0,0
A01814,CU01327,2023-11-07,47,32800.0,Public sector,Mortgage,North,5,22100.0,24,2,0.895,0,0
A00283,CU00208,2023-11-07,51,27500.0,Public sector,Rent,West,9,20500.0,36,0,0.88,1,1
A00947,CU00695,2023-11-08,41,149000.0,Self-employed,Rent,South,4,40100.0,36,0,0.495,0,0
A00698,CU00505,2023-11-08,41,32300.0,Salaried,Mortgage,North,8,17200.0,24,2,0.687,0,0
A00738,CU00530,2023-11-08,54,24700.0,Salaried,Mortgage,East,0,20000.0,60,1,1.045,0,0
A02833,CU02076,2023-11-08,26,16200.0,Self-employed,Own,West,0,13800.0,36,1,1.074,0,0
A02911,CU02132,2023-11-09,40,38300.0,Salaried,Rent,North,9,22300.0,60,0,0.81,0,0
A01164,CU00854,2023-11-09,36,28700.0,Salaried,Rent,East,6,12900.0,12,1,0.63,0,0
A01886,CU01377,2023-11-09,44,88100.0,Salaried,Rent,South,9,62200.0,36,0,0.854,0,0
A01339,CU00975,2023-11-10,45,48600.0,Salaried,Own,East,0,28600.0,60,0,0.914,0,0
A02145,CU01571,2023-11-10,30,44300.0,Salaried,Rent,East,6,11100.0,24,0,0.285,0,0
A02553,CU01858,2023-11-10,23,50100.0,Salaried,Mortgage,East,6,37400.0,24,1,0.783,1,1
A02486,CU01810,2023-11-11,37,39000.0,Public sector,Rent,South,1,11400.0,12,1,0.586,0,0
A01873,CU01368,2023-11-11,56,48600.0,Salaried,Rent,East,12,36800.0,60,0,0.881,0,0
A00725,CU00522,2023-11-12,36,78600.0,Public sector,Mortgage,North,13,23300.0,24,0,0.379,0,0
A02264,CU01658,2023-11-12,32,63000.0,Unemployed,Rent,East,5,16200.0,36,1,0.402,0,0
A01160,CU00852,2023-11-12,26,56200.0,Public sector,Rent,East,10,39700.0,24,0,0.909,0,0
A01138,CU00838,2023-11-12,35,30800.0,Self-employed,Rent,West,6,6600.0,60,0,0.334,0,0
A01629,CU01189,2023-11-12,40,33800.0,Salaried,Rent,North,5,5300.0,24,0,0.337,0,0
A00338,CU00246,2023-11-12,55,42300.0,Salaried,Mortgage,South,15,29400.0,60,0,0.961,0,0
A00646,CU00469,2023-11-12,42,45500.0,Public sector,Own,North,6,37800.0,60,2,0.981,0,0
A00149,CU00105,2023-11-12,57,33200.0,Self-employed,Own,South,9,16300.0,24,1,0.654,0,0
A01693,CU01237,2023-11-13,57,123800.0,Public sector,Mortgage,West,2,94100.0,12,4,1.03,1,1
A02337,CU01711,2023-11-13,34,26100.0,Salaried,Rent,East,7,22400.0,24,1,1.047,0,0
A02537,CU01845,2023-11-13,58,53800.0,Salaried,Rent,North,11,35700.0,24,1,0.948,0,0
A01274,CU00928,2023-11-14,64,26200.0,Public sector,Rent,East,11,12200.0,36,1,0.599,0,0
A01166,CU00855,2023-11-14,42,94400.0,Salaried,Mortgage,East,9,24400.0,12,1,0.52,0,0
A01888,CU01379,2023-11-14,40,31900.0,Public sector,Rent,West,8,14400.0,12,0,0.73,0,0
A00818,CU00584,2023-11-14,41,24600.0,Salaried,Rent,South,16,6000.0,24,0,0.397,0,0
A01947,CU01424,2023-11-14,36,11100.0,Salaried,Mortgage,East,10,5600.0,36,1,0.582,0,0
A01508,CU01099,2023-11-14,56,26700.0,Public sector,Own,West,9,3600.0,24,0,0.496,0,0
A01997,CU01464,2023-11-15,51,46000.0,Self-employed,Mortgage,North,0,37600.0,36,1,0.877,0,0
A01802,CU01319,2023-11-15,63,31000.0,Salaried,Own,West,12,27600.0,36,0,1.1,0,0
A02257,CU01653,2023-11-17,42,57900.0,Self-employed,Rent,East,5,23600.0,12,0,0.643,0,0
A02633,CU01924,2023-11-17,24,27700.0,Salaried,Rent,East,0,13700.0,36,3,0.709,0,0
A00009,CU00007,2023-11-17,41,74100.0,Salaried,Own,East,2,63500.0,60,4,1.006,0,0
A00603,CU00438,2023-11-18,22,23200.0,Salaried,Rent,South,0,18700.0,24,1,1.143,1,1
A01636,CU01194,2023-11-18,32,33600.0,Public sector,Rent,West,11,24200.0,12,1,0.866,0,0
A00560,CU00406,2023-11-19,26,24200.0,Salaried,Own,North,11,16900.0,60,0,0.905,0,0
A01132,CU00835,2023-11-19,53,16000.0,Salaried,Mortgage,South,3,8600.0,12,1,0.507,0,0
A02117,CU01550,2023-11-19,41,30900.0,Salaried,Rent,South,10,16100.0,36,0,0.764,0,1
A01681,CU01227,2023-11-19,61,36400.0,Self-employed,Mortgage,West,2,28600.0,24,0,1.042,0,0
A01525,CU01111,2023-11-20,38,18000.0,Salaried,Own,North,4,2200.0,12,2,0.364,0,0
A01190,CU00873,2023-11-20,43,79900.0,Public sector,Rent,South,7,8300.0,24,0,0.396,1,1
A00664,CU00479,2023-11-20,56,23300.0,Public sector,Mortgage,East,4,10600.0,12,0,0.657,0,0
A01224,CU00894,2023-11-21,41,76500.0,Public sector,Rent,North,14,21900.0,24,0,0.512,0,0
A00495,CU00363,2023-11-21,33,49700.0,Unemployed,Rent,South,12,8500.0,24,0,0.469,0,0
A02727,CU01998,2023-11-21,48,34100.0,Unemployed,Rent,North,11,12900.0,60,4,0.584,1,1
A02895,CU02119,2023-11-22,25,15200.0,Salaried,Own,East,14,6100.0,12,1,0.442,1,1
A02403,CU01751,2023-11-22,47,29900.0,Self-employed,Rent,East,7,3500.0,36,0,0.259,0,0
A01141,CU00839,2023-11-23,27,16300.0,Unemployed,Rent,East,3,7500.0,60,2,0.593,0,0
A02290,CU01679,2023-11-23,43,15900.0,Unemployed,Mortgage,West,6,8600.0,60,0,0.725,0,0
A01871,CU01366,2023-11-24,49,46300.0,Self-employed,Rent,West,14,19000.0,60,0,0.693,1,1
A01477,CU01074,2023-11-25,28,67500.0,Unemployed,Mortgage,East,5,9600.0,36,1,0.378,1,1
A00068,CU00054,2023-11-25,49,28700.0,Self-employed,Own,East,5,4000.0,36,1,0.268,0,0
A02029,CU01487,2023-11-25,28,24500.0,Public sector,Own,West,2,2700.0,36,4,0.348,0,0
A00229,CU00168,2023-11-25,32,33500.0,Self-employed,Mortgage,South,2,9300.0,36,2,0.573,0,0
A02891,CU02116,2023-11-25,64,23600.0,Salaried,Own,North,12,11900.0,36,2,0.693,0,0
A01784,CU01305,2023-11-25,37,13200.0,Salaried,Rent,West,6,8700.0,60,1,0.838,0,0
A02095,CU01533,2023-11-25,56,23300.0,Self-employed,Mortgage,West,2,14500.0,12,0,0.794,0,0
A02057,CU01505,2023-11-26,52,24600.0,Self-employed,Mortgage,West,10,18600.0,12,0,0.979,1,1
A02014,CU01474,2023-11-26,40,8700.0,Salaried,Mortgage,South,5,900.0,36,1,0.421,0,0
A02738,CU02007,2023-11-26,55,59500.0,Salaried,Mortgage,West,4,24900.0,24,0,0.574,0,0
A02565,CU01866,2023-11-29,51,47600.0,Self-employed,Own,West,12,36700.0,36,3,0.973,0,0
A00554,CU00401,2023-11-29,40,75700.0,Public sector,Own,North,14,21500.0,36,0,0.482,0,0
A02253,CU01649,2023-11-29,21,47000.0,Public sector,Rent,West,13,34500.0,24,1,0.876,1,1
A00274,CU00203,2023-11-29,45,26900.0,Self-employed,Own,North,16,9800.0,36,1,0.468,0,0
A00216,CU00157,2023-11-29,42,57800.0,Salaried,Rent,South,1,40500.0,60,0,0.846,0,0
A01584,CU01152,2023-11-29,41,29500.0,Salaried,Rent,West,9,12000.0,12,0,0.589,1,1
A00135,CU00093,2023-11-30,42,48400.0,Public sector,Mortgage,West,0,35100.0,36,2,1.079,1,1
A02270,CU01662,2023-11-30,30,31000.0,Salaried,Rent,East,8,20800.0,60,1,0.843,0,0
A00357,CU00261,2023-11-30,24,41400.0,Self-employed,Rent,North,10,16900.0,60,0,0.78,0,0
A02593,CU01890,2023-12-01,36,89200.0,Salaried,Rent,West,0,65400.0,24,0,1.017,0,0
A01115,CU00827,2023-12-02,52,40800.0,Public sector,Rent,West,4,34200.0,36,0,0.891,0,0
A02176,CU01593,2023-12-02,39,67700.0,Public sector,Rent,North,3,23400.0,12,1,0.714,0,0
A00039,CU00029,2023-12-02,37,24300.0,Salaried,Rent,North,8,8900.0,12,0,0.549,1,0
A00717,CU00518,2023-12-02,44,25000.0,Salaried,Mortgage,North,3,8400.0,24,0,0.502,0,0
A01655,CU01207,2023-12-03,55,47400.0,Self-employed,Rent,West,9,41200.0,60,2,1.025,0,0
A01377,CU01005,2023-12-03,44,44900.0,Public sector,Own,West,6,34100.0,12,0,0.883,0,0
A02602,CU01898,2023-12-04,55,52300.0,Public sector,Mortgage,East,16,19100.0,60,0,0.626,0,0
A00737,CU00530,2023-12-05,54,24700.0,Salaried,Mortgage,East,0,19400.0,24,2,1.136,0,0
A00567,CU00412,2023-12-05,31,33600.0,Salaried,Rent,South,12,18700.0,24,0,0.619,0,0
A00385,CU00283,2023-12-06,30,38300.0,Salaried,Rent,North,0,23700.0,36,1,0.964,0,0
A00207,CU00150,2023-12-06,41,31400.0,Salaried,Own,South,5,14700.0,60,1,0.526,0,0
A02083,CU01525,2023-12-06,37,17000.0,Public sector,Mortgage,West,14,3600.0,24,0,0.463,0,0
A02023,CU01483,2023-12-06,64,42800.0,Public sector,Own,South,10,36300.0,60,6,1.056,0,0
A01310,CU00955,2023-12-06,52,37200.0,Salaried,Rent,North,14,14200.0,60,0,0.692,0,0
A02981,CU02184,2023-12-07,52,14500.0,Self-employed,Rent,East,14,1900.0,36,1,0.421,0,0
A00435,CU00320,2023-12-07,30,39700.0,Unemployed,Own,North,10,22400.0,60,1,0.685,0,0
A01975,CU01446,2023-12-07,21,81000.0,Public sector,Rent,North,2,67100.0,36,0,1.124,0,0
A00079,CU00060,2023-12-08,38,43200.0,Public sector,Mortgage,South,10,25100.0,24,0,0.737,0,0
A00401,CU00295,2023-12-08,43,56100.0,Self-employed,Mortgage,East,0,28200.0,24,3,0.545,1,1
A02688,CU01966,2023-12-08,35,18500.0,Salaried,Own,East,9,11500.0,60,1,0.784,0,0
A02697,CU01975,2023-12-08,50,46900.0,Public sector,Rent,West,6,31800.0,36,1,0.951,0,0
A00217,CU00158,2023-12-08,44,41300.0,Salaried,Rent,East,11,11100.0,12,1,0.424,1,1
A02440,CU01781,2023-12-09,48,41300.0,Salaried,Mortgage,West,12,8200.0,24,1,0.353,0,0
A01772,CU01296,2023-12-09,41,22700.0,Salaried,Own,South,9,7900.0,12,0,0.487,1,1
A00344,CU00250,2023-12-10,45,57100.0,Self-employed,Own,South,11,13000.0,24,3,0.439,0,0
A00680,CU00493,2023-12-11,36,75900.0,Salaried,Mortgage,East,14,13100.0,36,1,0.408,0,0
A02265,CU01659,2023-12-11,51,43100.0,Salaried,Rent,North,11,20200.0,12,1,0.734,0,0
A01653,CU01207,2023-12-12,55,47400.0,Self-employed,Rent,West,9,22200.0,60,2,0.746,0,0
A00596,CU00433,2023-12-12,30,43900.0,Salaried,Rent,North,1,29200.0,12,0,0.802,0,0
A01013,CU00747,2023-12-12,32,33400.0,Salaried,Own,West,15,22800.0,24,0,0.943,0,0
A01162,CU00854,2023-12-12,36,28700.0,Salaried,Rent,East,6,12800.0,60,2,0.677,1,1
A01734,CU01267,2023-12-12,21,18300.0,Self-employed,Rent,South,10,6900.0,60,0,0.553,1,1
A01624,CU01186,2023-12-12,62,29600.0,Public sector,Mortgage,South,2,20700.0,24,0,0.82,0,0
A00362,CU00266,2023-12-13,44,21300.0,Salaried,Mortgage,South,8,3600.0,36,2,0.43,0,0
A01430,CU01041,2023-12-14,21,13600.0,Salaried,Mortgage,East,7,3600.0,12,2,0.385,1,1
A01396,CU01017,2023-12-14,32,41900.0,Salaried,Own,West,7,14000.0,36,3,0.715,0,0
A02190,CU01600,2023-12-14,33,15300.0,Salaried,Mortgage,South,4,4600.0,12,1,0.491,0,0
A01771,CU01295,2023-12-15,35,32300.0,Public sector,Own,North,9,18200.0,24,0,0.717,0,0
A01617,CU01180,2023-12-15,42,70800.0,Salaried,Own,West,0,49300.0,24,0,0.817,0,0
A01683,CU01227,2023-12-15,61,36400.0,Self-employed,Mortgage,West,2,9900.0,60,1,0.444,0,0
A02584,CU01882,2023-12-16,38,65300.0,Salaried,Own,West,10,10700.0,60,1,0.432,0,0
A02217,CU01620,2023-12-16,53,85100.0,Public sector,Rent,South,6,75200.0,36,1,1.093,0,0
A01485,CU01080,2023-12-16,55,27700.0,Salaried,Mortgage,East,0,10900.0,24,0,0.562,0,0
A01531,CU01117,2023-12-16,39,46400.0,Salaried,Rent,East,2,20200.0,60,3,0.706,0,0
A01272,CU00926,2023-12-16,41,54700.0,Salaried,Rent,North,9,6700.0,24,1,0.347,0,0
A02459,CU01795,2023-12-17,37,32400.0,Salaried,Rent,South,0,27600.0,36,0,1.119,0,0
A01152,CU00845,2023-12-18,38,19100.0,Self-employed,Rent,North,8,2200.0,24,0,0.352,0,0
A02997,CU02195,2023-12-18,30,23900.0,Salaried,Mortgage,West,12,6300.0,36,0,0.492,0,0
A01737,CU01270,2023-12-18,47,44200.0,Salaried,Own,South,9,28000.0,36,0,0.841,0,0
A00511,CU00373,2023-12-19,35,36400.0,Salaried,Rent,North,8,29500.0,12,4,0.878,1,1
A02415,CU01761,2023-12-19,24,18800.0,Public sector,Mortgage,North,11,9000.0,24,1,0.467,0,0
A02570,CU01869,2023-12-20,41,54000.0,Public sector,Mortgage,North,13,33500.0,60,0,0.889,0,0
A02019,CU01479,2023-12-20,43,32400.0,Salaried,Own,North,8,12200.0,60,1,0.65,0,0
A01942,CU01420,2023-12-21,39,63800.0,Salaried,Own,North,12,37300.0,24,0,0.715,0,0
A02761,CU02026,2023-12-22,40,33500.0,Unemployed,Rent,South,11,15100.0,36,2,0.646,1,1
A01780,CU01303,2023-12-23,34,36200.0,Public sector,Rent,North,11,17800.0,36,2,0.623,0,0
A02792,CU02048,2023-12-23,53,46600.0,Self-employed,Rent,South,5,27300.0,36,0,0.714,0,0
A00908,CU00662,2023-12-23,52,40300.0,Salaried,Mortgage,West,10,24900.0,12,0,0.809,0,0
A01433,CU01042,2023-12-23,48,18800.0,Salaried,Mortgage,East,4,11500.0,60,1,0.988,0,0
A01111,CU00825,2023-12-23,50,33900.0,Salaried,Mortgage,West,5,26100.0,24,1,1.005,0,0
A00029,CU00021,2023-12-24,45,37400.0,Salaried,Rent,South,8,14900.0,36,0,0.66,0,0
A01627,CU01187,2023-12-24,39,64200.0,Public sector,Mortgage,North,7,20300.0,36,0,0.469,0,0
A00469,CU00345,2023-12-24,33,85100.0,Salaried,Mortgage,West,7,23200.0,24,0,0.513,0,0
A01927,CU01409,2023-12-24,56,33300.0,Salaried,Rent,South,7,21200.0,60,0,0.869,0,0
A01720,CU01258,2023-12-25,45,16100.0,Salaried,Rent,South,23,1900.0,12,0,0.299,0,0
A02331,CU01705,2023-12-25,46,20200.0,Public sector,Own,South,9,6400.0,24,1,0.576,0,0
A00656,CU00475,2023-12-25,29,102800.0,Unemployed,Mortgage,North,5,85900.0,24,1,1.042,0,0
A01054,CU00781,2023-12-26,30,37300.0,Salaried,Rent,North,5,31900.0,60,1,1.089,0,0
A01271,CU00925,2023-12-27,54,51700.0,Salaried,Mortgage,East,19,23700.0,24,1,0.721,0,0
A02867,CU02101,2023-12-27,40,72300.0,Salaried,Mortgage,West,6,7700.0,36,0,0.358,0,0
A02769,CU02029,2023-12-27,38,67400.0,Salaried,Mortgage,South,15,27600.0,60,0,0.478,0,0
A02330,CU01704,2023-12-28,36,25800.0,Salaried,Own,North,17,2600.0,36,0,0.287,0,0
A02373,CU01735,2023-12-28,55,51500.0,Self-employed,Rent,West,8,23300.0,60,0,0.567,1,1
A00761,CU00543,2023-12-28,48,70200.0,Self-employed,Rent,South,8,62900.0,12,0,1.088,1,1
A01536,CU01120,2023-12-28,21,9000.0,Salaried,Rent,North,10,3200.0,12,3,0.461,0,0
A02912,CU02132,2023-12-29,40,38300.0,Salaried,Rent,North,9,23400.0,24,1,0.873,0,0
A02069,CU01513,2023-12-29,37,38700.0,Public sector,Mortgage,East,0,7200.0,12,1,0.383,0,0
A02881,CU02110,2023-12-30,32,56400.0,Self-employed,Rent,North,6,29900.0,12,0,0.603,0,0
A00640,CU00464,2023-12-30,50,67000.0,Public sector,Own,East,10,50000.0,12,0,0.921,0,0
A00832,CU00595,2023-12-30,49,25100.0,Salaried,Own,East,2,8600.0,24,2,0.468,0,0
A01027,CU00759,2023-12-31,21,64400.0,Public sector,Rent,East,14,17400.0,24,1,0.498,0,0
A02834,CU02077,2023-12-31,49,20700.0,Salaried,Mortgage,South,10,4400.0,36,3,0.322,1,1
A01885,CU01376,2023-12-31,30,33500.0,Public sector,Rent,East,15,8600.0,60,0,0.61,1,1
