invoice_id,datetime,customer_id,store,product,category,quantity,unit_price,revenue
INV00001,2024-07-28 15:00:00,K0251,Riyadh,Coffee,Beverages,1,6.03,6.03
INV00001,2024-07-28 15:00:00,K0251,Riyadh,Rice,Grocery,3,2.62,7.86
INV00001,2024-07-28 15:00:00,K0251,Riyadh,Sugar,Grocery,2,1.59,3.18
INV00001,2024-07-28 15:00:00,K0251,Riyadh,Tea,Beverages,2,3.76,7.52
INV00001,2024-07-28 15:00:00,K0251,Riyadh,Yogurt,Dairy,2,1.73,3.46
INV00002,2024-01-24 10:00:00,K0072,Casablanca,Bread,Bakery,1,1.27,1.27
INV00002,2024-01-24 10:00:00,K0072,Casablanca,Butter,Dairy,3,2.6,7.8
INV00002,2024-01-24 10:00:00,K0072,Casablanca,Chicken,Meat,1,8.84,8.84
INV00002,2024-01-24 10:00:00,K0072,Casablanca,Rice,Grocery,2,2.62,5.24
INV00003,2024-12-04 13:00:00,K0354,Riyadh,Bread,Bakery,1,1.08,1.08
INV00003,2024-12-04 13:00:00,K0354,Riyadh,Butter,Dairy,2,2.61,5.22
INV00003,2024-12-04 13:00:00,K0354,Riyadh,Coffee,Beverages,3,6.25,18.75
INV00003,2024-12-04 13:00:00,K0354,Riyadh,Pasta,Grocery,3,1.73,5.19
INV00003,2024-12-04 13:00:00,K0354,Riyadh,Tomato Sauce,Grocery,3,2.17,6.51
INV00004,2024-05-17 13:00:00,K0359,Casablanca,Coffee,Beverages,2,6.21,12.42
INV00004,2024-05-17 13:00:00,K0359,Casablanca,Dates,Produce,3,4.61,13.83
INV00004,2024-05-17 13:00:00,K0359,Casablanca,Pasta,Grocery,3,1.8,5.4
INV00004,2024-05-17 13:00:00,K0359,Casablanca,Rice,Grocery,3,2.36,7.08
INV00004,2024-05-17 13:00:00,K0359,Casablanca,Sugar,Grocery,1,1.44,1.44
INV00004,2024-05-17 13:00:00,K0359,Casablanca,Tomato Sauce,Grocery,2,2.01,4.02
INV00004,2024-05-17 13:00:00,K0359,Casablanca,Yogurt,Dairy,3,1.78,5.34
INV00005,2024-03-05 11:00:00,K0188,Riyadh,Olive Oil,Grocery,2,7.67,15.34
INV00005,2024-03-05 11:00:00,K0188,Riyadh,Sugar,Grocery,3,1.58,4.74
INV00006,2024-02-02 11:00:00,K0276,Cairo,Chicken,Meat,2,7.94,15.88
INV00006,2024-02-02 11:00:00,K0276,Cairo,Milk,Dairy,3,1.13,3.39
INV00006,2024-02-02 11:00:00,K0276,Cairo,Pasta,Grocery,1,1.62,1.62
INV00006,2024-02-02 11:00:00,K0276,Cairo,Tomato Sauce,Grocery,1,2.11,2.11
INV00006,2024-02-02 11:00:00,K0276,Cairo,Yogurt,Dairy,2,2.0,4.0
INV00007,2024-06-11 10:00:00,K0190,Amman,Bread,Bakery,2,1.12,2.24
INV00007,2024-06-11 10:00:00,K0190,Amman,Butter,Dairy,1,2.6,2.6
INV00007,2024-06-11 10:00:00,K0190,Amman,Milk,Dairy,2,1.02,2.04
INV00007,2024-06-11 10:00:00,K0190,Amman,Tea,Beverages,2,3.36,6.72
INV00007,2024-06-11 10:00:00,K0190,Amman,Water,Beverages,2,0.8,1.6
INV00007,2024-06-11 10:00:00,K0190,Amman,Yogurt,Dairy,1,1.79,1.79
INV00008,2024-09-23 11:00:00,K0203,Casablanca,Bread,Bakery,1,1.13,1.13
INV00008,2024-09-23 11:00:00,K0203,Casablanca,Butter,Dairy,3,2.35,7.05
INV00008,2024-09-23 11:00:00,K0203,Casablanca,Coffee,Beverages,3,5.78,17.34
INV00009,2024-06-06 19:00:00,K0250,Casablanca,Bread,Bakery,2,1.3,2.6
INV00009,2024-06-06 19:00:00,K0250,Casablanca,Rice,Grocery,2,2.31,4.62
INV00009,2024-06-06 19:00:00,K0250,Casablanca,Yogurt,Dairy,3,2.01,6.03
INV00010,2024-09-09 08:00:00,K0363,Cairo,Chicken,Meat,3,8.69,26.07
INV00010,2024-09-09 08:00:00,K0363,Cairo,Coffee,Beverages,1,6.52,6.52
INV00010,2024-09-09 08:00:00,K0363,Cairo,Rice,Grocery,3,2.54,7.62
INV00010,2024-09-09 08:00:00,K0363,Cairo,Sugar,Grocery,2,1.61,3.22
INV00010,2024-09-09 08:00:00,K0363,Cairo,Tomato Sauce,Grocery,2,2.02,4.04
INV00011,2024-10-27 18:00:00,K0263,Casablanca,Apples,Produce,2,2.96,5.92
INV00011,2024-10-27 18:00:00,K0263,Casablanca,Dates,Produce,3,4.71,14.13
INV00011,2024-10-27 18:00:00,K0263,Casablanca,Pasta,Grocery,3,1.98,5.94
INV00011,2024-10-27 18:00:00,K0263,Casablanca,Rice,Grocery,1,2.54,2.54
INV00011,2024-10-27 18:00:00,K0263,Casablanca,Tomato Sauce,Grocery,1,2.17,2.17
INV00011,2024-10-27 18:00:00,K0263,Casablanca,Water,Beverages,1,0.82,0.82
INV00012,2024-06-18 20:00:00,K0193,Casablanca,Olive Oil,Grocery,3,8.09,24.27
INV00012,2024-06-18 20:00:00,K0193,Casablanca,Pasta,Grocery,3,1.85,5.55
INV00012,2024-06-18 20:00:00,K0193,Casablanca,Tomato Sauce,Grocery,1,2.39,2.39
INV00012,2024-06-18 20:00:00,K0193,Casablanca,Water,Beverages,1,0.81,0.81
INV00013,2024-10-11 09:00:00,K0195,Cairo,Rice,Grocery,2,2.6,5.2
INV00014,2024-12-20 08:00:00,K0080,Amman,Bread,Bakery,3,1.24,3.72
INV00014,2024-12-20 08:00:00,K0080,Amman,Butter,Dairy,1,2.49,2.49
INV00014,2024-12-20 08:00:00,K0080,Amman,Cheese,Dairy,2,3.77,7.54
INV00014,2024-12-20 08:00:00,K0080,Amman,Coffee,Beverages,1,6.14,6.14
INV00014,2024-12-20 08:00:00,K0080,Amman,Rice,Grocery,1,2.5,2.5
INV00015,2024-09-19 14:00:00,K0048,Amman,Baby Wipes,Baby,1,4.2,4.2
INV00015,2024-09-19 14:00:00,K0048,Amman,Diapers,Baby,3,13.19,39.57
INV00015,2024-09-19 14:00:00,K0048,Amman,Rice,Grocery,2,2.48,4.96
INV00015,2024-09-19 14:00:00,K0048,Amman,Water,Beverages,2,0.82,1.64
INV00015,2024-09-19 14:00:00,K0048,Amman,Yogurt,Dairy,3,1.9,5.7
INV00016,2024-01-21 20:00:00,K0119,Amman,Bread,Bakery,1,1.23,1.23
INV00016,2024-01-21 20:00:00,K0119,Amman,Coffee,Beverages,1,5.7,5.7
INV00016,2024-01-21 20:00:00,K0119,Amman,Olive Oil,Grocery,3,7.3,21.9
INV00016,2024-01-21 20:00:00,K0119,Amman,Rice,Grocery,2,2.51,5.02
INV00016,2024-01-21 20:00:00,K0119,Amman,Yogurt,Dairy,3,2.07,6.21
INV00017,2024-01-07 19:00:00,K0034,Casablanca,Bread,Bakery,1,1.21,1.21
INV00017,2024-01-07 19:00:00,K0034,Casablanca,Butter,Dairy,3,2.68,8.04
INV00017,2024-01-07 19:00:00,K0034,Casablanca,Milk,Dairy,2,1.1,2.2
INV00018,2024-08-13 18:00:00,K0239,Casablanca,Milk,Dairy,3,1.21,3.63
INV00018,2024-08-13 18:00:00,K0239,Casablanca,Olive Oil,Grocery,1,8.0,8.0
INV00018,2024-08-13 18:00:00,K0239,Casablanca,Pasta,Grocery,2,1.8,3.6
INV00018,2024-08-13 18:00:00,K0239,Casablanca,Sugar,Grocery,1,1.35,1.35
INV00018,2024-08-13 18:00:00,K0239,Casablanca,Tomato Sauce,Grocery,3,2.03,6.09
INV00019,2024-10-22 14:00:00,K0166,Casablanca,Bread,Bakery,1,1.27,1.27
INV00019,2024-10-22 14:00:00,K0166,Casablanca,Butter,Dairy,2,2.47,4.94
INV00020,2024-11-27 21:00:00,K0044,Amman,Milk,Dairy,1,0.99,0.99
INV00020,2024-11-27 21:00:00,K0044,Amman,Pasta,Grocery,2,1.97,3.94
INV00020,2024-11-27 21:00:00,K0044,Amman,Tomato Sauce,Grocery,3,2.24,6.72
INV00020,2024-11-27 21:00:00,K0044,Amman,Yogurt,Dairy,2,1.96,3.92
INV00021,2024-10-24 15:00:00,K0044,Cairo,Dates,Produce,1,5.13,5.13
INV00021,2024-10-24 15:00:00,K0044,Cairo,Pasta,Grocery,3,1.76,5.28
INV00021,2024-10-24 15:00:00,K0044,Cairo,Rice,Grocery,2,2.53,5.06
INV00021,2024-10-24 15:00:00,K0044,Cairo,Tea,Beverages,1,3.51,3.51
INV00021,2024-10-24 15:00:00,K0044,Cairo,Water,Beverages,1,0.76,0.76
INV00022,2024-04-20 10:00:00,K0112,Cairo,Dates,Produce,1,5.22,5.22
INV00023,2024-02-20 19:00:00,K0279,Cairo,Apples,Produce,1,2.53,2.53
INV00023,2024-02-20 19:00:00,K0279,Cairo,Bread,Bakery,3,1.13,3.39
INV00023,2024-02-20 19:00:00,K0279,Cairo,Butter,Dairy,1,2.64,2.64
INV00023,2024-02-20 19:00:00,K0279,Cairo,Milk,Dairy,2,1.0,2.0
INV00023,2024-02-20 19:00:00,K0279,Cairo,Sugar,Grocery,1,1.51,1.51
INV00023,2024-02-20 19:00:00,K0279,Cairo,Water,Beverages,1,0.8,0.8
INV00024,2024-02-11 11:00:00,K0184,Amman,Yogurt,Dairy,1,1.97,1.97
INV00025,2024-07-06 12:00:00,K0068,Cairo,Cheese,Dairy,3,3.99,11.97
INV00025,2024-07-06 12:00:00,K0068,Cairo,Coffee,Beverages,2,5.45,10.9
INV00026,2024-09-15 09:00:00,K0031,Amman,Sugar,Grocery,1,1.4,1.4
INV00027,2024-10-26 21:00:00,K0211,Amman,Apples,Produce,3,2.77,8.31
INV00027,2024-10-26 21:00:00,K0211,Amman,Milk,Dairy,3,1.07,3.21
INV00027,2024-10-26 21:00:00,K0211,Amman,Rice,Grocery,1,2.21,2.21
INV00027,2024-10-26 21:00:00,K0211,Amman,Tea,Beverages,2,3.22,6.44
INV00027,2024-10-26 21:00:00,K0211,Amman,Yogurt,Dairy,3,2.06,6.18
INV00028,2024-04-17 15:00:00,K0021,Casablanca,Apples,Produce,1,3.0,3.0
INV00028,2024-04-17 15:00:00,K0021,Casablanca,Bread,Bakery,2,1.24,2.48
INV00028,2024-04-17 15:00:00,K0021,Casablanca,Butter,Dairy,2,2.31,4.62
INV00029,2024-06-01 18:00:00,K0067,Riyadh,Rice,Grocery,2,2.29,4.58
INV00029,2024-06-01 18:00:00,K0067,Riyadh,Water,Beverages,1,0.84,0.84
INV00030,2024-06-03 08:00:00,K0043,Casablanca,Rice,Grocery,3,2.59,7.77
INV00031,2024-06-28 08:00:00,K0223,Cairo,Bread,Bakery,1,1.29,1.29
INV00031,2024-06-28 08:00:00,K0223,Cairo,Butter,Dairy,2,2.42,4.84
INV00031,2024-06-28 08:00:00,K0223,Cairo,Yogurt,Dairy,3,2.05,6.15
INV00032,2024-12-18 21:00:00,K0095,Amman,Bread,Bakery,2,1.11,2.22
INV00032,2024-12-18 21:00:00,K0095,Amman,Butter,Dairy,3,2.63,7.89
INV00032,2024-12-18 21:00:00,K0095,Amman,Rice,Grocery,2,2.22,4.44
INV00032,2024-12-18 21:00:00,K0095,Amman,Water,Beverages,1,0.75,0.75
INV00033,2024-03-24 17:00:00,K0296,Riyadh,Baby Wipes,Baby,3,4.71,14.13
INV00033,2024-03-24 17:00:00,K0296,Riyadh,Bread,Bakery,3,1.13,3.39
INV00033,2024-03-24 17:00:00,K0296,Riyadh,Diapers,Baby,3,12.92,38.76
INV00033,2024-03-24 17:00:00,K0296,Riyadh,Milk,Dairy,3,1.15,3.45
INV00033,2024-03-24 17:00:00,K0296,Riyadh,Yogurt,Dairy,2,1.86,3.72
INV00034,2024-05-10 10:00:00,K0115,Casablanca,Chicken,Meat,1,8.51,8.51
INV00034,2024-05-10 10:00:00,K0115,Casablanca,Pasta,Grocery,3,1.73,5.19
INV00034,2024-05-10 10:00:00,K0115,Casablanca,Rice,Grocery,2,2.27,4.54
INV00034,2024-05-10 10:00:00,K0115,Casablanca,Tomato Sauce,Grocery,1,2.09,2.09
INV00035,2024-04-24 16:00:00,K0120,Cairo,Rice,Grocery,1,2.47,2.47
INV00036,2024-03-02 18:00:00,K0185,Riyadh,Butter,Dairy,3,2.47,7.41
INV00036,2024-03-02 18:00:00,K0185,Riyadh,Chicken,Meat,1,8.72,8.72
INV00036,2024-03-02 18:00:00,K0185,Riyadh,Olive Oil,Grocery,2,6.87,13.74
INV00036,2024-03-02 18:00:00,K0185,Riyadh,Tea,Beverages,3,3.66,10.98
INV00036,2024-03-02 18:00:00,K0185,Riyadh,Water,Beverages,2,0.83,1.66
INV00037,2024-04-08 19:00:00,K0353,Cairo,Chicken,Meat,2,9.16,18.32
INV00037,2024-04-08 19:00:00,K0353,Cairo,Sugar,Grocery,2,1.53,3.06
INV00038,2024-05-31 12:00:00,K0052,Riyadh,Dates,Produce,2,5.47,10.94
INV00038,2024-05-31 12:00:00,K0052,Riyadh,Rice,Grocery,2,2.5,5.0
INV00038,2024-05-31 12:00:00,K0052,Riyadh,Sugar,Grocery,2,1.58,3.16
INV00038,2024-05-31 12:00:00,K0052,Riyadh,Water,Beverages,3,0.85,2.55
INV00039,2024-01-24 17:00:00,K0220,Cairo,Cheese,Dairy,3,3.89,11.67
INV00039,2024-01-24 17:00:00,K0220,Cairo,Yogurt,Dairy,2,1.79,3.58
INV00040,2024-07-17 14:00:00,K0013,Amman,Bread,Bakery,3,1.29,3.87
INV00040,2024-07-17 14:00:00,K0013,Amman,Butter,Dairy,3,2.31,6.93
INV00040,2024-07-17 14:00:00,K0013,Amman,Chicken,Meat,2,9.24,18.48
INV00040,2024-07-17 14:00:00,K0013,Amman,Rice,Grocery,3,2.46,7.38
INV00041,2024-10-31 12:00:00,K0329,Cairo,Chicken,Meat,2,9.28,18.56
INV00041,2024-10-31 12:00:00,K0329,Cairo,Milk,Dairy,1,1.06,1.06
INV00041,2024-10-31 12:00:00,K0329,Cairo,Tea,Beverages,2,3.57,7.14
INV00041,2024-10-31 12:00:00,K0329,Cairo,Tomato Sauce,Grocery,1,2.21,2.21
INV00042,2024-07-12 09:00:00,K0178,Casablanca,Bread,Bakery,3,1.27,3.81
INV00042,2024-07-12 09:00:00,K0178,Casablanca,Chicken,Meat,1,8.3,8.3
INV00042,2024-07-12 09:00:00,K0178,Casablanca,Dates,Produce,3,4.5,13.5
INV00042,2024-07-12 09:00:00,K0178,Casablanca,Rice,Grocery,1,2.21,2.21
INV00042,2024-07-12 09:00:00,K0178,Casablanca,Yogurt,Dairy,1,1.8,1.8
INV00043,2024-12-27 11:00:00,K0118,Amman,Bread,Bakery,1,1.13,1.13
INV00043,2024-12-27 11:00:00,K0118,Amman,Chicken,Meat,2,7.86,15.72
INV00043,2024-12-27 11:00:00,K0118,Amman,Rice,Grocery,1,2.6,2.6
INV00043,2024-12-27 11:00:00,K0118,Amman,Water,Beverages,2,0.78,1.56
INV00044,2024-12-30 10:00:00,K0398,Casablanca,Coffee,Beverages,1,6.43,6.43
INV00045,2024-03-26 17:00:00,K0042,Casablanca,Pasta,Grocery,1,1.79,1.79
INV00045,2024-03-26 17:00:00,K0042,Casablanca,Tomato Sauce,Grocery,1,1.99,1.99
INV00046,2024-01-31 15:00:00,K0372,Riyadh,Bread,Bakery,1,1.28,1.28
INV00046,2024-01-31 15:00:00,K0372,Riyadh,Butter,Dairy,2,2.47,4.94
INV00046,2024-01-31 15:00:00,K0372,Riyadh,Olive Oil,Grocery,1,6.91,6.91
INV00046,2024-01-31 15:00:00,K0372,Riyadh,Tea,Beverages,3,3.63,10.89
INV00046,2024-01-31 15:00:00,K0372,Riyadh,Water,Beverages,3,0.84,2.52
INV00046,2024-01-31 15:00:00,K0372,Riyadh,Yogurt,Dairy,3,1.96,5.88
INV00047,2024-02-06 16:00:00,K0258,Casablanca,Rice,Grocery,3,2.44,7.32
INV00047,2024-02-06 16:00:00,K0258,Casablanca,Water,Beverages,3,0.84,2.52
INV00047,2024-02-06 16:00:00,K0258,Casablanca,Yogurt,Dairy,2,2.03,4.06
INV00048,2024-06-12 10:00:00,K0124,Cairo,Yogurt,Dairy,3,1.77,5.31
INV00049,2024-02-01 18:00:00,K0386,Amman,Bread,Bakery,1,1.13,1.13
INV00050,2024-06-19 20:00:00,K0015,Riyadh,Bread,Bakery,3,1.25,3.75
INV00050,2024-06-19 20:00:00,K0015,Riyadh,Butter,Dairy,1,2.55,2.55
INV00050,2024-06-19 20:00:00,K0015,Riyadh,Coffee,Beverages,2,6.36,12.72
INV00050,2024-06-19 20:00:00,K0015,Riyadh,Dates,Produce,1,4.9,4.9
INV00050,2024-06-19 20:00:00,K0015,Riyadh,Pasta,Grocery,1,1.7,1.7
INV00050,2024-06-19 20:00:00,K0015,Riyadh,Sugar,Grocery,1,1.62,1.62
INV00050,2024-06-19 20:00:00,K0015,Riyadh,Tea,Beverages,3,3.71,11.13
INV00050,2024-06-19 20:00:00,K0015,Riyadh,Tomato Sauce,Grocery,2,2.13,4.26
INV00051,2024-11-19 20:00:00,K0301,Cairo,Baby Wipes,Baby,3,4.56,13.68
INV00051,2024-11-19 20:00:00,K0301,Cairo,Butter,Dairy,1,2.45,2.45
INV00051,2024-11-19 20:00:00,K0301,Cairo,Chicken,Meat,3,8.46,25.38
INV00051,2024-11-19 20:00:00,K0301,Cairo,Diapers,Baby,1,11.66,11.66
INV00051,2024-11-19 20:00:00,K0301,Cairo,Tea,Beverages,1,3.61,3.61
INV00051,2024-11-19 20:00:00,K0301,Cairo,Tomato Sauce,Grocery,3,2.27,6.81
INV00052,2024-02-10 10:00:00,K0388,Riyadh,Baby Wipes,Baby,2,4.33,8.66
INV00052,2024-02-10 10:00:00,K0388,Riyadh,Bread,Bakery,3,1.09,3.27
INV00052,2024-02-10 10:00:00,K0388,Riyadh,Butter,Dairy,1,2.26,2.26
INV00052,2024-02-10 10:00:00,K0388,Riyadh,Cheese,Dairy,3,4.18,12.54
INV00052,2024-02-10 10:00:00,K0388,Riyadh,Diapers,Baby,3,12.67,38.01
INV00052,2024-02-10 10:00:00,K0388,Riyadh,Olive Oil,Grocery,2,8.02,16.04
INV00053,2024-02-21 08:00:00,K0370,Casablanca,Coffee,Beverages,1,6.37,6.37
INV00053,2024-02-21 08:00:00,K0370,Casablanca,Pasta,Grocery,1,1.88,1.88
INV00053,2024-02-21 08:00:00,K0370,Casablanca,Rice,Grocery,3,2.26,6.78
INV00053,2024-02-21 08:00:00,K0370,Casablanca,Tea,Beverages,1,3.4,3.4
INV00054,2024-02-08 18:00:00,K0356,Cairo,Apples,Produce,2,2.79,5.58
INV00054,2024-02-08 18:00:00,K0356,Cairo,Pasta,Grocery,1,1.9,1.9
INV00054,2024-02-08 18:00:00,K0356,Cairo,Tomato Sauce,Grocery,3,2.08,6.24
INV00054,2024-02-08 18:00:00,K0356,Cairo,Water,Beverages,1,0.76,0.76
INV00055,2024-01-24 10:00:00,K0180,Casablanca,Bread,Bakery,2,1.23,2.46
INV00055,2024-01-24 10:00:00,K0180,Casablanca,Butter,Dairy,3,2.58,7.74
INV00055,2024-01-24 10:00:00,K0180,Casablanca,Coffee,Beverages,2,6.38,12.76
INV00055,2024-01-24 10:00:00,K0180,Casablanca,Rice,Grocery,1,2.32,2.32
INV00056,2024-10-21 10:00:00,K0276,Casablanca,Bread,Bakery,3,1.14,3.42
INV00056,2024-10-21 10:00:00,K0276,Casablanca,Butter,Dairy,2,2.53,5.06
INV00056,2024-10-21 10:00:00,K0276,Casablanca,Diapers,Baby,2,11.19,22.38
INV00056,2024-10-21 10:00:00,K0276,Casablanca,Tea,Beverages,3,3.79,11.37
INV00057,2024-05-26 10:00:00,K0361,Casablanca,Butter,Dairy,1,2.68,2.68
INV00057,2024-05-26 10:00:00,K0361,Casablanca,Coffee,Beverages,3,6.54,19.62
INV00057,2024-05-26 10:00:00,K0361,Casablanca,Sugar,Grocery,2,1.58,3.16
INV00057,2024-05-26 10:00:00,K0361,Casablanca,Water,Beverages,3,0.74,2.22
INV00058,2024-08-15 15:00:00,K0084,Casablanca,Bread,Bakery,2,1.24,2.48
INV00058,2024-08-15 15:00:00,K0084,Casablanca,Butter,Dairy,1,2.39,2.39
INV00058,2024-08-15 15:00:00,K0084,Casablanca,Milk,Dairy,3,0.99,2.97
INV00058,2024-08-15 15:00:00,K0084,Casablanca,Tea,Beverages,2,3.41,6.82
INV00059,2024-09-12 14:00:00,K0066,Riyadh,Bread,Bakery,2,1.16,2.32
INV00059,2024-09-12 14:00:00,K0066,Riyadh,Chicken,Meat,3,8.36,25.08
INV00059,2024-09-12 14:00:00,K0066,Riyadh,Coffee,Beverages,1,5.56,5.56
INV00059,2024-09-12 14:00:00,K0066,Riyadh,Olive Oil,Grocery,1,6.9,6.9
INV00059,2024-09-12 14:00:00,K0066,Riyadh,Rice,Grocery,2,2.46,4.92
INV00059,2024-09-12 14:00:00,K0066,Riyadh,Sugar,Grocery,1,1.59,1.59
INV00060,2024-03-12 09:00:00,K0326,Casablanca,Olive Oil,Grocery,1,7.86,7.86
INV00060,2024-03-12 09:00:00,K0326,Casablanca,Yogurt,Dairy,2,2.08,4.16
INV00061,2024-11-30 19:00:00,K0232,Casablanca,Bread,Bakery,3,1.3,3.9
INV00061,2024-11-30 19:00:00,K0232,Casablanca,Butter,Dairy,1,2.32,2.32
INV00061,2024-11-30 19:00:00,K0232,Casablanca,Coffee,Beverages,1,6.17,6.17
INV00061,2024-11-30 19:00:00,K0232,Casablanca,Milk,Dairy,2,1.1,2.2
INV00061,2024-11-30 19:00:00,K0232,Casablanca,Sugar,Grocery,1,1.48,1.48
INV00061,2024-11-30 19:00:00,K0232,Casablanca,Water,Beverages,3,0.78,2.34
INV00062,2024-02-06 13:00:00,K0052,Riyadh,Coffee,Beverages,1,6.54,6.54
INV00063,2024-02-08 20:00:00,K0166,Amman,Coffee,Beverages,2,6.18,12.36
INV00064,2024-06-01 13:00:00,K0173,Cairo,Baby Wipes,Baby,1,4.28,4.28
INV00064,2024-06-01 13:00:00,K0173,Cairo,Diapers,Baby,1,11.34,11.34
INV00064,2024-06-01 13:00:00,K0173,Cairo,Milk,Dairy,3,1.18,3.54
INV00064,2024-06-01 13:00:00,K0173,Cairo,Water,Beverages,3,0.81,2.43
INV00065,2024-03-08 08:00:00,K0211,Amman,Milk,Dairy,2,1.1,2.2
INV00066,2024-03-27 11:00:00,K0170,Casablanca,Bread,Bakery,2,1.11,2.22
INV00067,2024-12-28 09:00:00,K0120,Cairo,Apples,Produce,1,2.88,2.88
INV00067,2024-12-28 09:00:00,K0120,Cairo,Chicken,Meat,3,7.68,23.04
INV00067,2024-12-28 09:00:00,K0120,Cairo,Pasta,Grocery,1,1.95,1.95
INV00067,2024-12-28 09:00:00,K0120,Cairo,Rice,Grocery,2,2.18,4.36
INV00067,2024-12-28 09:00:00,K0120,Cairo,Tomato Sauce,Grocery,2,2.01,4.02
INV00068,2024-05-17 12:00:00,K0275,Amman,Apples,Produce,3,2.73,8.19
INV00068,2024-05-17 12:00:00,K0275,Amman,Bread,Bakery,2,1.21,2.42
INV00068,2024-05-17 12:00:00,K0275,Amman,Butter,Dairy,2,2.51,5.02
INV00068,2024-05-17 12:00:00,K0275,Amman,Cheese,Dairy,2,3.89,7.78
INV00068,2024-05-17 12:00:00,K0275,Amman,Coffee,Beverages,3,5.63,16.89
INV00068,2024-05-17 12:00:00,K0275,Amman,Olive Oil,Grocery,3,7.13,21.39
INV00068,2024-05-17 12:00:00,K0275,Amman,Sugar,Grocery,3,1.59,4.77
INV00069,2024-02-14 20:00:00,K0288,Casablanca,Chicken,Meat,1,9.23,9.23
INV00069,2024-02-14 20:00:00,K0288,Casablanca,Yogurt,Dairy,3,1.78,5.34
INV00070,2024-09-13 09:00:00,K0042,Casablanca,Pasta,Grocery,3,1.94,5.82
INV00070,2024-09-13 09:00:00,K0042,Casablanca,Sugar,Grocery,2,1.55,3.1
INV00070,2024-09-13 09:00:00,K0042,Casablanca,Tomato Sauce,Grocery,1,2.11,2.11
INV00070,2024-09-13 09:00:00,K0042,Casablanca,Water,Beverages,1,0.88,0.88
INV00071,2024-02-20 09:00:00,K0345,Cairo,Bread,Bakery,2,1.18,2.36
INV00071,2024-02-20 09:00:00,K0345,Cairo,Butter,Dairy,2,2.47,4.94
INV00071,2024-02-20 09:00:00,K0345,Cairo,Tea,Beverages,3,3.66,10.98
INV00071,2024-02-20 09:00:00,K0345,Cairo,Water,Beverages,1,0.76,0.76
INV00072,2024-09-14 16:00:00,K0076,Casablanca,Dates,Produce,3,5.45,16.35
INV00072,2024-09-14 16:00:00,K0076,Casablanca,Yogurt,Dairy,3,1.74,5.22
INV00073,2024-04-24 19:00:00,K0388,Cairo,Apples,Produce,2,2.61,5.22
INV00074,2024-04-20 18:00:00,K0107,Amman,Bread,Bakery,2,1.15,2.3
INV00074,2024-04-20 18:00:00,K0107,Amman,Water,Beverages,2,0.84,1.68
INV00075,2024-07-03 08:00:00,K0044,Cairo,Bread,Bakery,3,1.32,3.96
INV00076,2024-09-05 09:00:00,K0123,Casablanca,Tomato Sauce,Grocery,3,2.27,6.81
INV00077,2024-05-04 17:00:00,K0065,Casablanca,Bread,Bakery,1,1.18,1.18
INV00077,2024-05-04 17:00:00,K0065,Casablanca,Butter,Dairy,1,2.37,2.37
INV00078,2024-10-02 18:00:00,K0369,Cairo,Coffee,Beverages,3,6.56,19.68
INV00078,2024-10-02 18:00:00,K0369,Cairo,Milk,Dairy,1,1.09,1.09
INV00078,2024-10-02 18:00:00,K0369,Cairo,Rice,Grocery,1,2.62,2.62
INV00078,2024-10-02 18:00:00,K0369,Cairo,Sugar,Grocery,3,1.49,4.47
INV00078,2024-10-02 18:00:00,K0369,Cairo,Tea,Beverages,2,3.48,6.96
INV00078,2024-10-02 18:00:00,K0369,Cairo,Tomato Sauce,Grocery,2,2.33,4.66
INV00079,2024-02-08 18:00:00,K0059,Casablanca,Apples,Produce,3,2.54,7.62
INV00079,2024-02-08 18:00:00,K0059,Casablanca,Olive Oil,Grocery,2,7.32,14.64
INV00080,2024-04-20 21:00:00,K0121,Riyadh,Coffee,Beverages,3,5.68,17.04
INV00080,2024-04-20 21:00:00,K0121,Riyadh,Milk,Dairy,3,1.01,3.03
INV00080,2024-04-20 21:00:00,K0121,Riyadh,Olive Oil,Grocery,1,6.92,6.92
INV00080,2024-04-20 21:00:00,K0121,Riyadh,Sugar,Grocery,3,1.46,4.38
INV00080,2024-04-20 21:00:00,K0121,Riyadh,Tea,Beverages,1,3.31,3.31
INV00081,2024-02-27 16:00:00,K0178,Amman,Butter,Dairy,3,2.53,7.59
INV00081,2024-02-27 16:00:00,K0178,Amman,Dates,Produce,2,4.98,9.96
INV00081,2024-02-27 16:00:00,K0178,Amman,Olive Oil,Grocery,3,7.25,21.75
INV00081,2024-02-27 16:00:00,K0178,Amman,Tea,Beverages,2,3.51,7.02
INV00081,2024-02-27 16:00:00,K0178,Amman,Water,Beverages,1,0.78,0.78
INV00082,2024-02-01 18:00:00,K0085,Riyadh,Bread,Bakery,1,1.12,1.12
INV00082,2024-02-01 18:00:00,K0085,Riyadh,Butter,Dairy,3,2.52,7.56
INV00082,2024-02-01 18:00:00,K0085,Riyadh,Coffee,Beverages,1,5.52,5.52
INV00082,2024-02-01 18:00:00,K0085,Riyadh,Yogurt,Dairy,2,1.9,3.8
INV00083,2024-04-08 21:00:00,K0041,Amman,Coffee,Beverages,2,6.17,12.34
INV00083,2024-04-08 21:00:00,K0041,Amman,Dates,Produce,2,5.33,10.66
INV00083,2024-04-08 21:00:00,K0041,Amman,Sugar,Grocery,3,1.57,4.71
INV00083,2024-04-08 21:00:00,K0041,Amman,Tea,Beverages,1,3.78,3.78
INV00083,2024-04-08 21:00:00,K0041,Amman,Tomato Sauce,Grocery,1,2.38,2.38
INV00083,2024-04-08 21:00:00,K0041,Amman,Water,Beverages,3,0.82,2.46
INV00084,2024-11-11 08:00:00,K0116,Amman,Apples,Produce,2,2.59,5.18
INV00084,2024-11-11 08:00:00,K0116,Amman,Bread,Bakery,3,1.09,3.27
INV00084,2024-11-11 08:00:00,K0116,Amman,Dates,Produce,1,5.05,5.05
INV00084,2024-11-11 08:00:00,K0116,Amman,Milk,Dairy,3,1.16,3.48
INV00084,2024-11-11 08:00:00,K0116,Amman,Pasta,Grocery,3,1.78,5.34
INV00085,2024-04-12 13:00:00,K0129,Casablanca,Bread,Bakery,1,1.09,1.09
INV00085,2024-04-12 13:00:00,K0129,Casablanca,Rice,Grocery,2,2.52,5.04
INV00085,2024-04-12 13:00:00,K0129,Casablanca,Yogurt,Dairy,3,1.85,5.55
INV00086,2024-01-28 19:00:00,K0153,Cairo,Cheese,Dairy,1,3.91,3.91
INV00086,2024-01-28 19:00:00,K0153,Cairo,Coffee,Beverages,2,5.63,11.26
INV00086,2024-01-28 19:00:00,K0153,Cairo,Dates,Produce,3,5.13,15.39
INV00086,2024-01-28 19:00:00,K0153,Cairo,Tea,Beverages,1,3.66,3.66
INV00086,2024-01-28 19:00:00,K0153,Cairo,Yogurt,Dairy,2,1.76,3.52
INV00087,2024-06-14 17:00:00,K0179,Casablanca,Apples,Produce,2,2.71,5.42
INV00087,2024-06-14 17:00:00,K0179,Casablanca,Butter,Dairy,3,2.28,6.84
INV00087,2024-06-14 17:00:00,K0179,Casablanca,Milk,Dairy,2,1.2,2.4
INV00087,2024-06-14 17:00:00,K0179,Casablanca,Yogurt,Dairy,3,1.77,5.31
INV00088,2024-01-30 08:00:00,K0085,Casablanca,Rice,Grocery,1,2.35,2.35
INV00089,2024-09-28 10:00:00,K0396,Cairo,Pasta,Grocery,3,1.87,5.61
INV00089,2024-09-28 10:00:00,K0396,Cairo,Rice,Grocery,3,2.46,7.38
INV00090,2024-02-28 16:00:00,K0115,Cairo,Cheese,Dairy,3,4.2,12.6
INV00091,2024-01-17 17:00:00,K0177,Riyadh,Bread,Bakery,3,1.16,3.48
INV00091,2024-01-17 17:00:00,K0177,Riyadh,Butter,Dairy,2,2.33,4.66
INV00091,2024-01-17 17:00:00,K0177,Riyadh,Cheese,Dairy,1,4.2,4.2
INV00091,2024-01-17 17:00:00,K0177,Riyadh,Milk,Dairy,1,1.16,1.16
INV00091,2024-01-17 17:00:00,K0177,Riyadh,Olive Oil,Grocery,1,7.06,7.06
INV00092,2024-08-06 13:00:00,K0155,Amman,Bread,Bakery,2,1.29,2.58
INV00092,2024-08-06 13:00:00,K0155,Amman,Butter,Dairy,2,2.65,5.3
INV00092,2024-08-06 13:00:00,K0155,Amman,Chicken,Meat,3,9.22,27.66
INV00092,2024-08-06 13:00:00,K0155,Amman,Dates,Produce,2,5.33,10.66
INV00092,2024-08-06 13:00:00,K0155,Amman,Rice,Grocery,2,2.32,4.64
INV00093,2024-03-01 13:00:00,K0399,Riyadh,Bread,Bakery,3,1.31,3.93
INV00093,2024-03-01 13:00:00,K0399,Riyadh,Butter,Dairy,1,2.68,2.68
INV00093,2024-03-01 13:00:00,K0399,Riyadh,Milk,Dairy,2,1.08,2.16
INV00093,2024-03-01 13:00:00,K0399,Riyadh,Pasta,Grocery,2,1.64,3.28
INV00093,2024-03-01 13:00:00,K0399,Riyadh,Tomato Sauce,Grocery,3,2.02,6.06
INV00094,2024-01-10 18:00:00,K0209,Riyadh,Sugar,Grocery,3,1.41,4.23
INV00095,2024-05-05 08:00:00,K0184,Riyadh,Apples,Produce,3,2.95,8.85
INV00095,2024-05-05 08:00:00,K0184,Riyadh,Bread,Bakery,1,1.1,1.1
INV00095,2024-05-05 08:00:00,K0184,Riyadh,Coffee,Beverages,3,5.41,16.23
INV00095,2024-05-05 08:00:00,K0184,Riyadh,Milk,Dairy,1,1.03,1.03
INV00095,2024-05-05 08:00:00,K0184,Riyadh,Rice,Grocery,2,2.42,4.84
INV00096,2024-11-28 13:00:00,K0061,Cairo,Apples,Produce,2,2.86,5.72
INV00096,2024-11-28 13:00:00,K0061,Cairo,Yogurt,Dairy,1,1.88,1.88
INV00097,2024-03-14 10:00:00,K0053,Cairo,Apples,Produce,1,2.54,2.54
INV00097,2024-03-14 10:00:00,K0053,Cairo,Bread,Bakery,2,1.22,2.44
INV00097,2024-03-14 10:00:00,K0053,Cairo,Butter,Dairy,3,2.6,7.8
INV00097,2024-03-14 10:00:00,K0053,Cairo,Chicken,Meat,3,7.72,23.16
INV00097,2024-03-14 10:00:00,K0053,Cairo,Tomato Sauce,Grocery,1,2.04,2.04
INV00097,2024-03-14 10:00:00,K0053,Cairo,Water,Beverages,3,0.77,2.31
INV00098,2024-06-16 13:00:00,K0307,Riyadh,Chicken,Meat,3,9.28,27.84
INV00098,2024-06-16 13:00:00,K0307,Riyadh,Milk,Dairy,2,1.11,2.22
INV00098,2024-06-16 13:00:00,K0307,Riyadh,Pasta,Grocery,3,1.75,5.25
INV00098,2024-06-16 13:00:00,K0307,Riyadh,Rice,Grocery,2,2.26,4.52
INV00099,2024-03-07 17:00:00,K0007,Amman,Bread,Bakery,2,1.3,2.6
INV00099,2024-03-07 17:00:00,K0007,Amman,Butter,Dairy,1,2.55,2.55
INV00099,2024-03-07 17:00:00,K0007,Amman,Dates,Produce,1,5.19,5.19
INV00099,2024-03-07 17:00:00,K0007,Amman,Milk,Dairy,1,1.13,1.13
INV00099,2024-03-07 17:00:00,K0007,Amman,Rice,Grocery,1,2.54,2.54
INV00100,2024-10-30 21:00:00,K0083,Cairo,Bread,Bakery,2,1.29,2.58
INV00100,2024-10-30 21:00:00,K0083,Cairo,Butter,Dairy,2,2.61,5.22
INV00100,2024-10-30 21:00:00,K0083,Cairo,Cheese,Dairy,3,4.09,12.27
INV00100,2024-10-30 21:00:00,K0083,Cairo,Milk,Dairy,3,1.16,3.48
INV00100,2024-10-30 21:00:00,K0083,Cairo,Yogurt,Dairy,1,1.86,1.86
INV00101,2024-04-19 18:00:00,K0251,Casablanca,Apples,Produce,2,2.63,5.26
INV00101,2024-04-19 18:00:00,K0251,Casablanca,Diapers,Baby,3,11.85,35.55
INV00101,2024-04-19 18:00:00,K0251,Casablanca,Milk,Dairy,3,1.0,3.0
INV00101,2024-04-19 18:00:00,K0251,Casablanca,Pasta,Grocery,2,1.85,3.7
INV00101,2024-04-19 18:00:00,K0251,Casablanca,Rice,Grocery,3,2.2,6.6
INV00102,2024-01-24 11:00:00,K0372,Amman,Apples,Produce,2,2.53,5.06
INV00103,2024-08-07 20:00:00,K0052,Casablanca,Apples,Produce,2,2.88,5.76
INV00103,2024-08-07 20:00:00,K0052,Casablanca,Bread,Bakery,1,1.23,1.23
INV00103,2024-08-07 20:00:00,K0052,Casablanca,Butter,Dairy,1,2.5,2.5
INV00103,2024-08-07 20:00:00,K0052,Casablanca,Olive Oil,Grocery,3,7.75,23.25
INV00103,2024-08-07 20:00:00,K0052,Casablanca,Rice,Grocery,1,2.61,2.61
INV00103,2024-08-07 20:00:00,K0052,Casablanca,Water,Beverages,3,0.77,2.31
INV00104,2024-07-22 13:00:00,K0354,Riyadh,Dates,Produce,2,4.5,9.0
INV00105,2024-06-09 21:00:00,K0364,Cairo,Bread,Bakery,2,1.09,2.18
INV00105,2024-06-09 21:00:00,K0364,Cairo,Butter,Dairy,3,2.34,7.02
INV00105,2024-06-09 21:00:00,K0364,Cairo,Dates,Produce,1,4.77,4.77
INV00105,2024-06-09 21:00:00,K0364,Cairo,Milk,Dairy,2,1.13,2.26
INV00106,2024-07-21 16:00:00,K0228,Cairo,Coffee,Beverages,1,5.87,5.87
INV00106,2024-07-21 16:00:00,K0228,Cairo,Rice,Grocery,3,2.27,6.81
INV00106,2024-07-21 16:00:00,K0228,Cairo,Sugar,Grocery,3,1.64,4.92
INV00107,2024-01-05 19:00:00,K0210,Casablanca,Rice,Grocery,3,2.18,6.54
INV00107,2024-01-05 19:00:00,K0210,Casablanca,Water,Beverages,2,0.75,1.5
INV00108,2024-08-03 12:00:00,K0399,Casablanca,Apples,Produce,2,2.52,5.04
INV00108,2024-08-03 12:00:00,K0399,Casablanca,Butter,Dairy,2,2.48,4.96
INV00108,2024-08-03 12:00:00,K0399,Casablanca,Chicken,Meat,3,7.79,23.37
INV00108,2024-08-03 12:00:00,K0399,Casablanca,Rice,Grocery,1,2.47,2.47
INV00108,2024-08-03 12:00:00,K0399,Casablanca,Sugar,Grocery,3,1.6,4.8
INV00109,2024-09-29 18:00:00,K0357,Amman,Bread,Bakery,2,1.13,2.26
INV00109,2024-09-29 18:00:00,K0357,Amman,Butter,Dairy,2,2.45,4.9
INV00109,2024-09-29 18:00:00,K0357,Amman,Chicken,Meat,1,8.99,8.99
INV00109,2024-09-29 18:00:00,K0357,Amman,Olive Oil,Grocery,2,8.08,16.16
INV00109,2024-09-29 18:00:00,K0357,Amman,Rice,Grocery,3,2.28,6.84
INV00109,2024-09-29 18:00:00,K0357,Amman,Yogurt,Dairy,3,1.99,5.97
INV00110,2024-08-23 10:00:00,K0210,Casablanca,Chicken,Meat,2,8.15,16.3
INV00110,2024-08-23 10:00:00,K0210,Casablanca,Coffee,Beverages,1,6.03,6.03
INV00110,2024-08-23 10:00:00,K0210,Casablanca,Sugar,Grocery,2,1.49,2.98
INV00110,2024-08-23 10:00:00,K0210,Casablanca,Tomato Sauce,Grocery,2,2.03,4.06
INV00111,2024-03-03 17:00:00,K0181,Amman,Tea,Beverages,3,3.32,9.96
INV00112,2024-05-10 11:00:00,K0260,Riyadh,Rice,Grocery,2,2.26,4.52
INV00113,2024-05-16 13:00:00,K0082,Riyadh,Bread,Bakery,1,1.2,1.2
INV00113,2024-05-16 13:00:00,K0082,Riyadh,Butter,Dairy,1,2.46,2.46
INV00113,2024-05-16 13:00:00,K0082,Riyadh,Cheese,Dairy,3,4.06,12.18
INV00113,2024-05-16 13:00:00,K0082,Riyadh,Chicken,Meat,1,7.79,7.79
INV00113,2024-05-16 13:00:00,K0082,Riyadh,Coffee,Beverages,2,6.32,12.64
INV00113,2024-05-16 13:00:00,K0082,Riyadh,Rice,Grocery,2,2.2,4.4
INV00114,2024-10-26 17:00:00,K0084,Riyadh,Bread,Bakery,2,1.23,2.46
INV00114,2024-10-26 17:00:00,K0084,Riyadh,Butter,Dairy,2,2.42,4.84
INV00114,2024-10-26 17:00:00,K0084,Riyadh,Rice,Grocery,2,2.46,4.92
INV00115,2024-09-13 11:00:00,K0366,Cairo,Baby Wipes,Baby,3,4.79,14.37
INV00115,2024-09-13 11:00:00,K0366,Cairo,Cheese,Dairy,1,4.08,4.08
INV00115,2024-09-13 11:00:00,K0366,Cairo,Dates,Produce,3,5.24,15.72
INV00115,2024-09-13 11:00:00,K0366,Cairo,Diapers,Baby,3,12.06,36.18
INV00115,2024-09-13 11:00:00,K0366,Cairo,Tea,Beverages,2,3.26,6.52
INV00116,2024-03-01 08:00:00,K0273,Casablanca,Bread,Bakery,1,1.23,1.23
INV00116,2024-03-01 08:00:00,K0273,Casablanca,Butter,Dairy,2,2.69,5.38
INV00116,2024-03-01 08:00:00,K0273,Casablanca,Cheese,Dairy,1,4.19,4.19
INV00116,2024-03-01 08:00:00,K0273,Casablanca,Pasta,Grocery,1,1.92,1.92
INV00116,2024-03-01 08:00:00,K0273,Casablanca,Tea,Beverages,3,3.24,9.72
INV00116,2024-03-01 08:00:00,K0273,Casablanca,Tomato Sauce,Grocery,3,2.07,6.21
INV00117,2024-02-19 08:00:00,K0160,Riyadh,Apples,Produce,1,2.99,2.99
INV00117,2024-02-19 08:00:00,K0160,Riyadh,Diapers,Baby,2,12.94,25.88
INV00117,2024-02-19 08:00:00,K0160,Riyadh,Milk,Dairy,2,1.0,2.0
INV00118,2024-02-06 08:00:00,K0190,Amman,Bread,Bakery,1,1.24,1.24
INV00118,2024-02-06 08:00:00,K0190,Amman,Butter,Dairy,1,2.27,2.27
INV00118,2024-02-06 08:00:00,K0190,Amman,Olive Oil,Grocery,3,8.06,24.18
INV00118,2024-02-06 08:00:00,K0190,Amman,Pasta,Grocery,2,1.63,3.26
INV00118,2024-02-06 08:00:00,K0190,Amman,Tea,Beverages,3,3.76,11.28
INV00118,2024-02-06 08:00:00,K0190,Amman,Tomato Sauce,Grocery,1,2.01,2.01
INV00119,2024-10-09 14:00:00,K0109,Cairo,Baby Wipes,Baby,1,4.57,4.57
INV00119,2024-10-09 14:00:00,K0109,Cairo,Cheese,Dairy,2,4.22,8.44
INV00119,2024-10-09 14:00:00,K0109,Cairo,Chicken,Meat,1,7.98,7.98
INV00119,2024-10-09 14:00:00,K0109,Cairo,Dates,Produce,2,4.52,9.04
INV00119,2024-10-09 14:00:00,K0109,Cairo,Diapers,Baby,1,13.17,13.17
INV00119,2024-10-09 14:00:00,K0109,Cairo,Tomato Sauce,Grocery,2,2.07,4.14
INV00120,2024-06-25 12:00:00,K0255,Cairo,Apples,Produce,1,2.66,2.66
INV00120,2024-06-25 12:00:00,K0255,Cairo,Bread,Bakery,3,1.14,3.42
INV00120,2024-06-25 12:00:00,K0255,Cairo,Butter,Dairy,3,2.33,6.99
INV00120,2024-06-25 12:00:00,K0255,Cairo,Chicken,Meat,3,8.45,25.35
INV00120,2024-06-25 12:00:00,K0255,Cairo,Sugar,Grocery,1,1.41,1.41
INV00121,2024-04-26 15:00:00,K0042,Riyadh,Bread,Bakery,3,1.23,3.69
INV00121,2024-04-26 15:00:00,K0042,Riyadh,Butter,Dairy,3,2.73,8.19
INV00121,2024-04-26 15:00:00,K0042,Riyadh,Cheese,Dairy,3,4.28,12.84
INV00121,2024-04-26 15:00:00,K0042,Riyadh,Coffee,Beverages,1,5.68,5.68
INV00121,2024-04-26 15:00:00,K0042,Riyadh,Dates,Produce,3,5.39,16.17
INV00121,2024-04-26 15:00:00,K0042,Riyadh,Milk,Dairy,1,1.0,1.0
INV00122,2024-09-25 09:00:00,K0397,Cairo,Milk,Dairy,2,1.2,2.4
INV00123,2024-07-12 09:00:00,K0132,Casablanca,Coffee,Beverages,3,5.65,16.95
INV00123,2024-07-12 09:00:00,K0132,Casablanca,Sugar,Grocery,2,1.53,3.06
INV00124,2024-02-20 10:00:00,K0028,Riyadh,Yogurt,Dairy,2,2.05,4.1
INV00125,2024-06-17 08:00:00,K0141,Cairo,Apples,Produce,1,2.85,2.85
INV00125,2024-06-17 08:00:00,K0141,Cairo,Coffee,Beverages,3,5.57,16.71
INV00125,2024-06-17 08:00:00,K0141,Cairo,Pasta,Grocery,3,1.92,5.76
INV00125,2024-06-17 08:00:00,K0141,Cairo,Tea,Beverages,3,3.51,10.53
INV00126,2024-04-09 17:00:00,K0318,Casablanca,Milk,Dairy,2,1.21,2.42
INV00126,2024-04-09 17:00:00,K0318,Casablanca,Tea,Beverages,2,3.7,7.4
INV00126,2024-04-09 17:00:00,K0318,Casablanca,Yogurt,Dairy,3,1.77,5.31
INV00127,2024-12-21 09:00:00,K0289,Amman,Apples,Produce,3,2.99,8.97
INV00127,2024-12-21 09:00:00,K0289,Amman,Bread,Bakery,3,1.1,3.3
INV00127,2024-12-21 09:00:00,K0289,Amman,Cheese,Dairy,2,3.81,7.62
INV00128,2024-07-06 18:00:00,K0098,Casablanca,Rice,Grocery,2,2.23,4.46
INV00129,2024-12-01 21:00:00,K0379,Amman,Bread,Bakery,1,1.28,1.28
INV00129,2024-12-01 21:00:00,K0379,Amman,Butter,Dairy,3,2.27,6.81
INV00129,2024-12-01 21:00:00,K0379,Amman,Milk,Dairy,1,1.04,1.04
INV00129,2024-12-01 21:00:00,K0379,Amman,Olive Oil,Grocery,1,7.48,7.48
INV00129,2024-12-01 21:00:00,K0379,Amman,Pasta,Grocery,3,1.81,5.43
INV00129,2024-12-01 21:00:00,K0379,Amman,Tomato Sauce,Grocery,3,1.99,5.97
INV00130,2024-12-18 19:00:00,K0203,Cairo,Sugar,Grocery,2,1.63,3.26
INV00130,2024-12-18 19:00:00,K0203,Cairo,Yogurt,Dairy,2,1.83,3.66
INV00131,2024-02-15 10:00:00,K0105,Riyadh,Bread,Bakery,1,1.09,1.09
INV00131,2024-02-15 10:00:00,K0105,Riyadh,Butter,Dairy,2,2.51,5.02
INV00131,2024-02-15 10:00:00,K0105,Riyadh,Tea,Beverages,1,3.57,3.57
INV00132,2024-10-02 09:00:00,K0131,Riyadh,Pasta,Grocery,1,1.74,1.74
INV00132,2024-10-02 09:00:00,K0131,Riyadh,Rice,Grocery,3,2.26,6.78
INV00132,2024-10-02 09:00:00,K0131,Riyadh,Sugar,Grocery,1,1.54,1.54
INV00133,2024-07-27 20:00:00,K0048,Casablanca,Dates,Produce,3,5.26,15.78
INV00133,2024-07-27 20:00:00,K0048,Casablanca,Pasta,Grocery,1,1.98,1.98
INV00133,2024-07-27 20:00:00,K0048,Casablanca,Tomato Sauce,Grocery,3,2.15,6.45
INV00133,2024-07-27 20:00:00,K0048,Casablanca,Yogurt,Dairy,2,1.89,3.78
INV00134,2024-07-14 09:00:00,K0101,Casablanca,Apples,Produce,2,2.64,5.28
INV00134,2024-07-14 09:00:00,K0101,Casablanca,Cheese,Dairy,2,4.29,8.58
INV00135,2024-12-23 09:00:00,K0177,Cairo,Cheese,Dairy,1,3.69,3.69
INV00135,2024-12-23 09:00:00,K0177,Cairo,Milk,Dairy,2,1.0,2.0
INV00135,2024-12-23 09:00:00,K0177,Cairo,Olive Oil,Grocery,2,8.11,16.22
INV00135,2024-12-23 09:00:00,K0177,Cairo,Sugar,Grocery,2,1.64,3.28
INV00135,2024-12-23 09:00:00,K0177,Cairo,Tomato Sauce,Grocery,1,2.26,2.26
INV00136,2024-10-12 15:00:00,K0342,Cairo,Apples,Produce,3,3.05,9.15
INV00136,2024-10-12 15:00:00,K0342,Cairo,Cheese,Dairy,2,3.91,7.82
INV00136,2024-10-12 15:00:00,K0342,Cairo,Yogurt,Dairy,2,2.03,4.06
INV00137,2024-12-25 11:00:00,K0179,Cairo,Rice,Grocery,1,2.39,2.39
INV00138,2024-11-07 20:00:00,K0323,Riyadh,Apples,Produce,1,2.57,2.57
INV00138,2024-11-07 20:00:00,K0323,Riyadh,Bread,Bakery,1,1.26,1.26
INV00138,2024-11-07 20:00:00,K0323,Riyadh,Butter,Dairy,3,2.46,7.38
INV00138,2024-11-07 20:00:00,K0323,Riyadh,Pasta,Grocery,1,1.94,1.94
INV00138,2024-11-07 20:00:00,K0323,Riyadh,Rice,Grocery,3,2.36,7.08
INV00138,2024-11-07 20:00:00,K0323,Riyadh,Tea,Beverages,2,3.62,7.24
INV00139,2024-07-16 16:00:00,K0165,Amman,Cheese,Dairy,1,4.03,4.03
INV00140,2024-11-21 18:00:00,K0387,Amman,Coffee,Beverages,2,6.05,12.1
INV00140,2024-11-21 18:00:00,K0387,Amman,Pasta,Grocery,1,1.79,1.79
INV00140,2024-11-21 18:00:00,K0387,Amman,Sugar,Grocery,2,1.59,3.18
INV00140,2024-11-21 18:00:00,K0387,Amman,Tomato Sauce,Grocery,2,2.11,4.22
INV00140,2024-11-21 18:00:00,K0387,Amman,Water,Beverages,2,0.8,1.6
INV00141,2024-10-08 17:00:00,K0374,Cairo,Apples,Produce,3,2.82,8.46
INV00141,2024-10-08 17:00:00,K0374,Cairo,Bread,Bakery,3,1.26,3.78
INV00141,2024-10-08 17:00:00,K0374,Cairo,Chicken,Meat,1,8.74,8.74
INV00141,2024-10-08 17:00:00,K0374,Cairo,Pasta,Grocery,2,1.84,3.68
INV00141,2024-10-08 17:00:00,K0374,Cairo,Rice,Grocery,2,2.31,4.62
INV00142,2024-03-11 10:00:00,K0060,Cairo,Sugar,Grocery,2,1.46,2.92
INV00143,2024-04-06 09:00:00,K0254,Casablanca,Bread,Bakery,1,1.22,1.22
INV00143,2024-04-06 09:00:00,K0254,Casablanca,Butter,Dairy,1,2.42,2.42
INV00143,2024-04-06 09:00:00,K0254,Casablanca,Cheese,Dairy,1,3.98,3.98
INV00143,2024-04-06 09:00:00,K0254,Casablanca,Chicken,Meat,1,9.26,9.26
INV00143,2024-04-06 09:00:00,K0254,Casablanca,Dates,Produce,3,5.37,16.11
INV00143,2024-04-06 09:00:00,K0254,Casablanca,Rice,Grocery,2,2.16,4.32
INV00143,2024-04-06 09:00:00,K0254,Casablanca,Yogurt,Dairy,1,2.04,2.04
INV00144,2024-06-02 19:00:00,K0064,Cairo,Water,Beverages,1,0.79,0.79
INV00145,2024-05-30 18:00:00,K0123,Riyadh,Cheese,Dairy,3,4.39,13.17
INV00145,2024-05-30 18:00:00,K0123,Riyadh,Olive Oil,Grocery,2,6.86,13.72
INV00145,2024-05-30 18:00:00,K0123,Riyadh,Water,Beverages,1,0.75,0.75
INV00146,2024-09-21 11:00:00,K0002,Cairo,Bread,Bakery,3,1.09,3.27
INV00146,2024-09-21 11:00:00,K0002,Cairo,Olive Oil,Grocery,1,7.21,7.21
INV00146,2024-09-21 11:00:00,K0002,Cairo,Water,Beverages,3,0.86,2.58
INV00147,2024-08-01 08:00:00,K0093,Riyadh,Coffee,Beverages,1,5.76,5.76
INV00147,2024-08-01 08:00:00,K0093,Riyadh,Sugar,Grocery,2,1.55,3.1
INV00148,2024-12-07 14:00:00,K0086,Riyadh,Apples,Produce,1,2.78,2.78
INV00148,2024-12-07 14:00:00,K0086,Riyadh,Dates,Produce,3,4.85,14.55
INV00149,2024-03-02 12:00:00,K0284,Cairo,Apples,Produce,3,2.53,7.59
INV00149,2024-03-02 12:00:00,K0284,Cairo,Bread,Bakery,1,1.25,1.25
INV00149,2024-03-02 12:00:00,K0284,Cairo,Butter,Dairy,1,2.28,2.28
INV00149,2024-03-02 12:00:00,K0284,Cairo,Cheese,Dairy,1,3.74,3.74
INV00149,2024-03-02 12:00:00,K0284,Cairo,Milk,Dairy,3,1.14,3.42
INV00149,2024-03-02 12:00:00,K0284,Cairo,Sugar,Grocery,3,1.62,4.86
INV00150,2024-05-23 09:00:00,K0075,Cairo,Bread,Bakery,3,1.26,3.78
INV00150,2024-05-23 09:00:00,K0075,Cairo,Chicken,Meat,1,8.81,8.81
INV00150,2024-05-23 09:00:00,K0075,Cairo,Rice,Grocery,3,2.34,7.02
INV00151,2024-01-28 10:00:00,K0045,Casablanca,Chicken,Meat,3,7.98,23.94
INV00151,2024-01-28 10:00:00,K0045,Casablanca,Coffee,Beverages,2,6.32,12.64
INV00151,2024-01-28 10:00:00,K0045,Casablanca,Milk,Dairy,3,1.18,3.54
INV00151,2024-01-28 10:00:00,K0045,Casablanca,Rice,Grocery,2,2.23,4.46
INV00151,2024-01-28 10:00:00,K0045,Casablanca,Sugar,Grocery,3,1.36,4.08
INV00152,2024-11-30 19:00:00,K0382,Casablanca,Apples,Produce,3,2.9,8.7
INV00152,2024-11-30 19:00:00,K0382,Casablanca,Cheese,Dairy,3,3.87,11.61
INV00152,2024-11-30 19:00:00,K0382,Casablanca,Olive Oil,Grocery,1,7.11,7.11
INV00153,2024-07-02 12:00:00,K0235,Casablanca,Coffee,Beverages,3,6.5,19.5
INV00153,2024-07-02 12:00:00,K0235,Casablanca,Dates,Produce,1,4.63,4.63
INV00153,2024-07-02 12:00:00,K0235,Casablanca,Milk,Dairy,1,1.15,1.15
INV00153,2024-07-02 12:00:00,K0235,Casablanca,Sugar,Grocery,2,1.45,2.9
INV00153,2024-07-02 12:00:00,K0235,Casablanca,Tea,Beverages,2,3.46,6.92
INV00154,2024-09-22 20:00:00,K0132,Amman,Milk,Dairy,3,1.18,3.54
INV00154,2024-09-22 20:00:00,K0132,Amman,Pasta,Grocery,3,1.85,5.55
INV00154,2024-09-22 20:00:00,K0132,Amman,Tomato Sauce,Grocery,1,2.01,2.01
INV00154,2024-09-22 20:00:00,K0132,Amman,Yogurt,Dairy,3,1.78,5.34
INV00155,2024-10-09 11:00:00,K0014,Cairo,Apples,Produce,2,2.56,5.12
INV00155,2024-10-09 11:00:00,K0014,Cairo,Butter,Dairy,1,2.36,2.36
INV00155,2024-10-09 11:00:00,K0014,Cairo,Coffee,Beverages,2,6.04,12.08
INV00155,2024-10-09 11:00:00,K0014,Cairo,Milk,Dairy,2,1.05,2.1
INV00155,2024-10-09 11:00:00,K0014,Cairo,Sugar,Grocery,3,1.47,4.41
INV00155,2024-10-09 11:00:00,K0014,Cairo,Yogurt,Dairy,2,2.04,4.08
INV00156,2024-04-12 11:00:00,K0221,Cairo,Bread,Bakery,2,1.13,2.26
INV00156,2024-04-12 11:00:00,K0221,Cairo,Butter,Dairy,1,2.28,2.28
INV00156,2024-04-12 11:00:00,K0221,Cairo,Milk,Dairy,1,1.09,1.09
INV00156,2024-04-12 11:00:00,K0221,Cairo,Pasta,Grocery,3,1.67,5.01
INV00156,2024-04-12 11:00:00,K0221,Cairo,Tomato Sauce,Grocery,2,2.28,4.56
INV00156,2024-04-12 11:00:00,K0221,Cairo,Water,Beverages,3,0.79,2.37
INV00157,2024-05-04 14:00:00,K0054,Casablanca,Cheese,Dairy,1,4.22,4.22
INV00157,2024-05-04 14:00:00,K0054,Casablanca,Milk,Dairy,3,1.14,3.42
INV00157,2024-05-04 14:00:00,K0054,Casablanca,Olive Oil,Grocery,2,8.11,16.22
INV00158,2024-11-18 21:00:00,K0076,Casablanca,Apples,Produce,3,2.83,8.49
INV00158,2024-11-18 21:00:00,K0076,Casablanca,Butter,Dairy,1,2.49,2.49
INV00158,2024-11-18 21:00:00,K0076,Casablanca,Chicken,Meat,1,7.89,7.89
INV00158,2024-11-18 21:00:00,K0076,Casablanca,Coffee,Beverages,1,5.49,5.49
INV00158,2024-11-18 21:00:00,K0076,Casablanca,Dates,Produce,2,4.74,9.48
INV00159,2024-10-09 20:00:00,K0124,Amman,Butter,Dairy,2,2.43,4.86
INV00159,2024-10-09 20:00:00,K0124,Amman,Cheese,Dairy,3,4.32,12.96
INV00160,2024-08-16 13:00:00,K0254,Casablanca,Milk,Dairy,3,1.0,3.0
INV00161,2024-01-17 10:00:00,K0060,Riyadh,Bread,Bakery,3,1.12,3.36
INV00161,2024-01-17 10:00:00,K0060,Riyadh,Cheese,Dairy,2,3.92,7.84
INV00161,2024-01-17 10:00:00,K0060,Riyadh,Diapers,Baby,1,12.41,12.41
INV00161,2024-01-17 10:00:00,K0060,Riyadh,Tea,Beverages,1,3.22,3.22
INV00161,2024-01-17 10:00:00,K0060,Riyadh,Yogurt,Dairy,2,2.0,4.0
INV00162,2024-09-02 10:00:00,K0164,Casablanca,Bread,Bakery,3,1.11,3.33
INV00162,2024-09-02 10:00:00,K0164,Casablanca,Sugar,Grocery,1,1.53,1.53
INV00162,2024-09-02 10:00:00,K0164,Casablanca,Water,Beverages,1,0.84,0.84
INV00162,2024-09-02 10:00:00,K0164,Casablanca,Yogurt,Dairy,3,1.71,5.13
INV00163,2024-08-08 12:00:00,K0368,Cairo,Bread,Bakery,3,1.27,3.81
INV00163,2024-08-08 12:00:00,K0368,Cairo,Milk,Dairy,3,1.02,3.06
INV00163,2024-08-08 12:00:00,K0368,Cairo,Pasta,Grocery,1,1.66,1.66
INV00163,2024-08-08 12:00:00,K0368,Cairo,Rice,Grocery,2,2.36,4.72
INV00164,2024-02-15 15:00:00,K0006,Casablanca,Baby Wipes,Baby,2,4.76,9.52
INV00164,2024-02-15 15:00:00,K0006,Casablanca,Chicken,Meat,1,7.77,7.77
INV00164,2024-02-15 15:00:00,K0006,Casablanca,Rice,Grocery,2,2.58,5.16
INV00164,2024-02-15 15:00:00,K0006,Casablanca,Sugar,Grocery,2,1.47,2.94
INV00165,2024-12-04 13:00:00,K0168,Cairo,Milk,Dairy,2,1.16,2.32
INV00165,2024-12-04 13:00:00,K0168,Cairo,Sugar,Grocery,3,1.46,4.38
INV00166,2024-03-27 20:00:00,K0106,Cairo,Bread,Bakery,2,1.08,2.16
INV00166,2024-03-27 20:00:00,K0106,Cairo,Cheese,Dairy,1,4.23,4.23
INV00166,2024-03-27 20:00:00,K0106,Cairo,Pasta,Grocery,1,1.66,1.66
INV00166,2024-03-27 20:00:00,K0106,Cairo,Rice,Grocery,2,2.47,4.94
INV00166,2024-03-27 20:00:00,K0106,Cairo,Tomato Sauce,Grocery,3,1.99,5.97
INV00166,2024-03-27 20:00:00,K0106,Cairo,Yogurt,Dairy,3,1.92,5.76
INV00167,2024-07-24 20:00:00,K0082,Casablanca,Bread,Bakery,2,1.19,2.38
INV00167,2024-07-24 20:00:00,K0082,Casablanca,Butter,Dairy,1,2.43,2.43
INV00167,2024-07-24 20:00:00,K0082,Casablanca,Tomato Sauce,Grocery,3,2.1,6.3
INV00167,2024-07-24 20:00:00,K0082,Casablanca,Water,Beverages,2,0.8,1.6
INV00168,2024-04-20 12:00:00,K0186,Amman,Olive Oil,Grocery,3,6.85,20.55
INV00168,2024-04-20 12:00:00,K0186,Amman,Rice,Grocery,1,2.4,2.4
INV00168,2024-04-20 12:00:00,K0186,Amman,Sugar,Grocery,1,1.48,1.48
INV00168,2024-04-20 12:00:00,K0186,Amman,Yogurt,Dairy,2,1.92,3.84
INV00169,2024-09-07 13:00:00,K0294,Casablanca,Dates,Produce,1,5.02,5.02
INV00169,2024-09-07 13:00:00,K0294,Casablanca,Milk,Dairy,1,1.17,1.17
INV00170,2024-06-15 09:00:00,K0266,Cairo,Coffee,Beverages,1,5.85,5.85
INV00170,2024-06-15 09:00:00,K0266,Cairo,Dates,Produce,1,4.53,4.53
INV00170,2024-06-15 09:00:00,K0266,Cairo,Milk,Dairy,1,1.19,1.19
INV00170,2024-06-15 09:00:00,K0266,Cairo,Sugar,Grocery,3,1.54,4.62
INV00170,2024-06-15 09:00:00,K0266,Cairo,Water,Beverages,2,0.8,1.6
INV00171,2024-08-28 17:00:00,K0140,Cairo,Dates,Produce,1,5.42,5.42
INV00171,2024-08-28 17:00:00,K0140,Cairo,Rice,Grocery,2,2.33,4.66
INV00171,2024-08-28 17:00:00,K0140,Cairo,Tea,Beverages,2,3.77,7.54
INV00172,2024-09-21 20:00:00,K0342,Riyadh,Cheese,Dairy,1,4.05,4.05
INV00172,2024-09-21 20:00:00,K0342,Riyadh,Tomato Sauce,Grocery,1,2.09,2.09
INV00173,2024-05-02 18:00:00,K0320,Casablanca,Cheese,Dairy,1,3.97,3.97
INV00173,2024-05-02 18:00:00,K0320,Casablanca,Water,Beverages,3,0.77,2.31
INV00174,2024-12-24 08:00:00,K0073,Cairo,Apples,Produce,1,2.67,2.67
INV00174,2024-12-24 08:00:00,K0073,Cairo,Milk,Dairy,2,1.18,2.36
INV00174,2024-12-24 08:00:00,K0073,Cairo,Water,Beverages,1,0.72,0.72
INV00175,2024-06-13 15:00:00,K0329,Riyadh,Water,Beverages,1,0.73,0.73
INV00176,2024-11-22 08:00:00,K0129,Cairo,Cheese,Dairy,3,3.63,10.89
INV00176,2024-11-22 08:00:00,K0129,Cairo,Milk,Dairy,2,1.0,2.0
INV00176,2024-11-22 08:00:00,K0129,Cairo,Olive Oil,Grocery,2,7.63,15.26
INV00177,2024-06-18 11:00:00,K0043,Riyadh,Apples,Produce,2,2.73,5.46
INV00177,2024-06-18 11:00:00,K0043,Riyadh,Chicken,Meat,3,8.04,24.12
INV00177,2024-06-18 11:00:00,K0043,Riyadh,Rice,Grocery,2,2.39,4.78
INV00177,2024-06-18 11:00:00,K0043,Riyadh,Water,Beverages,3,0.83,2.49
INV00178,2024-07-10 20:00:00,K0121,Amman,Cheese,Dairy,1,4.36,4.36
INV00178,2024-07-10 20:00:00,K0121,Amman,Olive Oil,Grocery,1,7.46,7.46
INV00178,2024-07-10 20:00:00,K0121,Amman,Pasta,Grocery,2,1.69,3.38
INV00178,2024-07-10 20:00:00,K0121,Amman,Tomato Sauce,Grocery,1,2.09,2.09
INV00179,2024-10-30 14:00:00,K0069,Riyadh,Butter,Dairy,3,2.57,7.71
INV00179,2024-10-30 14:00:00,K0069,Riyadh,Dates,Produce,2,4.71,9.42
INV00179,2024-10-30 14:00:00,K0069,Riyadh,Tea,Beverages,1,3.51,3.51
INV00179,2024-10-30 14:00:00,K0069,Riyadh,Water,Beverages,2,0.81,1.62
INV00180,2024-10-15 10:00:00,K0281,Casablanca,Apples,Produce,1,2.82,2.82
INV00181,2024-12-13 09:00:00,K0164,Casablanca,Butter,Dairy,2,2.39,4.78
INV00181,2024-12-13 09:00:00,K0164,Casablanca,Milk,Dairy,1,1.2,1.2
INV00181,2024-12-13 09:00:00,K0164,Casablanca,Pasta,Grocery,3,1.78,5.34
INV00181,2024-12-13 09:00:00,K0164,Casablanca,Tomato Sauce,Grocery,3,1.99,5.97
INV00182,2024-06-10 11:00:00,K0240,Cairo,Bread,Bakery,1,1.08,1.08
INV00182,2024-06-10 11:00:00,K0240,Cairo,Butter,Dairy,1,2.41,2.41
INV00182,2024-06-10 11:00:00,K0240,Cairo,Chicken,Meat,3,7.66,22.98
INV00182,2024-06-10 11:00:00,K0240,Cairo,Rice,Grocery,1,2.22,2.22
INV00182,2024-06-10 11:00:00,K0240,Cairo,Yogurt,Dairy,2,1.99,3.98
INV00183,2024-02-24 08:00:00,K0368,Casablanca,Apples,Produce,3,2.66,7.98
INV00183,2024-02-24 08:00:00,K0368,Casablanca,Bread,Bakery,1,1.13,1.13
INV00183,2024-02-24 08:00:00,K0368,Casablanca,Butter,Dairy,3,2.62,7.86
INV00183,2024-02-24 08:00:00,K0368,Casablanca,Milk,Dairy,3,1.0,3.0
INV00183,2024-02-24 08:00:00,K0368,Casablanca,Olive Oil,Grocery,3,7.93,23.79
INV00183,2024-02-24 08:00:00,K0368,Casablanca,Water,Beverages,1,0.78,0.78
INV00184,2024-01-31 21:00:00,K0080,Cairo,Cheese,Dairy,1,4.33,4.33
INV00184,2024-01-31 21:00:00,K0080,Cairo,Coffee,Beverages,2,6.51,13.02
INV00184,2024-01-31 21:00:00,K0080,Cairo,Milk,Dairy,1,1.07,1.07
INV00184,2024-01-31 21:00:00,K0080,Cairo,Sugar,Grocery,1,1.53,1.53
INV00184,2024-01-31 21:00:00,K0080,Cairo,Water,Beverages,1,0.8,0.8
INV00185,2024-11-11 16:00:00,K0287,Cairo,Apples,Produce,3,2.93,8.79
INV00185,2024-11-11 16:00:00,K0287,Cairo,Baby Wipes,Baby,1,4.58,4.58
INV00185,2024-11-11 16:00:00,K0287,Cairo,Diapers,Baby,3,11.49,34.47
INV00185,2024-11-11 16:00:00,K0287,Cairo,Olive Oil,Grocery,3,7.92,23.76
INV00186,2024-09-25 15:00:00,K0298,Casablanca,Sugar,Grocery,2,1.58,3.16
INV00186,2024-09-25 15:00:00,K0298,Casablanca,Yogurt,Dairy,1,1.88,1.88
INV00187,2024-08-07 18:00:00,K0206,Riyadh,Dates,Produce,1,5.07,5.07
INV00187,2024-08-07 18:00:00,K0206,Riyadh,Water,Beverages,2,0.87,1.74
INV00188,2024-08-24 14:00:00,K0264,Riyadh,Pasta,Grocery,2,1.85,3.7
INV00188,2024-08-24 14:00:00,K0264,Riyadh,Tomato Sauce,Grocery,3,2.32,6.96
INV00189,2024-10-31 16:00:00,K0291,Casablanca,Apples,Produce,3,2.61,7.83
INV00189,2024-10-31 16:00:00,K0291,Casablanca,Bread,Bakery,2,1.11,2.22
INV00189,2024-10-31 16:00:00,K0291,Casablanca,Chicken,Meat,2,8.45,16.9
INV00189,2024-10-31 16:00:00,K0291,Casablanca,Tomato Sauce,Grocery,2,2.29,4.58
INV00189,2024-10-31 16:00:00,K0291,Casablanca,Yogurt,Dairy,1,2.0,2.0
INV00190,2024-10-10 09:00:00,K0055,Casablanca,Bread,Bakery,1,1.29,1.29
INV00190,2024-10-10 09:00:00,K0055,Casablanca,Milk,Dairy,1,1.08,1.08
INV00191,2024-05-09 10:00:00,K0055,Amman,Chicken,Meat,2,8.5,17.0
INV00191,2024-05-09 10:00:00,K0055,Amman,Milk,Dairy,1,1.17,1.17
INV00192,2024-11-11 15:00:00,K0369,Casablanca,Bread,Bakery,2,1.21,2.42
INV00192,2024-11-11 15:00:00,K0369,Casablanca,Butter,Dairy,3,2.58,7.74
INV00192,2024-11-11 15:00:00,K0369,Casablanca,Coffee,Beverages,3,5.92,17.76
INV00192,2024-11-11 15:00:00,K0369,Casablanca,Milk,Dairy,2,1.16,2.32
INV00192,2024-11-11 15:00:00,K0369,Casablanca,Pasta,Grocery,1,1.9,1.9
INV00193,2024-04-19 12:00:00,K0130,Cairo,Coffee,Beverages,1,5.42,5.42
INV00193,2024-04-19 12:00:00,K0130,Cairo,Rice,Grocery,1,2.28,2.28
INV00193,2024-04-19 12:00:00,K0130,Cairo,Yogurt,Dairy,1,1.78,1.78
INV00194,2024-03-13 16:00:00,K0013,Riyadh,Yogurt,Dairy,3,1.84,5.52
INV00195,2024-07-03 12:00:00,K0342,Casablanca,Yogurt,Dairy,2,2.09,4.18
INV00196,2024-04-16 10:00:00,K0061,Cairo,Baby Wipes,Baby,3,4.14,12.42
INV00196,2024-04-16 10:00:00,K0061,Cairo,Bread,Bakery,2,1.28,2.56
INV00196,2024-04-16 10:00:00,K0061,Cairo,Butter,Dairy,2,2.25,4.5
INV00196,2024-04-16 10:00:00,K0061,Cairo,Dates,Produce,3,5.25,15.75
INV00196,2024-04-16 10:00:00,K0061,Cairo,Diapers,Baby,2,12.25,24.5
INV00196,2024-04-16 10:00:00,K0061,Cairo,Tea,Beverages,2,3.63,7.26
INV00197,2024-10-05 08:00:00,K0058,Riyadh,Milk,Dairy,3,1.03,3.09
INV00197,2024-10-05 08:00:00,K0058,Riyadh,Olive Oil,Grocery,2,7.21,14.42
INV00197,2024-10-05 08:00:00,K0058,Riyadh,Water,Beverages,2,0.76,1.52
INV00198,2024-09-09 21:00:00,K0367,Amman,Bread,Bakery,2,1.17,2.34
INV00198,2024-09-09 21:00:00,K0367,Amman,Butter,Dairy,2,2.51,5.02
INV00198,2024-09-09 21:00:00,K0367,Amman,Dates,Produce,2,5.41,10.82
INV00198,2024-09-09 21:00:00,K0367,Amman,Milk,Dairy,2,1.06,2.12
INV00198,2024-09-09 21:00:00,K0367,Amman,Rice,Grocery,3,2.42,7.26
INV00199,2024-09-27 21:00:00,K0139,Casablanca,Dates,Produce,3,4.78,14.34
INV00199,2024-09-27 21:00:00,K0139,Casablanca,Tea,Beverages,1,3.72,3.72
INV00199,2024-09-27 21:00:00,K0139,Casablanca,Water,Beverages,3,0.86,2.58
INV00200,2024-07-16 20:00:00,K0317,Casablanca,Butter,Dairy,1,2.64,2.64
INV00200,2024-07-16 20:00:00,K0317,Casablanca,Coffee,Beverages,1,6.05,6.05
INV00200,2024-07-16 20:00:00,K0317,Casablanca,Sugar,Grocery,3,1.37,4.11
INV00200,2024-07-16 20:00:00,K0317,Casablanca,Tea,Beverages,2,3.46,6.92
INV00201,2024-11-14 13:00:00,K0284,Amman,Bread,Bakery,1,1.27,1.27
INV00202,2024-10-22 12:00:00,K0271,Casablanca,Apples,Produce,3,2.98,8.94
INV00202,2024-10-22 12:00:00,K0271,Casablanca,Butter,Dairy,3,2.64,7.92
INV00202,2024-10-22 12:00:00,K0271,Casablanca,Diapers,Baby,2,13.01,26.02
INV00202,2024-10-22 12:00:00,K0271,Casablanca,Tea,Beverages,2,3.74,7.48
INV00203,2024-06-15 16:00:00,K0062,Riyadh,Coffee,Beverages,3,5.57,16.71
INV00203,2024-06-15 16:00:00,K0062,Riyadh,Yogurt,Dairy,2,1.85,3.7
INV00204,2024-07-30 17:00:00,K0239,Amman,Bread,Bakery,1,1.2,1.2
INV00205,2024-09-03 09:00:00,K0374,Casablanca,Apples,Produce,3,2.6,7.8
INV00205,2024-09-03 09:00:00,K0374,Casablanca,Diapers,Baby,2,12.27,24.54
INV00205,2024-09-03 09:00:00,K0374,Casablanca,Pasta,Grocery,1,1.85,1.85
INV00205,2024-09-03 09:00:00,K0374,Casablanca,Sugar,Grocery,2,1.53,3.06
INV00205,2024-09-03 09:00:00,K0374,Casablanca,Tomato Sauce,Grocery,1,2.31,2.31
INV00206,2024-01-18 19:00:00,K0311,Casablanca,Apples,Produce,1,2.62,2.62
INV00206,2024-01-18 19:00:00,K0311,Casablanca,Olive Oil,Grocery,3,6.98,20.94
INV00206,2024-01-18 19:00:00,K0311,Casablanca,Pasta,Grocery,3,1.93,5.79
INV00206,2024-01-18 19:00:00,K0311,Casablanca,Rice,Grocery,3,2.23,6.69
INV00207,2024-02-29 15:00:00,K0271,Casablanca,Cheese,Dairy,2,3.85,7.7
INV00207,2024-02-29 15:00:00,K0271,Casablanca,Coffee,Beverages,3,5.77,17.31
INV00207,2024-02-29 15:00:00,K0271,Casablanca,Milk,Dairy,3,1.07,3.21
INV00207,2024-02-29 15:00:00,K0271,Casablanca,Pasta,Grocery,1,1.8,1.8
INV00207,2024-02-29 15:00:00,K0271,Casablanca,Tomato Sauce,Grocery,1,2.25,2.25
INV00208,2024-01-22 11:00:00,K0351,Casablanca,Apples,Produce,3,3.0,9.0
INV00208,2024-01-22 11:00:00,K0351,Casablanca,Milk,Dairy,2,1.14,2.28
INV00208,2024-01-22 11:00:00,K0351,Casablanca,Rice,Grocery,2,2.58,5.16
INV00208,2024-01-22 11:00:00,K0351,Casablanca,Water,Beverages,3,0.8,2.4
INV00209,2024-02-15 11:00:00,K0208,Cairo,Cheese,Dairy,3,4.28,12.84
INV00209,2024-02-15 11:00:00,K0208,Cairo,Rice,Grocery,3,2.63,7.89
INV00210,2024-03-05 14:00:00,K0350,Amman,Milk,Dairy,1,1.17,1.17
INV00211,2024-05-16 15:00:00,K0250,Riyadh,Pasta,Grocery,1,1.9,1.9
INV00211,2024-05-16 15:00:00,K0250,Riyadh,Rice,Grocery,1,2.18,2.18
INV00211,2024-05-16 15:00:00,K0250,Riyadh,Sugar,Grocery,1,1.64,1.64
INV00212,2024-01-09 17:00:00,K0255,Cairo,Chicken,Meat,2,9.18,18.36
INV00212,2024-01-09 17:00:00,K0255,Cairo,Rice,Grocery,2,2.48,4.96
INV00213,2024-08-26 21:00:00,K0113,Cairo,Milk,Dairy,3,1.04,3.12
INV00213,2024-08-26 21:00:00,K0113,Cairo,Pasta,Grocery,2,1.7,3.4
INV00213,2024-08-26 21:00:00,K0113,Cairo,Tea,Beverages,1,3.44,3.44
INV00214,2024-11-09 16:00:00,K0098,Cairo,Bread,Bakery,2,1.15,2.3
INV00214,2024-11-09 16:00:00,K0098,Cairo,Butter,Dairy,3,2.57,7.71
INV00214,2024-11-09 16:00:00,K0098,Cairo,Pasta,Grocery,1,1.83,1.83
INV00214,2024-11-09 16:00:00,K0098,Cairo,Rice,Grocery,2,2.54,5.08
INV00214,2024-11-09 16:00:00,K0098,Cairo,Tomato Sauce,Grocery,3,2.11,6.33
INV00215,2024-04-23 15:00:00,K0270,Casablanca,Bread,Bakery,3,1.27,3.81
INV00215,2024-04-23 15:00:00,K0270,Casablanca,Butter,Dairy,3,2.37,7.11
INV00215,2024-04-23 15:00:00,K0270,Casablanca,Water,Beverages,1,0.72,0.72
INV00216,2024-08-17 21:00:00,K0245,Amman,Cheese,Dairy,2,3.81,7.62
INV00216,2024-08-17 21:00:00,K0245,Amman,Water,Beverages,1,0.83,0.83
INV00217,2024-12-25 20:00:00,K0245,Casablanca,Apples,Produce,1,3.02,3.02
INV00217,2024-12-25 20:00:00,K0245,Casablanca,Baby Wipes,Baby,3,4.57,13.71
INV00217,2024-12-25 20:00:00,K0245,Casablanca,Butter,Dairy,3,2.55,7.65
INV00217,2024-12-25 20:00:00,K0245,Casablanca,Diapers,Baby,2,11.3,22.6
INV00218,2024-05-02 18:00:00,K0329,Cairo,Bread,Bakery,2,1.26,2.52
INV00218,2024-05-02 18:00:00,K0329,Cairo,Butter,Dairy,2,2.62,5.24
INV00218,2024-05-02 18:00:00,K0329,Cairo,Cheese,Dairy,2,4.37,8.74
INV00218,2024-05-02 18:00:00,K0329,Cairo,Pasta,Grocery,2,1.84,3.68
INV00218,2024-05-02 18:00:00,K0329,Cairo,Rice,Grocery,1,2.62,2.62
INV00218,2024-05-02 18:00:00,K0329,Cairo,Tomato Sauce,Grocery,1,2.11,2.11
INV00218,2024-05-02 18:00:00,K0329,Cairo,Water,Beverages,2,0.73,1.46
INV00219,2024-06-09 21:00:00,K0306,Cairo,Rice,Grocery,3,2.35,7.05
INV00220,2024-06-17 13:00:00,K0054,Casablanca,Chicken,Meat,3,8.12,24.36
INV00220,2024-06-17 13:00:00,K0054,Casablanca,Olive Oil,Grocery,3,6.78,20.34
INV00220,2024-06-17 13:00:00,K0054,Casablanca,Pasta,Grocery,1,1.69,1.69
INV00220,2024-06-17 13:00:00,K0054,Casablanca,Rice,Grocery,2,2.22,4.44
INV00220,2024-06-17 13:00:00,K0054,Casablanca,Sugar,Grocery,2,1.44,2.88
INV00221,2024-07-28 11:00:00,K0052,Amman,Rice,Grocery,2,2.57,5.14
INV00222,2024-05-07 20:00:00,K0283,Casablanca,Chicken,Meat,2,7.72,15.44
INV00222,2024-05-07 20:00:00,K0283,Casablanca,Olive Oil,Grocery,3,7.9,23.7
INV00222,2024-05-07 20:00:00,K0283,Casablanca,Tea,Beverages,1,3.27,3.27
INV00223,2024-07-29 21:00:00,K0304,Casablanca,Chicken,Meat,3,8.11,24.33
INV00224,2024-04-02 12:00:00,K0018,Cairo,Pasta,Grocery,1,1.79,1.79
INV00225,2024-06-26 18:00:00,K0089,Amman,Bread,Bakery,1,1.21,1.21
INV00225,2024-06-26 18:00:00,K0089,Amman,Butter,Dairy,3,2.36,7.08
INV00225,2024-06-26 18:00:00,K0089,Amman,Milk,Dairy,2,1.03,2.06
INV00225,2024-06-26 18:00:00,K0089,Amman,Rice,Grocery,1,2.52,2.52
INV00225,2024-06-26 18:00:00,K0089,Amman,Sugar,Grocery,3,1.6,4.8
INV00226,2024-02-14 08:00:00,K0325,Amman,Butter,Dairy,1,2.52,2.52
INV00226,2024-02-14 08:00:00,K0325,Amman,Chicken,Meat,1,8.76,8.76
INV00226,2024-02-14 08:00:00,K0325,Amman,Rice,Grocery,3,2.41,7.23
INV00226,2024-02-14 08:00:00,K0325,Amman,Tomato Sauce,Grocery,3,2.25,6.75
INV00227,2024-12-29 17:00:00,K0068,Amman,Bread,Bakery,1,1.15,1.15
INV00227,2024-12-29 17:00:00,K0068,Amman,Cheese,Dairy,3,3.84,11.52
INV00227,2024-12-29 17:00:00,K0068,Amman,Chicken,Meat,2,8.96,17.92
INV00227,2024-12-29 17:00:00,K0068,Amman,Tea,Beverages,3,3.51,10.53
INV00228,2024-08-04 16:00:00,K0025,Cairo,Butter,Dairy,1,2.43,2.43
INV00228,2024-08-04 16:00:00,K0025,Cairo,Dates,Produce,1,5.0,5.0
INV00228,2024-08-04 16:00:00,K0025,Cairo,Milk,Dairy,1,1.02,1.02
INV00228,2024-08-04 16:00:00,K0025,Cairo,Rice,Grocery,1,2.58,2.58
INV00228,2024-08-04 16:00:00,K0025,Cairo,Tea,Beverages,1,3.25,3.25
INV00228,2024-08-04 16:00:00,K0025,Cairo,Water,Beverages,3,0.87,2.61
INV00229,2024-01-08 08:00:00,K0186,Casablanca,Dates,Produce,2,4.91,9.82
INV00229,2024-01-08 08:00:00,K0186,Casablanca,Sugar,Grocery,2,1.62,3.24
INV00229,2024-01-08 08:00:00,K0186,Casablanca,Yogurt,Dairy,2,1.76,3.52
INV00230,2024-04-05 19:00:00,K0067,Amman,Bread,Bakery,3,1.31,3.93
INV00230,2024-04-05 19:00:00,K0067,Amman,Chicken,Meat,1,9.05,9.05
INV00230,2024-04-05 19:00:00,K0067,Amman,Dates,Produce,3,4.83,14.49
INV00230,2024-04-05 19:00:00,K0067,Amman,Tea,Beverages,2,3.2,6.4
INV00230,2024-04-05 19:00:00,K0067,Amman,Tomato Sauce,Grocery,3,2.12,6.36
INV00230,2024-04-05 19:00:00,K0067,Amman,Yogurt,Dairy,1,1.83,1.83
INV00231,2024-05-18 11:00:00,K0081,Casablanca,Bread,Bakery,2,1.12,2.24
INV00231,2024-05-18 11:00:00,K0081,Casablanca,Butter,Dairy,3,2.55,7.65
INV00231,2024-05-18 11:00:00,K0081,Casablanca,Pasta,Grocery,1,1.69,1.69
INV00231,2024-05-18 11:00:00,K0081,Casablanca,Rice,Grocery,3,2.64,7.92
INV00231,2024-05-18 11:00:00,K0081,Casablanca,Water,Beverages,2,0.81,1.62
INV00231,2024-05-18 11:00:00,K0081,Casablanca,Yogurt,Dairy,3,1.77,5.31
INV00232,2024-03-25 20:00:00,K0041,Riyadh,Cheese,Dairy,2,3.97,7.94
INV00232,2024-03-25 20:00:00,K0041,Riyadh,Coffee,Beverages,3,5.47,16.41
INV00232,2024-03-25 20:00:00,K0041,Riyadh,Rice,Grocery,1,2.53,2.53
INV00232,2024-03-25 20:00:00,K0041,Riyadh,Sugar,Grocery,3,1.5,4.5
INV00232,2024-03-25 20:00:00,K0041,Riyadh,Water,Beverages,1,0.83,0.83
INV00232,2024-03-25 20:00:00,K0041,Riyadh,Yogurt,Dairy,2,1.87,3.74
INV00233,2024-04-11 13:00:00,K0286,Cairo,Coffee,Beverages,3,6.16,18.48
INV00233,2024-04-11 13:00:00,K0286,Cairo,Milk,Dairy,2,1.01,2.02
INV00233,2024-04-11 13:00:00,K0286,Cairo,Pasta,Grocery,2,1.89,3.78
INV00233,2024-04-11 13:00:00,K0286,Cairo,Sugar,Grocery,2,1.52,3.04
INV00233,2024-04-11 13:00:00,K0286,Cairo,Tomato Sauce,Grocery,2,2.37,4.74
INV00233,2024-04-11 13:00:00,K0286,Cairo,Yogurt,Dairy,3,1.86,5.58
INV00234,2024-01-12 21:00:00,K0369,Cairo,Bread,Bakery,2,1.22,2.44
INV00234,2024-01-12 21:00:00,K0369,Cairo,Pasta,Grocery,2,1.85,3.7
INV00234,2024-01-12 21:00:00,K0369,Cairo,Tomato Sauce,Grocery,3,2.36,7.08
INV00234,2024-01-12 21:00:00,K0369,Cairo,Water,Beverages,2,0.72,1.44
INV00235,2024-10-15 21:00:00,K0378,Amman,Chicken,Meat,1,8.67,8.67
INV00235,2024-10-15 21:00:00,K0378,Amman,Olive Oil,Grocery,2,7.24,14.48
INV00235,2024-10-15 21:00:00,K0378,Amman,Pasta,Grocery,1,1.76,1.76
INV00235,2024-10-15 21:00:00,K0378,Amman,Rice,Grocery,1,2.26,2.26
INV00235,2024-10-15 21:00:00,K0378,Amman,Tea,Beverages,2,3.49,6.98
INV00235,2024-10-15 21:00:00,K0378,Amman,Tomato Sauce,Grocery,1,2.27,2.27
INV00236,2024-06-10 18:00:00,K0250,Amman,Bread,Bakery,2,1.2,2.4
INV00236,2024-06-10 18:00:00,K0250,Amman,Butter,Dairy,1,2.67,2.67
INV00236,2024-06-10 18:00:00,K0250,Amman,Tomato Sauce,Grocery,1,2.21,2.21
INV00237,2024-01-10 20:00:00,K0001,Riyadh,Milk,Dairy,3,1.19,3.57
INV00237,2024-01-10 20:00:00,K0001,Riyadh,Pasta,Grocery,3,1.88,5.64
INV00237,2024-01-10 20:00:00,K0001,Riyadh,Tomato Sauce,Grocery,1,2.35,2.35
INV00237,2024-01-10 20:00:00,K0001,Riyadh,Water,Beverages,3,0.88,2.64
INV00238,2024-12-14 18:00:00,K0165,Cairo,Apples,Produce,2,2.56,5.12
INV00238,2024-12-14 18:00:00,K0165,Cairo,Bread,Bakery,1,1.1,1.1
INV00238,2024-12-14 18:00:00,K0165,Cairo,Butter,Dairy,1,2.46,2.46
INV00238,2024-12-14 18:00:00,K0165,Cairo,Tomato Sauce,Grocery,2,2.07,4.14
INV00238,2024-12-14 18:00:00,K0165,Cairo,Water,Beverages,3,0.78,2.34
INV00239,2024-09-20 17:00:00,K0084,Casablanca,Rice,Grocery,1,2.2,2.2
INV00240,2024-06-12 11:00:00,K0369,Amman,Dates,Produce,1,4.69,4.69
INV00240,2024-06-12 11:00:00,K0369,Amman,Sugar,Grocery,1,1.4,1.4
INV00241,2024-05-21 14:00:00,K0330,Casablanca,Rice,Grocery,3,2.28,6.84
INV00241,2024-05-21 14:00:00,K0330,Casablanca,Water,Beverages,3,0.73,2.19
INV00242,2024-02-04 20:00:00,K0073,Riyadh,Apples,Produce,1,2.71,2.71
INV00242,2024-02-04 20:00:00,K0073,Riyadh,Cheese,Dairy,2,4.01,8.02
INV00242,2024-02-04 20:00:00,K0073,Riyadh,Milk,Dairy,1,1.08,1.08
INV00242,2024-02-04 20:00:00,K0073,Riyadh,Olive Oil,Grocery,2,7.9,15.8
INV00243,2024-02-19 14:00:00,K0127,Cairo,Apples,Produce,2,2.58,5.16
INV00243,2024-02-19 14:00:00,K0127,Cairo,Bread,Bakery,2,1.25,2.5
INV00243,2024-02-19 14:00:00,K0127,Cairo,Butter,Dairy,2,2.68,5.36
INV00243,2024-02-19 14:00:00,K0127,Cairo,Milk,Dairy,3,1.06,3.18
INV00243,2024-02-19 14:00:00,K0127,Cairo,Olive Oil,Grocery,1,7.88,7.88
INV00244,2024-06-02 13:00:00,K0245,Casablanca,Olive Oil,Grocery,3,7.57,22.71
INV00245,2024-09-30 10:00:00,K0265,Riyadh,Baby Wipes,Baby,2,4.1,8.2
INV00245,2024-09-30 10:00:00,K0265,Riyadh,Bread,Bakery,1,1.27,1.27
INV00245,2024-09-30 10:00:00,K0265,Riyadh,Butter,Dairy,2,2.4,4.8
INV00245,2024-09-30 10:00:00,K0265,Riyadh,Diapers,Baby,3,11.93,35.79
INV00245,2024-09-30 10:00:00,K0265,Riyadh,Milk,Dairy,2,1.09,2.18
INV00245,2024-09-30 10:00:00,K0265,Riyadh,Rice,Grocery,3,2.18,6.54
INV00245,2024-09-30 10:00:00,K0265,Riyadh,Water,Beverages,3,0.86,2.58
INV00246,2024-05-16 14:00:00,K0003,Cairo,Apples,Produce,1,2.82,2.82
INV00246,2024-05-16 14:00:00,K0003,Cairo,Milk,Dairy,2,1.0,2.0
INV00246,2024-05-16 14:00:00,K0003,Cairo,Rice,Grocery,3,2.52,7.56
INV00247,2024-06-27 11:00:00,K0185,Casablanca,Chicken,Meat,2,8.69,17.38
INV00247,2024-06-27 11:00:00,K0185,Casablanca,Milk,Dairy,3,1.1,3.3
INV00247,2024-06-27 11:00:00,K0185,Casablanca,Rice,Grocery,2,2.31,4.62
INV00248,2024-01-02 17:00:00,K0238,Casablanca,Baby Wipes,Baby,1,4.86,4.86
INV00248,2024-01-02 17:00:00,K0238,Casablanca,Bread,Bakery,1,1.12,1.12
INV00248,2024-01-02 17:00:00,K0238,Casablanca,Butter,Dairy,2,2.44,4.88
INV00248,2024-01-02 17:00:00,K0238,Casablanca,Diapers,Baby,3,12.33,36.99
INV00248,2024-01-02 17:00:00,K0238,Casablanca,Rice,Grocery,3,2.34,7.02
INV00248,2024-01-02 17:00:00,K0238,Casablanca,Tomato Sauce,Grocery,2,2.18,4.36
INV00249,2024-12-16 14:00:00,K0128,Riyadh,Milk,Dairy,2,1.08,2.16
INV00249,2024-12-16 14:00:00,K0128,Riyadh,Tea,Beverages,2,3.76,7.52
INV00250,2024-12-13 21:00:00,K0066,Cairo,Coffee,Beverages,2,5.42,10.84
INV00250,2024-12-13 21:00:00,K0066,Cairo,Sugar,Grocery,2,1.4,2.8
INV00251,2024-06-26 16:00:00,K0009,Riyadh,Dates,Produce,3,4.86,14.58
INV00251,2024-06-26 16:00:00,K0009,Riyadh,Water,Beverages,3,0.8,2.4
INV00252,2024-09-23 11:00:00,K0269,Riyadh,Chicken,Meat,2,7.89,15.78
INV00252,2024-09-23 11:00:00,K0269,Riyadh,Dates,Produce,2,4.93,9.86
INV00252,2024-09-23 11:00:00,K0269,Riyadh,Milk,Dairy,1,1.01,1.01
INV00252,2024-09-23 11:00:00,K0269,Riyadh,Olive Oil,Grocery,1,6.85,6.85
INV00252,2024-09-23 11:00:00,K0269,Riyadh,Rice,Grocery,2,2.56,5.12
INV00252,2024-09-23 11:00:00,K0269,Riyadh,Tea,Beverages,1,3.73,3.73
INV00253,2024-01-22 20:00:00,K0225,Casablanca,Apples,Produce,2,2.96,5.92
INV00253,2024-01-22 20:00:00,K0225,Casablanca,Bread,Bakery,3,1.18,3.54
INV00253,2024-01-22 20:00:00,K0225,Casablanca,Butter,Dairy,2,2.57,5.14
INV00253,2024-01-22 20:00:00,K0225,Casablanca,Milk,Dairy,2,1.15,2.3
INV00253,2024-01-22 20:00:00,K0225,Casablanca,Tomato Sauce,Grocery,3,2.17,6.51
INV00254,2024-02-18 14:00:00,K0380,Cairo,Apples,Produce,3,2.97,8.91
INV00254,2024-02-18 14:00:00,K0380,Cairo,Diapers,Baby,1,11.94,11.94
INV00254,2024-02-18 14:00:00,K0380,Cairo,Milk,Dairy,2,1.14,2.28
INV00254,2024-02-18 14:00:00,K0380,Cairo,Olive Oil,Grocery,2,6.95,13.9
INV00254,2024-02-18 14:00:00,K0380,Cairo,Yogurt,Dairy,3,1.79,5.37
INV00255,2024-06-11 18:00:00,K0048,Amman,Bread,Bakery,3,1.27,3.81
INV00255,2024-06-11 18:00:00,K0048,Amman,Butter,Dairy,2,2.27,4.54
INV00255,2024-06-11 18:00:00,K0048,Amman,Dates,Produce,3,4.77,14.31
INV00255,2024-06-11 18:00:00,K0048,Amman,Pasta,Grocery,1,1.9,1.9
INV00255,2024-06-11 18:00:00,K0048,Amman,Rice,Grocery,3,2.23,6.69
INV00255,2024-06-11 18:00:00,K0048,Amman,Tea,Beverages,1,3.41,3.41
INV00256,2024-10-14 11:00:00,K0059,Casablanca,Tea,Beverages,2,3.25,6.5
INV00256,2024-10-14 11:00:00,K0059,Casablanca,Yogurt,Dairy,1,1.88,1.88
INV00257,2024-12-21 10:00:00,K0191,Cairo,Coffee,Beverages,3,5.89,17.67
INV00257,2024-12-21 10:00:00,K0191,Cairo,Dates,Produce,3,4.98,14.94
INV00257,2024-12-21 10:00:00,K0191,Cairo,Sugar,Grocery,2,1.57,3.14
INV00258,2024-11-25 10:00:00,K0363,Cairo,Olive Oil,Grocery,3,7.13,21.39
INV00258,2024-11-25 10:00:00,K0363,Cairo,Sugar,Grocery,2,1.48,2.96
INV00258,2024-11-25 10:00:00,K0363,Cairo,Tea,Beverages,1,3.34,3.34
INV00259,2024-09-22 20:00:00,K0236,Cairo,Apples,Produce,3,2.87,8.61
INV00259,2024-09-22 20:00:00,K0236,Cairo,Cheese,Dairy,1,3.92,3.92
INV00259,2024-09-22 20:00:00,K0236,Cairo,Coffee,Beverages,3,6.46,19.38
INV00259,2024-09-22 20:00:00,K0236,Cairo,Tomato Sauce,Grocery,1,2.3,2.3
INV00259,2024-09-22 20:00:00,K0236,Cairo,Water,Beverages,1,0.81,0.81
INV00260,2024-07-22 17:00:00,K0355,Casablanca,Bread,Bakery,3,1.12,3.36
INV00260,2024-07-22 17:00:00,K0355,Casablanca,Butter,Dairy,3,2.7,8.1
INV00260,2024-07-22 17:00:00,K0355,Casablanca,Rice,Grocery,2,2.6,5.2
INV00260,2024-07-22 17:00:00,K0355,Casablanca,Water,Beverages,1,0.82,0.82
INV00261,2024-08-28 08:00:00,K0062,Amman,Butter,Dairy,2,2.73,5.46
INV00262,2024-04-18 16:00:00,K0378,Cairo,Coffee,Beverages,3,6.35,19.05
INV00262,2024-04-18 16:00:00,K0378,Cairo,Sugar,Grocery,3,1.46,4.38
INV00262,2024-04-18 16:00:00,K0378,Cairo,Water,Beverages,1,0.77,0.77
INV00263,2024-08-15 15:00:00,K0020,Riyadh,Bread,Bakery,3,1.22,3.66
INV00263,2024-08-15 15:00:00,K0020,Riyadh,Butter,Dairy,3,2.29,6.87
INV00263,2024-08-15 15:00:00,K0020,Riyadh,Coffee,Beverages,3,6.33,18.99
INV00263,2024-08-15 15:00:00,K0020,Riyadh,Milk,Dairy,1,1.04,1.04
INV00263,2024-08-15 15:00:00,K0020,Riyadh,Pasta,Grocery,3,1.71,5.13
INV00263,2024-08-15 15:00:00,K0020,Riyadh,Sugar,Grocery,2,1.46,2.92
INV00263,2024-08-15 15:00:00,K0020,Riyadh,Tomato Sauce,Grocery,1,2.4,2.4
INV00263,2024-08-15 15:00:00,K0020,Riyadh,Water,Beverages,1,0.73,0.73
INV00264,2024-06-14 20:00:00,K0389,Riyadh,Cheese,Dairy,1,3.74,3.74
INV00265,2024-01-20 14:00:00,K0368,Casablanca,Apples,Produce,2,2.7,5.4
INV00265,2024-01-20 14:00:00,K0368,Casablanca,Pasta,Grocery,1,1.83,1.83
INV00265,2024-01-20 14:00:00,K0368,Casablanca,Rice,Grocery,3,2.4,7.2
INV00265,2024-01-20 14:00:00,K0368,Casablanca,Tomato Sauce,Grocery,3,2.0,6.0
INV00265,2024-01-20 14:00:00,K0368,Casablanca,Water,Beverages,2,0.81,1.62
INV00266,2024-05-13 08:00:00,K0298,Cairo,Apples,Produce,1,2.69,2.69
INV00266,2024-05-13 08:00:00,K0298,Cairo,Cheese,Dairy,1,3.93,3.93
INV00266,2024-05-13 08:00:00,K0298,Cairo,Rice,Grocery,2,2.41,4.82
INV00267,2024-03-19 17:00:00,K0151,Amman,Bread,Bakery,1,1.26,1.26
INV00267,2024-03-19 17:00:00,K0151,Amman,Butter,Dairy,1,2.49,2.49
INV00267,2024-03-19 17:00:00,K0151,Amman,Pasta,Grocery,3,1.94,5.82
INV00268,2024-07-30 16:00:00,K0390,Amman,Milk,Dairy,2,1.01,2.02
INV00268,2024-07-30 16:00:00,K0390,Amman,Tea,Beverages,1,3.3,3.3
INV00268,2024-07-30 16:00:00,K0390,Amman,Tomato Sauce,Grocery,1,2.42,2.42
INV00269,2024-09-15 15:00:00,K0021,Riyadh,Chicken,Meat,1,8.0,8.0
INV00270,2024-06-23 09:00:00,K0365,Cairo,Coffee,Beverages,2,6.45,12.9
INV00270,2024-06-23 09:00:00,K0365,Cairo,Olive Oil,Grocery,2,8.16,16.32
INV00270,2024-06-23 09:00:00,K0365,Cairo,Rice,Grocery,3,2.25,6.75
INV00270,2024-06-23 09:00:00,K0365,Cairo,Tomato Sauce,Grocery,2,2.15,4.3
INV00270,2024-06-23 09:00:00,K0365,Cairo,Yogurt,Dairy,3,2.03,6.09
INV00271,2024-02-10 19:00:00,K0053,Casablanca,Coffee,Beverages,1,6.19,6.19
INV00271,2024-02-10 19:00:00,K0053,Casablanca,Sugar,Grocery,1,1.43,1.43
INV00271,2024-02-10 19:00:00,K0053,Casablanca,Water,Beverages,2,0.87,1.74
INV00272,2024-07-06 08:00:00,K0066,Casablanca,Baby Wipes,Baby,2,4.78,9.56
INV00272,2024-07-06 08:00:00,K0066,Casablanca,Cheese,Dairy,1,3.72,3.72
INV00272,2024-07-06 08:00:00,K0066,Casablanca,Water,Beverages,3,0.83,2.49
INV00273,2024-04-10 19:00:00,K0220,Riyadh,Apples,Produce,2,2.71,5.42
INV00274,2024-02-18 09:00:00,K0258,Amman,Bread,Bakery,1,1.28,1.28
INV00274,2024-02-18 09:00:00,K0258,Amman,Chicken,Meat,1,8.87,8.87
INV00274,2024-02-18 09:00:00,K0258,Amman,Coffee,Beverages,2,6.56,13.12
INV00274,2024-02-18 09:00:00,K0258,Amman,Pasta,Grocery,3,1.87,5.61
INV00274,2024-02-18 09:00:00,K0258,Amman,Rice,Grocery,3,2.55,7.65
INV00274,2024-02-18 09:00:00,K0258,Amman,Tomato Sauce,Grocery,3,2.34,7.02
INV00275,2024-09-22 21:00:00,K0244,Casablanca,Apples,Produce,2,2.75,5.5
INV00275,2024-09-22 21:00:00,K0244,Casablanca,Coffee,Beverages,2,5.7,11.4
INV00275,2024-09-22 21:00:00,K0244,Casablanca,Milk,Dairy,2,1.1,2.2
INV00275,2024-09-22 21:00:00,K0244,Casablanca,Sugar,Grocery,1,1.44,1.44
INV00275,2024-09-22 21:00:00,K0244,Casablanca,Tea,Beverages,2,3.2,6.4
INV00276,2024-10-06 21:00:00,K0226,Riyadh,Bread,Bakery,3,1.17,3.51
INV00276,2024-10-06 21:00:00,K0226,Riyadh,Water,Beverages,3,0.84,2.52
INV00277,2024-11-08 12:00:00,K0341,Casablanca,Baby Wipes,Baby,2,4.19,8.38
INV00277,2024-11-08 12:00:00,K0341,Casablanca,Bread,Bakery,3,1.26,3.78
INV00277,2024-11-08 12:00:00,K0341,Casablanca,Chicken,Meat,2,8.54,17.08
INV00277,2024-11-08 12:00:00,K0341,Casablanca,Diapers,Baby,3,11.69,35.07
INV00277,2024-11-08 12:00:00,K0341,Casablanca,Sugar,Grocery,1,1.65,1.65
INV00277,2024-11-08 12:00:00,K0341,Casablanca,Tomato Sauce,Grocery,3,2.26,6.78
INV00278,2024-03-29 09:00:00,K0179,Riyadh,Water,Beverages,3,0.78,2.34
INV00279,2024-10-23 16:00:00,K0025,Casablanca,Milk,Dairy,1,1.02,1.02
INV00279,2024-10-23 16:00:00,K0025,Casablanca,Olive Oil,Grocery,1,6.99,6.99
INV00279,2024-10-23 16:00:00,K0025,Casablanca,Yogurt,Dairy,2,1.85,3.7
INV00280,2024-12-30 15:00:00,K0305,Amman,Bread,Bakery,3,1.29,3.87
INV00280,2024-12-30 15:00:00,K0305,Amman,Butter,Dairy,3,2.57,7.71
INV00280,2024-12-30 15:00:00,K0305,Amman,Dates,Produce,3,5.12,15.36
INV00280,2024-12-30 15:00:00,K0305,Amman,Tea,Beverages,1,3.5,3.5
INV00281,2024-01-08 13:00:00,K0272,Casablanca,Milk,Dairy,2,1.17,2.34
INV00281,2024-01-08 13:00:00,K0272,Casablanca,Water,Beverages,1,0.72,0.72
INV00282,2024-01-14 17:00:00,K0145,Casablanca,Milk,Dairy,1,1.01,1.01
INV00282,2024-01-14 17:00:00,K0145,Casablanca,Water,Beverages,3,0.84,2.52
INV00283,2024-07-23 14:00:00,K0156,Cairo,Cheese,Dairy,1,4.05,4.05
INV00283,2024-07-23 14:00:00,K0156,Cairo,Chicken,Meat,3,7.88,23.64
INV00283,2024-07-23 14:00:00,K0156,Cairo,Water,Beverages,3,0.85,2.55
INV00284,2024-05-17 10:00:00,K0326,Riyadh,Milk,Dairy,1,1.1,1.1
INV00284,2024-05-17 10:00:00,K0326,Riyadh,Olive Oil,Grocery,2,7.13,14.26
INV00284,2024-05-17 10:00:00,K0326,Riyadh,Sugar,Grocery,2,1.61,3.22
INV00285,2024-03-20 11:00:00,K0288,Cairo,Milk,Dairy,1,1.19,1.19
INV00285,2024-03-20 11:00:00,K0288,Cairo,Tea,Beverages,2,3.2,6.4
INV00285,2024-03-20 11:00:00,K0288,Cairo,Water,Beverages,1,0.85,0.85
INV00285,2024-03-20 11:00:00,K0288,Cairo,Yogurt,Dairy,1,2.06,2.06
INV00286,2024-09-27 19:00:00,K0093,Amman,Tomato Sauce,Grocery,3,2.31,6.93
INV00286,2024-09-27 19:00:00,K0093,Amman,Yogurt,Dairy,1,1.81,1.81
INV00287,2024-12-01 15:00:00,K0325,Casablanca,Bread,Bakery,1,1.31,1.31
INV00287,2024-12-01 15:00:00,K0325,Casablanca,Coffee,Beverages,2,5.83,11.66
INV00287,2024-12-01 15:00:00,K0325,Casablanca,Rice,Grocery,2,2.39,4.78
INV00287,2024-12-01 15:00:00,K0325,Casablanca,Sugar,Grocery,1,1.48,1.48
INV00288,2024-08-06 16:00:00,K0263,Amman,Chicken,Meat,1,8.62,8.62
INV00288,2024-08-06 16:00:00,K0263,Amman,Rice,Grocery,3,2.41,7.23
INV00288,2024-08-06 16:00:00,K0263,Amman,Sugar,Grocery,2,1.41,2.82
INV00288,2024-08-06 16:00:00,K0263,Amman,Tea,Beverages,3,3.7,11.1
INV00288,2024-08-06 16:00:00,K0263,Amman,Tomato Sauce,Grocery,2,2.16,4.32
INV00289,2024-02-01 13:00:00,K0100,Amman,Milk,Dairy,1,1.21,1.21
INV00289,2024-02-01 13:00:00,K0100,Amman,Pasta,Grocery,1,1.73,1.73
INV00289,2024-02-01 13:00:00,K0100,Amman,Tomato Sauce,Grocery,2,2.13,4.26
INV00290,2024-07-02 20:00:00,K0234,Cairo,Cheese,Dairy,1,4.09,4.09
INV00291,2024-12-18 17:00:00,K0368,Casablanca,Apples,Produce,2,2.58,5.16
INV00291,2024-12-18 17:00:00,K0368,Casablanca,Olive Oil,Grocery,2,8.08,16.16
INV00291,2024-12-18 17:00:00,K0368,Casablanca,Tea,Beverages,1,3.42,3.42
INV00292,2024-12-12 18:00:00,K0218,Cairo,Baby Wipes,Baby,2,4.89,9.78
INV00292,2024-12-12 18:00:00,K0218,Cairo,Yogurt,Dairy,3,1.97,5.91
INV00293,2024-10-02 17:00:00,K0299,Amman,Yogurt,Dairy,3,1.79,5.37
INV00294,2024-07-28 18:00:00,K0168,Casablanca,Apples,Produce,2,2.94,5.88
INV00294,2024-07-28 18:00:00,K0168,Casablanca,Butter,Dairy,3,2.37,7.11
INV00294,2024-07-28 18:00:00,K0168,Casablanca,Pasta,Grocery,2,1.71,3.42
INV00294,2024-07-28 18:00:00,K0168,Casablanca,Yogurt,Dairy,2,1.74,3.48
INV00295,2024-04-05 12:00:00,K0035,Riyadh,Butter,Dairy,2,2.36,4.72
INV00295,2024-04-05 12:00:00,K0035,Riyadh,Olive Oil,Grocery,3,7.47,22.41
INV00296,2024-08-11 18:00:00,K0191,Amman,Baby Wipes,Baby,1,4.36,4.36
INV00296,2024-08-11 18:00:00,K0191,Amman,Bread,Bakery,2,1.23,2.46
INV00296,2024-08-11 18:00:00,K0191,Amman,Butter,Dairy,2,2.39,4.78
INV00296,2024-08-11 18:00:00,K0191,Amman,Milk,Dairy,3,1.06,3.18
INV00296,2024-08-11 18:00:00,K0191,Amman,Yogurt,Dairy,2,1.85,3.7
INV00297,2024-04-03 11:00:00,K0108,Casablanca,Cheese,Dairy,2,4.3,8.6
INV00297,2024-04-03 11:00:00,K0108,Casablanca,Water,Beverages,2,0.86,1.72
INV00298,2024-05-02 13:00:00,K0127,Amman,Chicken,Meat,1,8.84,8.84
INV00298,2024-05-02 13:00:00,K0127,Amman,Coffee,Beverages,3,5.62,16.86
INV00298,2024-05-02 13:00:00,K0127,Amman,Dates,Produce,3,5.5,16.5
INV00298,2024-05-02 13:00:00,K0127,Amman,Milk,Dairy,1,1.12,1.12
INV00298,2024-05-02 13:00:00,K0127,Amman,Rice,Grocery,2,2.44,4.88
INV00299,2024-12-26 15:00:00,K0073,Cairo,Cheese,Dairy,3,4.28,12.84
INV00299,2024-12-26 15:00:00,K0073,Cairo,Coffee,Beverages,1,5.76,5.76
INV00299,2024-12-26 15:00:00,K0073,Cairo,Dates,Produce,3,4.7,14.1
INV00299,2024-12-26 15:00:00,K0073,Cairo,Tea,Beverages,3,3.49,10.47
INV00300,2024-10-31 15:00:00,K0193,Cairo,Apples,Produce,1,2.99,2.99
INV00300,2024-10-31 15:00:00,K0193,Cairo,Olive Oil,Grocery,3,7.58,22.74
INV00301,2024-06-12 20:00:00,K0272,Cairo,Apples,Produce,2,2.96,5.92
INV00301,2024-06-12 20:00:00,K0272,Cairo,Chicken,Meat,1,8.68,8.68
INV00301,2024-06-12 20:00:00,K0272,Cairo,Pasta,Grocery,2,1.91,3.82
INV00302,2024-07-10 09:00:00,K0062,Cairo,Apples,Produce,2,2.86,5.72
INV00302,2024-07-10 09:00:00,K0062,Cairo,Bread,Bakery,3,1.2,3.6
INV00302,2024-07-10 09:00:00,K0062,Cairo,Butter,Dairy,1,2.43,2.43
INV00303,2024-11-11 13:00:00,K0126,Riyadh,Sugar,Grocery,3,1.52,4.56
INV00304,2024-12-19 09:00:00,K0365,Cairo,Apples,Produce,3,2.73,8.19
INV00304,2024-12-19 09:00:00,K0365,Cairo,Bread,Bakery,1,1.17,1.17
INV00304,2024-12-19 09:00:00,K0365,Cairo,Butter,Dairy,1,2.51,2.51
INV00304,2024-12-19 09:00:00,K0365,Cairo,Dates,Produce,3,5.32,15.96
INV00304,2024-12-19 09:00:00,K0365,Cairo,Tea,Beverages,3,3.49,10.47
INV00304,2024-12-19 09:00:00,K0365,Cairo,Yogurt,Dairy,3,1.85,5.55
INV00305,2024-10-29 21:00:00,K0382,Casablanca,Bread,Bakery,1,1.21,1.21
INV00305,2024-10-29 21:00:00,K0382,Casablanca,Butter,Dairy,3,2.69,8.07
INV00305,2024-10-29 21:00:00,K0382,Casablanca,Coffee,Beverages,2,6.53,13.06
INV00305,2024-10-29 21:00:00,K0382,Casablanca,Rice,Grocery,3,2.24,6.72
INV00305,2024-10-29 21:00:00,K0382,Casablanca,Sugar,Grocery,3,1.61,4.83
INV00306,2024-02-03 10:00:00,K0158,Riyadh,Bread,Bakery,3,1.2,3.6
INV00306,2024-02-03 10:00:00,K0158,Riyadh,Coffee,Beverages,1,5.94,5.94
INV00306,2024-02-03 10:00:00,K0158,Riyadh,Milk,Dairy,2,1.12,2.24
INV00306,2024-02-03 10:00:00,K0158,Riyadh,Water,Beverages,1,0.86,0.86
INV00307,2024-02-24 08:00:00,K0002,Amman,Coffee,Beverages,3,5.86,17.58
INV00307,2024-02-24 08:00:00,K0002,Amman,Sugar,Grocery,2,1.49,2.98
INV00307,2024-02-24 08:00:00,K0002,Amman,Tea,Beverages,1,3.32,3.32
INV00307,2024-02-24 08:00:00,K0002,Amman,Water,Beverages,2,0.84,1.68
INV00308,2024-02-13 12:00:00,K0082,Casablanca,Butter,Dairy,2,2.39,4.78
INV00308,2024-02-13 12:00:00,K0082,Casablanca,Milk,Dairy,3,1.11,3.33
INV00308,2024-02-13 12:00:00,K0082,Casablanca,Yogurt,Dairy,1,2.06,2.06
INV00309,2024-03-14 19:00:00,K0092,Cairo,Rice,Grocery,3,2.34,7.02
INV00310,2024-09-17 10:00:00,K0138,Amman,Pasta,Grocery,2,1.69,3.38
INV00310,2024-09-17 10:00:00,K0138,Amman,Rice,Grocery,1,2.33,2.33
INV00310,2024-09-17 10:00:00,K0138,Amman,Tomato Sauce,Grocery,2,2.18,4.36
INV00311,2024-10-20 19:00:00,K0173,Casablanca,Pasta,Grocery,2,1.8,3.6
INV00311,2024-10-20 19:00:00,K0173,Casablanca,Tomato Sauce,Grocery,3,2.1,6.3
INV00312,2024-11-13 17:00:00,K0202,Casablanca,Milk,Dairy,3,1.15,3.45
INV00312,2024-11-13 17:00:00,K0202,Casablanca,Olive Oil,Grocery,2,7.45,14.9
INV00312,2024-11-13 17:00:00,K0202,Casablanca,Tomato Sauce,Grocery,1,2.17,2.17
INV00313,2024-11-14 14:00:00,K0087,Riyadh,Bread,Bakery,1,1.29,1.29
INV00313,2024-11-14 14:00:00,K0087,Riyadh,Milk,Dairy,2,1.18,2.36
INV00313,2024-11-14 14:00:00,K0087,Riyadh,Water,Beverages,1,0.88,0.88
INV00313,2024-11-14 14:00:00,K0087,Riyadh,Yogurt,Dairy,1,1.88,1.88
INV00314,2024-11-23 16:00:00,K0149,Cairo,Milk,Dairy,1,1.07,1.07
INV00314,2024-11-23 16:00:00,K0149,Cairo,Rice,Grocery,2,2.32,4.64
INV00315,2024-04-03 19:00:00,K0172,Riyadh,Chicken,Meat,1,8.02,8.02
INV00315,2024-04-03 19:00:00,K0172,Riyadh,Coffee,Beverages,3,6.38,19.14
INV00315,2024-04-03 19:00:00,K0172,Riyadh,Dates,Produce,1,5.13,5.13
INV00315,2024-04-03 19:00:00,K0172,Riyadh,Rice,Grocery,1,2.48,2.48
INV00315,2024-04-03 19:00:00,K0172,Riyadh,Sugar,Grocery,3,1.53,4.59
INV00315,2024-04-03 19:00:00,K0172,Riyadh,Tea,Beverages,2,3.27,6.54
INV00315,2024-04-03 19:00:00,K0172,Riyadh,Water,Beverages,3,0.76,2.28
INV00316,2024-08-24 15:00:00,K0011,Casablanca,Bread,Bakery,3,1.1,3.3
INV00316,2024-08-24 15:00:00,K0011,Casablanca,Butter,Dairy,3,2.46,7.38
INV00316,2024-08-24 15:00:00,K0011,Casablanca,Cheese,Dairy,1,3.78,3.78
INV00316,2024-08-24 15:00:00,K0011,Casablanca,Pasta,Grocery,3,1.65,4.95
INV00316,2024-08-24 15:00:00,K0011,Casablanca,Rice,Grocery,2,2.64,5.28
INV00317,2024-05-04 16:00:00,K0393,Casablanca,Dates,Produce,3,4.85,14.55
INV00317,2024-05-04 16:00:00,K0393,Casablanca,Tea,Beverages,2,3.4,6.8
INV00318,2024-03-02 12:00:00,K0157,Cairo,Dates,Produce,2,5.26,10.52
INV00319,2024-02-13 09:00:00,K0240,Riyadh,Apples,Produce,2,2.86,5.72
INV00319,2024-02-13 09:00:00,K0240,Riyadh,Dates,Produce,2,5.14,10.28
INV00319,2024-02-13 09:00:00,K0240,Riyadh,Pasta,Grocery,2,1.68,3.36
INV00319,2024-02-13 09:00:00,K0240,Riyadh,Yogurt,Dairy,1,1.78,1.78
INV00320,2024-12-10 19:00:00,K0070,Casablanca,Water,Beverages,1,0.75,0.75
INV00321,2024-04-21 09:00:00,K0034,Cairo,Bread,Bakery,3,1.17,3.51
INV00321,2024-04-21 09:00:00,K0034,Cairo,Tomato Sauce,Grocery,2,2.39,4.78
INV00321,2024-04-21 09:00:00,K0034,Cairo,Water,Beverages,3,0.75,2.25
INV00322,2024-10-27 17:00:00,K0260,Amman,Bread,Bakery,3,1.23,3.69
INV00322,2024-10-27 17:00:00,K0260,Amman,Butter,Dairy,2,2.29,4.58
INV00322,2024-10-27 17:00:00,K0260,Amman,Cheese,Dairy,3,4.38,13.14
INV00322,2024-10-27 17:00:00,K0260,Amman,Dates,Produce,1,5.24,5.24
INV00322,2024-10-27 17:00:00,K0260,Amman,Tea,Beverages,3,3.5,10.5
INV00322,2024-10-27 17:00:00,K0260,Amman,Water,Beverages,3,0.87,2.61
INV00323,2024-05-12 17:00:00,K0070,Casablanca,Cheese,Dairy,1,4.05,4.05
INV00323,2024-05-12 17:00:00,K0070,Casablanca,Coffee,Beverages,2,5.88,11.76
INV00323,2024-05-12 17:00:00,K0070,Casablanca,Water,Beverages,1,0.76,0.76
INV00324,2024-12-11 21:00:00,K0298,Casablanca,Apples,Produce,2,2.84,5.68
INV00324,2024-12-11 21:00:00,K0298,Casablanca,Dates,Produce,3,5.08,15.24
INV00325,2024-09-12 10:00:00,K0100,Casablanca,Milk,Dairy,1,1.01,1.01
INV00325,2024-09-12 10:00:00,K0100,Casablanca,Water,Beverages,3,0.8,2.4
INV00326,2024-09-16 10:00:00,K0258,Cairo,Butter,Dairy,2,2.74,5.48
INV00326,2024-09-16 10:00:00,K0258,Cairo,Water,Beverages,1,0.84,0.84
INV00327,2024-09-17 15:00:00,K0271,Amman,Chicken,Meat,2,8.45,16.9
INV00327,2024-09-17 15:00:00,K0271,Amman,Water,Beverages,1,0.75,0.75
INV00328,2024-12-12 12:00:00,K0081,Cairo,Bread,Bakery,1,1.3,1.3
INV00328,2024-12-12 12:00:00,K0081,Cairo,Butter,Dairy,3,2.62,7.86
INV00329,2024-12-17 16:00:00,K0104,Amman,Milk,Dairy,2,1.14,2.28
INV00329,2024-12-17 16:00:00,K0104,Amman,Olive Oil,Grocery,3,7.12,21.36
INV00329,2024-12-17 16:00:00,K0104,Amman,Tomato Sauce,Grocery,2,2.08,4.16
INV00330,2024-12-14 09:00:00,K0196,Riyadh,Chicken,Meat,2,9.19,18.38
INV00330,2024-12-14 09:00:00,K0196,Riyadh,Olive Oil,Grocery,3,6.79,20.37
INV00330,2024-12-14 09:00:00,K0196,Riyadh,Pasta,Grocery,1,1.81,1.81
INV00330,2024-12-14 09:00:00,K0196,Riyadh,Rice,Grocery,3,2.5,7.5
INV00330,2024-12-14 09:00:00,K0196,Riyadh,Tomato Sauce,Grocery,2,2.02,4.04
INV00331,2024-05-13 09:00:00,K0247,Amman,Milk,Dairy,2,1.19,2.38
INV00332,2024-07-31 18:00:00,K0020,Cairo,Bread,Bakery,2,1.2,2.4
INV00332,2024-07-31 18:00:00,K0020,Cairo,Butter,Dairy,3,2.35,7.05
INV00332,2024-07-31 18:00:00,K0020,Cairo,Cheese,Dairy,1,4.29,4.29
INV00332,2024-07-31 18:00:00,K0020,Cairo,Yogurt,Dairy,3,1.86,5.58
INV00333,2024-04-30 09:00:00,K0185,Riyadh,Bread,Bakery,1,1.24,1.24
INV00333,2024-04-30 09:00:00,K0185,Riyadh,Butter,Dairy,2,2.31,4.62
INV00333,2024-04-30 09:00:00,K0185,Riyadh,Milk,Dairy,2,1.03,2.06
INV00333,2024-04-30 09:00:00,K0185,Riyadh,Sugar,Grocery,2,1.62,3.24
INV00333,2024-04-30 09:00:00,K0185,Riyadh,Water,Beverages,2,0.86,1.72
INV00334,2024-03-13 11:00:00,K0341,Riyadh,Bread,Bakery,2,1.2,2.4
INV00335,2024-02-14 19:00:00,K0304,Cairo,Bread,Bakery,3,1.15,3.45
INV00335,2024-02-14 19:00:00,K0304,Cairo,Chicken,Meat,2,8.67,17.34
INV00335,2024-02-14 19:00:00,K0304,Cairo,Milk,Dairy,1,1.01,1.01
INV00335,2024-02-14 19:00:00,K0304,Cairo,Yogurt,Dairy,1,1.78,1.78
INV00336,2024-11-09 15:00:00,K0319,Riyadh,Butter,Dairy,1,2.4,2.4
INV00336,2024-11-09 15:00:00,K0319,Riyadh,Tea,Beverages,3,3.4,10.2
INV00336,2024-11-09 15:00:00,K0319,Riyadh,Water,Beverages,1,0.73,0.73
INV00336,2024-11-09 15:00:00,K0319,Riyadh,Yogurt,Dairy,2,2.07,4.14
INV00337,2024-05-23 14:00:00,K0130,Amman,Chicken,Meat,1,7.75,7.75
INV00337,2024-05-23 14:00:00,K0130,Amman,Rice,Grocery,1,2.29,2.29
INV00337,2024-05-23 14:00:00,K0130,Amman,Tea,Beverages,1,3.58,3.58
INV00337,2024-05-23 14:00:00,K0130,Amman,Yogurt,Dairy,2,1.84,3.68
INV00338,2024-08-07 15:00:00,K0140,Riyadh,Bread,Bakery,3,1.15,3.45
INV00338,2024-08-07 15:00:00,K0140,Riyadh,Butter,Dairy,2,2.57,5.14
INV00338,2024-08-07 15:00:00,K0140,Riyadh,Tomato Sauce,Grocery,2,2.42,4.84
INV00338,2024-08-07 15:00:00,K0140,Riyadh,Yogurt,Dairy,1,1.93,1.93
INV00339,2024-07-21 11:00:00,K0167,Cairo,Rice,Grocery,2,2.52,5.04
INV00340,2024-02-12 18:00:00,K0211,Riyadh,Bread,Bakery,1,1.24,1.24
INV00340,2024-02-12 18:00:00,K0211,Riyadh,Butter,Dairy,3,2.31,6.93
INV00340,2024-02-12 18:00:00,K0211,Riyadh,Cheese,Dairy,1,3.62,3.62
INV00340,2024-02-12 18:00:00,K0211,Riyadh,Pasta,Grocery,1,1.89,1.89
INV00340,2024-02-12 18:00:00,K0211,Riyadh,Rice,Grocery,2,2.36,4.72
INV00340,2024-02-12 18:00:00,K0211,Riyadh,Tea,Beverages,2,3.3,6.6
INV00340,2024-02-12 18:00:00,K0211,Riyadh,Tomato Sauce,Grocery,2,2.04,4.08
INV00341,2024-10-18 13:00:00,K0165,Cairo,Apples,Produce,3,3.07,9.21
INV00341,2024-10-18 13:00:00,K0165,Cairo,Bread,Bakery,2,1.2,2.4
INV00341,2024-10-18 13:00:00,K0165,Cairo,Butter,Dairy,2,2.36,4.72
INV00341,2024-10-18 13:00:00,K0165,Cairo,Dates,Produce,3,5.11,15.33
INV00341,2024-10-18 13:00:00,K0165,Cairo,Rice,Grocery,3,2.24,6.72
INV00342,2024-08-03 09:00:00,K0307,Cairo,Apples,Produce,2,2.89,5.78
INV00342,2024-08-03 09:00:00,K0307,Cairo,Chicken,Meat,3,8.54,25.62
INV00342,2024-08-03 09:00:00,K0307,Cairo,Dates,Produce,3,5.33,15.99
INV00342,2024-08-03 09:00:00,K0307,Cairo,Rice,Grocery,2,2.33,4.66
INV00342,2024-08-03 09:00:00,K0307,Cairo,Tea,Beverages,1,3.36,3.36
INV00343,2024-06-11 18:00:00,K0197,Riyadh,Chicken,Meat,3,9.31,27.93
INV00343,2024-06-11 18:00:00,K0197,Riyadh,Milk,Dairy,3,1.18,3.54
INV00343,2024-06-11 18:00:00,K0197,Riyadh,Rice,Grocery,3,2.23,6.69
INV00344,2024-08-10 14:00:00,K0033,Casablanca,Water,Beverages,2,0.81,1.62
INV00345,2024-10-04 19:00:00,K0380,Cairo,Cheese,Dairy,3,4.05,12.15
INV00345,2024-10-04 19:00:00,K0380,Cairo,Chicken,Meat,2,9.01,18.02
INV00345,2024-10-04 19:00:00,K0380,Cairo,Milk,Dairy,2,1.02,2.04
INV00345,2024-10-04 19:00:00,K0380,Cairo,Pasta,Grocery,3,1.76,5.28
INV00345,2024-10-04 19:00:00,K0380,Cairo,Sugar,Grocery,1,1.45,1.45
INV00345,2024-10-04 19:00:00,K0380,Cairo,Tomato Sauce,Grocery,1,2.07,2.07
INV00346,2024-10-05 16:00:00,K0099,Riyadh,Baby Wipes,Baby,2,4.37,8.74
INV00346,2024-10-05 16:00:00,K0099,Riyadh,Bread,Bakery,3,1.24,3.72
INV00346,2024-10-05 16:00:00,K0099,Riyadh,Butter,Dairy,2,2.45,4.9
INV00346,2024-10-05 16:00:00,K0099,Riyadh,Dates,Produce,2,5.46,10.92
INV00346,2024-10-05 16:00:00,K0099,Riyadh,Tomato Sauce,Grocery,2,2.37,4.74
INV00347,2024-06-11 18:00:00,K0117,Casablanca,Pasta,Grocery,3,1.65,4.95
INV00347,2024-06-11 18:00:00,K0117,Casablanca,Tomato Sauce,Grocery,1,2.38,2.38
INV00348,2024-12-30 16:00:00,K0360,Cairo,Coffee,Beverages,3,5.75,17.25
INV00348,2024-12-30 16:00:00,K0360,Cairo,Dates,Produce,2,4.82,9.64
INV00348,2024-12-30 16:00:00,K0360,Cairo,Sugar,Grocery,1,1.37,1.37
INV00348,2024-12-30 16:00:00,K0360,Cairo,Tea,Beverages,1,3.6,3.6
INV00348,2024-12-30 16:00:00,K0360,Cairo,Water,Beverages,3,0.76,2.28
INV00349,2024-04-15 21:00:00,K0330,Casablanca,Coffee,Beverages,3,5.93,17.79
INV00349,2024-04-15 21:00:00,K0330,Casablanca,Dates,Produce,3,5.01,15.03
INV00349,2024-04-15 21:00:00,K0330,Casablanca,Pasta,Grocery,3,1.93,5.79
INV00349,2024-04-15 21:00:00,K0330,Casablanca,Rice,Grocery,3,2.26,6.78
INV00349,2024-04-15 21:00:00,K0330,Casablanca,Sugar,Grocery,3,1.53,4.59
INV00349,2024-04-15 21:00:00,K0330,Casablanca,Tomato Sauce,Grocery,3,2.27,6.81
INV00350,2024-02-28 17:00:00,K0375,Riyadh,Rice,Grocery,3,2.56,7.68
INV00350,2024-02-28 17:00:00,K0375,Riyadh,Yogurt,Dairy,2,1.72,3.44
INV00351,2024-10-04 17:00:00,K0366,Cairo,Apples,Produce,2,2.6,5.2
INV00351,2024-10-04 17:00:00,K0366,Cairo,Cheese,Dairy,1,4.26,4.26
INV00351,2024-10-04 17:00:00,K0366,Cairo,Chicken,Meat,1,9.32,9.32
INV00351,2024-10-04 17:00:00,K0366,Cairo,Milk,Dairy,3,1.2,3.6
INV00351,2024-10-04 17:00:00,K0366,Cairo,Yogurt,Dairy,1,1.74,1.74
INV00352,2024-06-25 12:00:00,K0026,Riyadh,Chicken,Meat,1,7.82,7.82
INV00352,2024-06-25 12:00:00,K0026,Riyadh,Milk,Dairy,2,1.17,2.34
INV00353,2024-06-30 19:00:00,K0065,Riyadh,Bread,Bakery,2,1.18,2.36
INV00353,2024-06-30 19:00:00,K0065,Riyadh,Butter,Dairy,3,2.65,7.95
INV00353,2024-06-30 19:00:00,K0065,Riyadh,Water,Beverages,1,0.77,0.77
INV00354,2024-01-18 08:00:00,K0034,Cairo,Milk,Dairy,3,1.15,3.45
INV00354,2024-01-18 08:00:00,K0034,Cairo,Water,Beverages,3,0.81,2.43
INV00355,2024-01-18 15:00:00,K0292,Casablanca,Apples,Produce,2,3.01,6.02
INV00355,2024-01-18 15:00:00,K0292,Casablanca,Chicken,Meat,3,8.09,24.27
INV00355,2024-01-18 15:00:00,K0292,Casablanca,Dates,Produce,2,4.69,9.38
INV00355,2024-01-18 15:00:00,K0292,Casablanca,Tea,Beverages,3,3.22,9.66
INV00356,2024-01-26 15:00:00,K0359,Casablanca,Cheese,Dairy,1,3.82,3.82
INV00356,2024-01-26 15:00:00,K0359,Casablanca,Chicken,Meat,3,8.94,26.82
INV00356,2024-01-26 15:00:00,K0359,Casablanca,Coffee,Beverages,3,5.89,17.67
INV00356,2024-01-26 15:00:00,K0359,Casablanca,Sugar,Grocery,1,1.42,1.42
INV00356,2024-01-26 15:00:00,K0359,Casablanca,Tomato Sauce,Grocery,2,2.2,4.4
INV00357,2024-07-19 17:00:00,K0211,Riyadh,Dates,Produce,1,5.13,5.13
INV00357,2024-07-19 17:00:00,K0211,Riyadh,Milk,Dairy,1,0.99,0.99
INV00357,2024-07-19 17:00:00,K0211,Riyadh,Olive Oil,Grocery,2,8.1,16.2
INV00358,2024-08-02 20:00:00,K0101,Riyadh,Baby Wipes,Baby,1,4.35,4.35
INV00358,2024-08-02 20:00:00,K0101,Riyadh,Chicken,Meat,3,7.79,23.37
INV00358,2024-08-02 20:00:00,K0101,Riyadh,Dates,Produce,3,4.84,14.52
INV00358,2024-08-02 20:00:00,K0101,Riyadh,Diapers,Baby,2,11.66,23.32
INV00358,2024-08-02 20:00:00,K0101,Riyadh,Rice,Grocery,1,2.27,2.27
INV00358,2024-08-02 20:00:00,K0101,Riyadh,Tea,Beverages,2,3.62,7.24
INV00359,2024-08-01 20:00:00,K0310,Amman,Apples,Produce,2,2.98,5.96
INV00359,2024-08-01 20:00:00,K0310,Amman,Bread,Bakery,1,1.27,1.27
INV00359,2024-08-01 20:00:00,K0310,Amman,Butter,Dairy,2,2.7,5.4
INV00359,2024-08-01 20:00:00,K0310,Amman,Coffee,Beverages,1,5.67,5.67
INV00359,2024-08-01 20:00:00,K0310,Amman,Sugar,Grocery,1,1.43,1.43
INV00359,2024-08-01 20:00:00,K0310,Amman,Tea,Beverages,3,3.65,10.95
INV00359,2024-08-01 20:00:00,K0310,Amman,Water,Beverages,2,0.72,1.44
INV00360,2024-01-10 11:00:00,K0097,Cairo,Bread,Bakery,2,1.19,2.38
INV00360,2024-01-10 11:00:00,K0097,Cairo,Pasta,Grocery,1,1.67,1.67
INV00360,2024-01-10 11:00:00,K0097,Cairo,Tea,Beverages,1,3.17,3.17
INV00360,2024-01-10 11:00:00,K0097,Cairo,Water,Beverages,2,0.83,1.66
INV00361,2024-09-04 20:00:00,K0358,Cairo,Baby Wipes,Baby,2,4.63,9.26
INV00361,2024-09-04 20:00:00,K0358,Cairo,Bread,Bakery,2,1.18,2.36
INV00361,2024-09-04 20:00:00,K0358,Cairo,Butter,Dairy,1,2.63,2.63
INV00361,2024-09-04 20:00:00,K0358,Cairo,Diapers,Baby,1,12.69,12.69
INV00362,2024-10-28 09:00:00,K0114,Cairo,Baby Wipes,Baby,1,4.64,4.64
INV00362,2024-10-28 09:00:00,K0114,Cairo,Diapers,Baby,2,12.4,24.8
INV00362,2024-10-28 09:00:00,K0114,Cairo,Olive Oil,Grocery,2,7.71,15.42
INV00362,2024-10-28 09:00:00,K0114,Cairo,Pasta,Grocery,1,1.85,1.85
INV00362,2024-10-28 09:00:00,K0114,Cairo,Tomato Sauce,Grocery,2,1.99,3.98
INV00362,2024-10-28 09:00:00,K0114,Cairo,Water,Beverages,3,0.81,2.43
INV00363,2024-03-23 21:00:00,K0036,Casablanca,Chicken,Meat,2,8.68,17.36
INV00363,2024-03-23 21:00:00,K0036,Casablanca,Rice,Grocery,3,2.44,7.32
INV00363,2024-03-23 21:00:00,K0036,Casablanca,Water,Beverages,3,0.73,2.19
INV00364,2024-04-21 11:00:00,K0289,Cairo,Pasta,Grocery,2,1.86,3.72
INV00364,2024-04-21 11:00:00,K0289,Cairo,Tomato Sauce,Grocery,2,2.07,4.14
INV00365,2024-05-03 17:00:00,K0159,Cairo,Tomato Sauce,Grocery,1,2.2,2.2
INV00366,2024-02-03 20:00:00,K0261,Cairo,Cheese,Dairy,3,3.92,11.76
INV00366,2024-02-03 20:00:00,K0261,Cairo,Chicken,Meat,1,8.07,8.07
INV00366,2024-02-03 20:00:00,K0261,Cairo,Milk,Dairy,3,1.13,3.39
INV00366,2024-02-03 20:00:00,K0261,Cairo,Rice,Grocery,3,2.58,7.74
INV00367,2024-07-19 09:00:00,K0001,Amman,Butter,Dairy,2,2.29,4.58
INV00367,2024-07-19 09:00:00,K0001,Amman,Chicken,Meat,1,7.93,7.93
INV00367,2024-07-19 09:00:00,K0001,Amman,Milk,Dairy,2,1.2,2.4
INV00367,2024-07-19 09:00:00,K0001,Amman,Rice,Grocery,3,2.53,7.59
INV00367,2024-07-19 09:00:00,K0001,Amman,Tomato Sauce,Grocery,1,2.12,2.12
INV00368,2024-04-16 19:00:00,K0277,Casablanca,Rice,Grocery,3,2.63,7.89
INV00368,2024-04-16 19:00:00,K0277,Casablanca,Water,Beverages,3,0.84,2.52
INV00369,2024-07-19 17:00:00,K0290,Casablanca,Bread,Bakery,1,1.31,1.31
INV00369,2024-07-19 17:00:00,K0290,Casablanca,Butter,Dairy,2,2.62,5.24
INV00369,2024-07-19 17:00:00,K0290,Casablanca,Chicken,Meat,2,7.81,15.62
INV00369,2024-07-19 17:00:00,K0290,Casablanca,Coffee,Beverages,3,6.0,18.0
INV00369,2024-07-19 17:00:00,K0290,Casablanca,Dates,Produce,3,5.37,16.11
INV00369,2024-07-19 17:00:00,K0290,Casablanca,Milk,Dairy,1,1.1,1.1
INV00369,2024-07-19 17:00:00,K0290,Casablanca,Sugar,Grocery,1,1.38,1.38
INV00369,2024-07-19 17:00:00,K0290,Casablanca,Tea,Beverages,3,3.61,10.83
INV00370,2024-02-13 14:00:00,K0217,Casablanca,Coffee,Beverages,2,6.19,12.38
INV00370,2024-02-13 14:00:00,K0217,Casablanca,Rice,Grocery,1,2.21,2.21
INV00370,2024-02-13 14:00:00,K0217,Casablanca,Sugar,Grocery,2,1.47,2.94
INV00370,2024-02-13 14:00:00,K0217,Casablanca,Tea,Beverages,3,3.55,10.65
INV00370,2024-02-13 14:00:00,K0217,Casablanca,Water,Beverages,1,0.72,0.72
INV00370,2024-02-13 14:00:00,K0217,Casablanca,Yogurt,Dairy,3,1.92,5.76
INV00371,2024-05-17 13:00:00,K0030,Riyadh,Coffee,Beverages,2,5.73,11.46
INV00372,2024-03-22 11:00:00,K0393,Amman,Milk,Dairy,1,1.04,1.04
INV00372,2024-03-22 11:00:00,K0393,Amman,Pasta,Grocery,2,1.94,3.88
INV00372,2024-03-22 11:00:00,K0393,Amman,Tomato Sauce,Grocery,3,2.26,6.78
INV00372,2024-03-22 11:00:00,K0393,Amman,Yogurt,Dairy,2,1.91,3.82
INV00373,2024-02-28 17:00:00,K0168,Cairo,Bread,Bakery,1,1.25,1.25
INV00374,2024-01-16 16:00:00,K0212,Casablanca,Water,Beverages,2,0.75,1.5
INV00375,2024-11-10 19:00:00,K0135,Casablanca,Coffee,Beverages,1,5.6,5.6
INV00375,2024-11-10 19:00:00,K0135,Casablanca,Sugar,Grocery,3,1.38,4.14
INV00376,2024-04-01 18:00:00,K0266,Casablanca,Apples,Produce,1,2.82,2.82
INV00377,2024-11-20 14:00:00,K0281,Cairo,Butter,Dairy,3,2.34,7.02
INV00377,2024-11-20 14:00:00,K0281,Cairo,Rice,Grocery,2,2.61,5.22
INV00377,2024-11-20 14:00:00,K0281,Cairo,Tea,Beverages,1,3.62,3.62
INV00377,2024-11-20 14:00:00,K0281,Cairo,Tomato Sauce,Grocery,3,2.37,7.11
INV00378,2024-12-28 09:00:00,K0139,Riyadh,Bread,Bakery,2,1.14,2.28
INV00378,2024-12-28 09:00:00,K0139,Riyadh,Water,Beverages,3,0.79,2.37
INV00379,2024-08-30 08:00:00,K0049,Riyadh,Milk,Dairy,2,1.03,2.06
INV00379,2024-08-30 08:00:00,K0049,Riyadh,Rice,Grocery,3,2.35,7.05
INV00379,2024-08-30 08:00:00,K0049,Riyadh,Tomato Sauce,Grocery,2,2.09,4.18
INV00379,2024-08-30 08:00:00,K0049,Riyadh,Water,Beverages,2,0.83,1.66
INV00380,2024-04-21 08:00:00,K0186,Casablanca,Baby Wipes,Baby,2,4.15,8.3
INV00380,2024-04-21 08:00:00,K0186,Casablanca,Coffee,Beverages,1,5.88,5.88
INV00380,2024-04-21 08:00:00,K0186,Casablanca,Diapers,Baby,2,12.64,25.28
INV00380,2024-04-21 08:00:00,K0186,Casablanca,Pasta,Grocery,1,1.93,1.93
INV00380,2024-04-21 08:00:00,K0186,Casablanca,Yogurt,Dairy,1,1.95,1.95
INV00381,2024-03-28 20:00:00,K0103,Riyadh,Apples,Produce,2,2.64,5.28
INV00382,2024-02-21 12:00:00,K0171,Cairo,Yogurt,Dairy,3,1.72,5.16
INV00383,2024-08-13 19:00:00,K0139,Casablanca,Bread,Bakery,3,1.11,3.33
INV00383,2024-08-13 19:00:00,K0139,Casablanca,Cheese,Dairy,1,4.11,4.11
INV00383,2024-08-13 19:00:00,K0139,Casablanca,Milk,Dairy,1,1.07,1.07
INV00383,2024-08-13 19:00:00,K0139,Casablanca,Olive Oil,Grocery,1,7.18,7.18
INV00384,2024-12-13 10:00:00,K0033,Cairo,Bread,Bakery,1,1.13,1.13
INV00384,2024-12-13 10:00:00,K0033,Cairo,Milk,Dairy,3,1.15,3.45
INV00384,2024-12-13 10:00:00,K0033,Cairo,Rice,Grocery,2,2.63,5.26
INV00385,2024-11-22 09:00:00,K0075,Amman,Bread,Bakery,1,1.08,1.08
INV00385,2024-11-22 09:00:00,K0075,Amman,Chicken,Meat,3,9.14,27.42
INV00385,2024-11-22 09:00:00,K0075,Amman,Milk,Dairy,1,1.16,1.16
INV00385,2024-11-22 09:00:00,K0075,Amman,Yogurt,Dairy,2,1.96,3.92
INV00386,2024-11-07 11:00:00,K0138,Casablanca,Chicken,Meat,3,7.97,23.91
INV00386,2024-11-07 11:00:00,K0138,Casablanca,Milk,Dairy,2,1.17,2.34
INV00387,2024-05-03 21:00:00,K0325,Cairo,Bread,Bakery,3,1.18,3.54
INV00387,2024-05-03 21:00:00,K0325,Cairo,Butter,Dairy,1,2.73,2.73
INV00387,2024-05-03 21:00:00,K0325,Cairo,Chicken,Meat,1,7.9,7.9
INV00387,2024-05-03 21:00:00,K0325,Cairo,Coffee,Beverages,3,6.5,19.5
INV00387,2024-05-03 21:00:00,K0325,Cairo,Rice,Grocery,2,2.33,4.66
INV00388,2024-09-21 15:00:00,K0084,Casablanca,Butter,Dairy,3,2.45,7.35
INV00388,2024-09-21 15:00:00,K0084,Casablanca,Pasta,Grocery,2,1.64,3.28
INV00388,2024-09-21 15:00:00,K0084,Casablanca,Tomato Sauce,Grocery,1,2.39,2.39
INV00388,2024-09-21 15:00:00,K0084,Casablanca,Water,Beverages,3,0.84,2.52
INV00389,2024-09-18 21:00:00,K0133,Riyadh,Apples,Produce,1,2.78,2.78
INV00389,2024-09-18 21:00:00,K0133,Riyadh,Cheese,Dairy,1,3.86,3.86
INV00389,2024-09-18 21:00:00,K0133,Riyadh,Tea,Beverages,3,3.37,10.11
INV00390,2024-12-22 13:00:00,K0268,Cairo,Bread,Bakery,1,1.26,1.26
INV00390,2024-12-22 13:00:00,K0268,Cairo,Butter,Dairy,1,2.62,2.62
INV00390,2024-12-22 13:00:00,K0268,Cairo,Coffee,Beverages,1,5.83,5.83
INV00390,2024-12-22 13:00:00,K0268,Cairo,Dates,Produce,3,5.47,16.41
INV00390,2024-12-22 13:00:00,K0268,Cairo,Diapers,Baby,3,11.91,35.73
INV00390,2024-12-22 13:00:00,K0268,Cairo,Milk,Dairy,1,1.03,1.03
INV00391,2024-02-22 17:00:00,K0260,Casablanca,Water,Beverages,3,0.75,2.25
INV00391,2024-02-22 17:00:00,K0260,Casablanca,Yogurt,Dairy,3,2.08,6.24
INV00392,2024-04-24 11:00:00,K0049,Casablanca,Bread,Bakery,1,1.09,1.09
INV00392,2024-04-24 11:00:00,K0049,Casablanca,Butter,Dairy,1,2.75,2.75
INV00392,2024-04-24 11:00:00,K0049,Casablanca,Chicken,Meat,3,9.02,27.06
INV00392,2024-04-24 11:00:00,K0049,Casablanca,Milk,Dairy,1,1.06,1.06
INV00392,2024-04-24 11:00:00,K0049,Casablanca,Pasta,Grocery,3,1.65,4.95
INV00392,2024-04-24 11:00:00,K0049,Casablanca,Tomato Sauce,Grocery,2,2.15,4.3
INV00393,2024-02-18 20:00:00,K0282,Amman,Bread,Bakery,3,1.23,3.69
INV00393,2024-02-18 20:00:00,K0282,Amman,Butter,Dairy,2,2.39,4.78
INV00393,2024-02-18 20:00:00,K0282,Amman,Chicken,Meat,2,8.41,16.82
INV00393,2024-02-18 20:00:00,K0282,Amman,Rice,Grocery,3,2.47,7.41
INV00393,2024-02-18 20:00:00,K0282,Amman,Water,Beverages,3,0.75,2.25
INV00394,2024-06-12 13:00:00,K0166,Riyadh,Water,Beverages,3,0.81,2.43
INV00395,2024-10-23 18:00:00,K0034,Casablanca,Butter,Dairy,3,2.56,7.68
INV00395,2024-10-23 18:00:00,K0034,Casablanca,Rice,Grocery,3,2.43,7.29
INV00396,2024-03-30 13:00:00,K0319,Amman,Apples,Produce,3,2.57,7.71
INV00396,2024-03-30 13:00:00,K0319,Amman,Bread,Bakery,3,1.16,3.48
INV00396,2024-03-30 13:00:00,K0319,Amman,Butter,Dairy,3,2.67,8.01
INV00396,2024-03-30 13:00:00,K0319,Amman,Cheese,Dairy,3,3.63,10.89
INV00396,2024-03-30 13:00:00,K0319,Amman,Pasta,Grocery,2,1.93,3.86
INV00396,2024-03-30 13:00:00,K0319,Amman,Tomato Sauce,Grocery,2,2.14,4.28
INV00397,2024-05-18 18:00:00,K0143,Casablanca,Baby Wipes,Baby,1,4.59,4.59
INV00397,2024-05-18 18:00:00,K0143,Casablanca,Bread,Bakery,1,1.23,1.23
INV00397,2024-05-18 18:00:00,K0143,Casablanca,Tea,Beverages,1,3.36,3.36
INV00398,2024-03-07 20:00:00,K0195,Casablanca,Apples,Produce,2,2.64,5.28
INV00398,2024-03-07 20:00:00,K0195,Casablanca,Dates,Produce,3,5.06,15.18
INV00398,2024-03-07 20:00:00,K0195,Casablanca,Tea,Beverages,2,3.3,6.6
INV00398,2024-03-07 20:00:00,K0195,Casablanca,Water,Beverages,1,0.83,0.83
INV00398,2024-03-07 20:00:00,K0195,Casablanca,Yogurt,Dairy,1,1.73,1.73
INV00399,2024-04-28 20:00:00,K0114,Casablanca,Butter,Dairy,1,2.53,2.53
INV00399,2024-04-28 20:00:00,K0114,Casablanca,Cheese,Dairy,1,3.75,3.75
INV00399,2024-04-28 20:00:00,K0114,Casablanca,Rice,Grocery,3,2.29,6.87
INV00400,2024-04-12 12:00:00,K0089,Cairo,Milk,Dairy,1,1.17,1.17
INV00400,2024-04-12 12:00:00,K0089,Cairo,Sugar,Grocery,1,1.63,1.63
INV00401,2024-01-23 13:00:00,K0279,Cairo,Baby Wipes,Baby,1,4.74,4.74
INV00401,2024-01-23 13:00:00,K0279,Cairo,Diapers,Baby,2,12.88,25.76
INV00401,2024-01-23 13:00:00,K0279,Cairo,Milk,Dairy,2,1.19,2.38
INV00401,2024-01-23 13:00:00,K0279,Cairo,Rice,Grocery,3,2.46,7.38
INV00401,2024-01-23 13:00:00,K0279,Cairo,Water,Beverages,1,0.73,0.73
INV00402,2024-11-23 08:00:00,K0167,Riyadh,Chicken,Meat,3,7.9,23.7
INV00402,2024-11-23 08:00:00,K0167,Riyadh,Pasta,Grocery,2,1.91,3.82
INV00402,2024-11-23 08:00:00,K0167,Riyadh,Tomato Sauce,Grocery,1,2.02,2.02
INV00402,2024-11-23 08:00:00,K0167,Riyadh,Water,Beverages,2,0.75,1.5
INV00403,2024-08-12 09:00:00,K0215,Casablanca,Baby Wipes,Baby,1,4.73,4.73
INV00403,2024-08-12 09:00:00,K0215,Casablanca,Butter,Dairy,3,2.57,7.71
INV00403,2024-08-12 09:00:00,K0215,Casablanca,Coffee,Beverages,2,5.91,11.82
INV00403,2024-08-12 09:00:00,K0215,Casablanca,Olive Oil,Grocery,1,7.07,7.07
INV00403,2024-08-12 09:00:00,K0215,Casablanca,Tea,Beverages,1,3.74,3.74
INV00404,2024-12-21 08:00:00,K0357,Casablanca,Bread,Bakery,3,1.09,3.27
INV00404,2024-12-21 08:00:00,K0357,Casablanca,Butter,Dairy,2,2.63,5.26
INV00404,2024-12-21 08:00:00,K0357,Casablanca,Coffee,Beverages,3,6.24,18.72
INV00404,2024-12-21 08:00:00,K0357,Casablanca,Pasta,Grocery,1,1.93,1.93
INV00404,2024-12-21 08:00:00,K0357,Casablanca,Rice,Grocery,1,2.53,2.53
INV00404,2024-12-21 08:00:00,K0357,Casablanca,Sugar,Grocery,2,1.57,3.14
INV00404,2024-12-21 08:00:00,K0357,Casablanca,Tomato Sauce,Grocery,3,2.41,7.23
INV00405,2024-08-17 13:00:00,K0344,Cairo,Apples,Produce,3,2.76,8.28
INV00405,2024-08-17 13:00:00,K0344,Cairo,Coffee,Beverages,1,5.43,5.43
INV00405,2024-08-17 13:00:00,K0344,Cairo,Milk,Dairy,1,1.17,1.17
INV00405,2024-08-17 13:00:00,K0344,Cairo,Olive Oil,Grocery,1,7.93,7.93
INV00405,2024-08-17 13:00:00,K0344,Cairo,Pasta,Grocery,2,1.66,3.32
INV00405,2024-08-17 13:00:00,K0344,Cairo,Sugar,Grocery,2,1.36,2.72
INV00405,2024-08-17 13:00:00,K0344,Cairo,Tomato Sauce,Grocery,1,2.13,2.13
INV00406,2024-03-08 12:00:00,K0118,Cairo,Apples,Produce,1,2.99,2.99
INV00406,2024-03-08 12:00:00,K0118,Cairo,Bread,Bakery,3,1.19,3.57
INV00406,2024-03-08 12:00:00,K0118,Cairo,Butter,Dairy,1,2.28,2.28
INV00406,2024-03-08 12:00:00,K0118,Cairo,Water,Beverages,2,0.86,1.72
INV00406,2024-03-08 12:00:00,K0118,Cairo,Yogurt,Dairy,2,2.02,4.04
INV00407,2024-01-10 17:00:00,K0176,Amman,Butter,Dairy,1,2.62,2.62
INV00407,2024-01-10 17:00:00,K0176,Amman,Dates,Produce,3,5.33,15.99
INV00407,2024-01-10 17:00:00,K0176,Amman,Tea,Beverages,3,3.17,9.51
INV00408,2024-03-14 09:00:00,K0135,Riyadh,Bread,Bakery,3,1.11,3.33
INV00408,2024-03-14 09:00:00,K0135,Riyadh,Butter,Dairy,1,2.26,2.26
INV00408,2024-03-14 09:00:00,K0135,Riyadh,Chicken,Meat,1,8.02,8.02
INV00408,2024-03-14 09:00:00,K0135,Riyadh,Pasta,Grocery,3,1.77,5.31
INV00408,2024-03-14 09:00:00,K0135,Riyadh,Rice,Grocery,1,2.22,2.22
INV00408,2024-03-14 09:00:00,K0135,Riyadh,Yogurt,Dairy,2,1.73,3.46
INV00409,2024-04-25 13:00:00,K0276,Riyadh,Bread,Bakery,2,1.16,2.32
INV00410,2024-10-10 09:00:00,K0238,Amman,Bread,Bakery,3,1.31,3.93
INV00410,2024-10-10 09:00:00,K0238,Amman,Butter,Dairy,3,2.3,6.9
INV00410,2024-10-10 09:00:00,K0238,Amman,Rice,Grocery,1,2.45,2.45
INV00410,2024-10-10 09:00:00,K0238,Amman,Tomato Sauce,Grocery,3,2.12,6.36
INV00410,2024-10-10 09:00:00,K0238,Amman,Water,Beverages,2,0.85,1.7
INV00411,2024-08-18 14:00:00,K0188,Amman,Bread,Bakery,1,1.18,1.18
INV00411,2024-08-18 14:00:00,K0188,Amman,Chicken,Meat,1,7.89,7.89
INV00411,2024-08-18 14:00:00,K0188,Amman,Dates,Produce,3,4.91,14.73
INV00411,2024-08-18 14:00:00,K0188,Amman,Milk,Dairy,2,1.07,2.14
INV00411,2024-08-18 14:00:00,K0188,Amman,Rice,Grocery,1,2.37,2.37
INV00411,2024-08-18 14:00:00,K0188,Amman,Yogurt,Dairy,3,1.74,5.22
INV00412,2024-10-03 19:00:00,K0302,Cairo,Butter,Dairy,1,2.71,2.71
INV00412,2024-10-03 19:00:00,K0302,Cairo,Cheese,Dairy,3,3.63,10.89
INV00413,2024-04-22 08:00:00,K0240,Amman,Butter,Dairy,2,2.49,4.98
INV00413,2024-04-22 08:00:00,K0240,Amman,Coffee,Beverages,3,5.62,16.86
INV00413,2024-04-22 08:00:00,K0240,Amman,Dates,Produce,1,4.87,4.87
INV00413,2024-04-22 08:00:00,K0240,Amman,Milk,Dairy,3,1.2,3.6
INV00413,2024-04-22 08:00:00,K0240,Amman,Rice,Grocery,3,2.41,7.23
INV00414,2024-02-27 19:00:00,K0216,Cairo,Coffee,Beverages,1,5.48,5.48
INV00414,2024-02-27 19:00:00,K0216,Cairo,Milk,Dairy,2,1.06,2.12
INV00414,2024-02-27 19:00:00,K0216,Cairo,Olive Oil,Grocery,3,8.15,24.45
INV00414,2024-02-27 19:00:00,K0216,Cairo,Rice,Grocery,3,2.51,7.53
INV00414,2024-02-27 19:00:00,K0216,Cairo,Tea,Beverages,3,3.58,10.74
INV00415,2024-07-23 10:00:00,K0196,Cairo,Bread,Bakery,2,1.16,2.32
INV00415,2024-07-23 10:00:00,K0196,Cairo,Butter,Dairy,3,2.62,7.86
INV00415,2024-07-23 10:00:00,K0196,Cairo,Yogurt,Dairy,1,1.79,1.79
INV00416,2024-07-12 16:00:00,K0028,Cairo,Apples,Produce,3,2.85,8.55
INV00416,2024-07-12 16:00:00,K0028,Cairo,Dates,Produce,1,5.33,5.33
INV00416,2024-07-12 16:00:00,K0028,Cairo,Pasta,Grocery,2,1.83,3.66
INV00416,2024-07-12 16:00:00,K0028,Cairo,Rice,Grocery,2,2.43,4.86
INV00416,2024-07-12 16:00:00,K0028,Cairo,Tomato Sauce,Grocery,1,2.13,2.13
INV00417,2024-12-15 08:00:00,K0121,Cairo,Baby Wipes,Baby,3,4.92,14.76
INV00417,2024-12-15 08:00:00,K0121,Cairo,Bread,Bakery,1,1.25,1.25
INV00417,2024-12-15 08:00:00,K0121,Cairo,Dates,Produce,3,4.6,13.8
INV00417,2024-12-15 08:00:00,K0121,Cairo,Olive Oil,Grocery,2,7.51,15.02
INV00417,2024-12-15 08:00:00,K0121,Cairo,Water,Beverages,2,0.74,1.48
INV00418,2024-04-05 18:00:00,K0352,Cairo,Yogurt,Dairy,2,1.82,3.64
INV00419,2024-12-02 19:00:00,K0213,Amman,Bread,Bakery,3,1.27,3.81
INV00419,2024-12-02 19:00:00,K0213,Amman,Butter,Dairy,1,2.35,2.35
INV00419,2024-12-02 19:00:00,K0213,Amman,Cheese,Dairy,1,4.15,4.15
INV00419,2024-12-02 19:00:00,K0213,Amman,Milk,Dairy,1,1.11,1.11
INV00419,2024-12-02 19:00:00,K0213,Amman,Water,Beverages,3,0.8,2.4
INV00420,2024-02-29 16:00:00,K0177,Amman,Baby Wipes,Baby,1,4.07,4.07
INV00420,2024-02-29 16:00:00,K0177,Amman,Chicken,Meat,3,8.19,24.57
INV00420,2024-02-29 16:00:00,K0177,Amman,Olive Oil,Grocery,3,7.88,23.64
INV00420,2024-02-29 16:00:00,K0177,Amman,Water,Beverages,3,0.8,2.4
INV00420,2024-02-29 16:00:00,K0177,Amman,Yogurt,Dairy,2,1.71,3.42
INV00421,2024-11-28 15:00:00,K0208,Casablanca,Coffee,Beverages,1,6.22,6.22
INV00421,2024-11-28 15:00:00,K0208,Casablanca,Milk,Dairy,2,1.01,2.02
INV00421,2024-11-28 15:00:00,K0208,Casablanca,Sugar,Grocery,2,1.48,2.96
INV00421,2024-11-28 15:00:00,K0208,Casablanca,Water,Beverages,3,0.82,2.46
INV00422,2024-01-24 13:00:00,K0133,Casablanca,Apples,Produce,3,2.72,8.16
INV00422,2024-01-24 13:00:00,K0133,Casablanca,Butter,Dairy,1,2.39,2.39
INV00422,2024-01-24 13:00:00,K0133,Casablanca,Coffee,Beverages,1,6.48,6.48
INV00422,2024-01-24 13:00:00,K0133,Casablanca,Milk,Dairy,2,1.11,2.22
INV00422,2024-01-24 13:00:00,K0133,Casablanca,Tea,Beverages,3,3.74,11.22
INV00423,2024-05-27 17:00:00,K0043,Cairo,Bread,Bakery,2,1.16,2.32
INV00423,2024-05-27 17:00:00,K0043,Cairo,Butter,Dairy,3,2.38,7.14
INV00423,2024-05-27 17:00:00,K0043,Cairo,Chicken,Meat,1,7.98,7.98
INV00423,2024-05-27 17:00:00,K0043,Cairo,Rice,Grocery,2,2.55,5.1
INV00423,2024-05-27 17:00:00,K0043,Cairo,Water,Beverages,3,0.81,2.43
INV00424,2024-09-29 16:00:00,K0016,Cairo,Bread,Bakery,1,1.26,1.26
INV00424,2024-09-29 16:00:00,K0016,Cairo,Dates,Produce,1,4.97,4.97
INV00424,2024-09-29 16:00:00,K0016,Cairo,Sugar,Grocery,1,1.55,1.55
INV00424,2024-09-29 16:00:00,K0016,Cairo,Tomato Sauce,Grocery,1,2.16,2.16
INV00425,2024-05-04 09:00:00,K0078,Riyadh,Bread,Bakery,2,1.21,2.42
INV00425,2024-05-04 09:00:00,K0078,Riyadh,Tea,Beverages,3,3.53,10.59
INV00426,2024-03-11 09:00:00,K0088,Riyadh,Bread,Bakery,2,1.15,2.3
INV00426,2024-03-11 09:00:00,K0088,Riyadh,Dates,Produce,2,4.58,9.16
INV00427,2024-06-08 11:00:00,K0229,Cairo,Apples,Produce,1,2.66,2.66
INV00427,2024-06-08 11:00:00,K0229,Cairo,Bread,Bakery,2,1.32,2.64
INV00427,2024-06-08 11:00:00,K0229,Cairo,Butter,Dairy,3,2.57,7.71
INV00427,2024-06-08 11:00:00,K0229,Cairo,Coffee,Beverages,1,5.57,5.57
INV00428,2024-10-06 18:00:00,K0167,Casablanca,Coffee,Beverages,3,5.78,17.34
INV00428,2024-10-06 18:00:00,K0167,Casablanca,Milk,Dairy,1,1.03,1.03
INV00428,2024-10-06 18:00:00,K0167,Casablanca,Pasta,Grocery,2,1.89,3.78
INV00428,2024-10-06 18:00:00,K0167,Casablanca,Sugar,Grocery,1,1.58,1.58
INV00428,2024-10-06 18:00:00,K0167,Casablanca,Tomato Sauce,Grocery,3,2.14,6.42
INV00429,2024-07-12 12:00:00,K0100,Riyadh,Apples,Produce,1,2.79,2.79
INV00430,2024-11-18 12:00:00,K0246,Amman,Rice,Grocery,3,2.21,6.63
INV00431,2024-06-11 18:00:00,K0282,Riyadh,Apples,Produce,2,2.85,5.7
INV00431,2024-06-11 18:00:00,K0282,Riyadh,Cheese,Dairy,1,4.2,4.2
INV00431,2024-06-11 18:00:00,K0282,Riyadh,Coffee,Beverages,2,5.68,11.36
INV00431,2024-06-11 18:00:00,K0282,Riyadh,Dates,Produce,2,5.26,10.52
INV00431,2024-06-11 18:00:00,K0282,Riyadh,Tea,Beverages,3,3.21,9.63
INV00432,2024-07-31 14:00:00,K0338,Riyadh,Pasta,Grocery,3,1.74,5.22
INV00432,2024-07-31 14:00:00,K0338,Riyadh,Tomato Sauce,Grocery,1,2.21,2.21
INV00432,2024-07-31 14:00:00,K0338,Riyadh,Water,Beverages,3,0.8,2.4
INV00432,2024-07-31 14:00:00,K0338,Riyadh,Yogurt,Dairy,3,1.71,5.13
INV00433,2024-07-30 09:00:00,K0264,Cairo,Bread,Bakery,2,1.09,2.18
INV00433,2024-07-30 09:00:00,K0264,Cairo,Sugar,Grocery,2,1.36,2.72
INV00433,2024-07-30 09:00:00,K0264,Cairo,Tea,Beverages,2,3.81,7.62
INV00434,2024-06-09 11:00:00,K0372,Riyadh,Rice,Grocery,3,2.53,7.59
INV00434,2024-06-09 11:00:00,K0372,Riyadh,Water,Beverages,2,0.86,1.72
INV00435,2024-07-15 13:00:00,K0123,Riyadh,Butter,Dairy,3,2.52,7.56
INV00436,2024-01-22 19:00:00,K0063,Riyadh,Sugar,Grocery,3,1.62,4.86
INV00437,2024-10-28 18:00:00,K0397,Cairo,Butter,Dairy,3,2.42,7.26
INV00438,2024-10-12 19:00:00,K0359,Riyadh,Dates,Produce,2,5.15,10.3
INV00438,2024-10-12 19:00:00,K0359,Riyadh,Pasta,Grocery,3,1.72,5.16
INV00438,2024-10-12 19:00:00,K0359,Riyadh,Tea,Beverages,2,3.58,7.16
INV00438,2024-10-12 19:00:00,K0359,Riyadh,Tomato Sauce,Grocery,3,2.09,6.27
INV00439,2024-07-13 12:00:00,K0226,Cairo,Pasta,Grocery,2,1.66,3.32
INV00439,2024-07-13 12:00:00,K0226,Cairo,Tomato Sauce,Grocery,1,2.29,2.29
INV00440,2024-05-12 14:00:00,K0206,Casablanca,Cheese,Dairy,3,4.15,12.45
INV00440,2024-05-12 14:00:00,K0206,Casablanca,Dates,Produce,1,4.54,4.54
INV00441,2024-09-26 10:00:00,K0093,Riyadh,Butter,Dairy,3,2.49,7.47
INV00441,2024-09-26 10:00:00,K0093,Riyadh,Cheese,Dairy,3,3.77,11.31
INV00441,2024-09-26 10:00:00,K0093,Riyadh,Milk,Dairy,3,1.2,3.6
INV00441,2024-09-26 10:00:00,K0093,Riyadh,Water,Beverages,1,0.83,0.83
INV00442,2024-06-13 19:00:00,K0293,Amman,Bread,Bakery,2,1.09,2.18
INV00442,2024-06-13 19:00:00,K0293,Amman,Dates,Produce,2,5.26,10.52
INV00443,2024-01-08 18:00:00,K0124,Cairo,Baby Wipes,Baby,3,4.43,13.29
INV00443,2024-01-08 18:00:00,K0124,Cairo,Bread,Bakery,2,1.17,2.34
INV00443,2024-01-08 18:00:00,K0124,Cairo,Diapers,Baby,1,11.26,11.26
INV00443,2024-01-08 18:00:00,K0124,Cairo,Pasta,Grocery,2,1.79,3.58
INV00444,2024-09-19 14:00:00,K0366,Casablanca,Apples,Produce,3,3.06,9.18
INV00444,2024-09-19 14:00:00,K0366,Casablanca,Chicken,Meat,1,8.68,8.68
INV00444,2024-09-19 14:00:00,K0366,Casablanca,Dates,Produce,3,5.42,16.26
INV00445,2024-12-24 18:00:00,K0188,Casablanca,Bread,Bakery,1,1.12,1.12
INV00445,2024-12-24 18:00:00,K0188,Casablanca,Dates,Produce,1,4.57,4.57
INV00445,2024-12-24 18:00:00,K0188,Casablanca,Milk,Dairy,1,1.06,1.06
INV00445,2024-12-24 18:00:00,K0188,Casablanca,Water,Beverages,2,0.87,1.74
INV00446,2024-11-20 08:00:00,K0002,Riyadh,Bread,Bakery,1,1.3,1.3
INV00446,2024-11-20 08:00:00,K0002,Riyadh,Dates,Produce,2,4.64,9.28
INV00446,2024-11-20 08:00:00,K0002,Riyadh,Rice,Grocery,2,2.18,4.36
INV00446,2024-11-20 08:00:00,K0002,Riyadh,Tomato Sauce,Grocery,3,2.3,6.9
INV00447,2024-05-11 18:00:00,K0248,Casablanca,Rice,Grocery,3,2.51,7.53
INV00448,2024-01-22 09:00:00,K0374,Cairo,Apples,Produce,1,2.96,2.96
INV00448,2024-01-22 09:00:00,K0374,Cairo,Bread,Bakery,3,1.17,3.51
INV00448,2024-01-22 09:00:00,K0374,Cairo,Coffee,Beverages,1,5.68,5.68
INV00448,2024-01-22 09:00:00,K0374,Cairo,Pasta,Grocery,2,1.91,3.82
INV00448,2024-01-22 09:00:00,K0374,Cairo,Water,Beverages,2,0.73,1.46
INV00449,2024-06-22 21:00:00,K0242,Casablanca,Bread,Bakery,3,1.11,3.33
INV00449,2024-06-22 21:00:00,K0242,Casablanca,Milk,Dairy,1,1.12,1.12
INV00449,2024-06-22 21:00:00,K0242,Casablanca,Rice,Grocery,2,2.42,4.84
INV00450,2024-03-02 11:00:00,K0243,Casablanca,Apples,Produce,3,3.06,9.18
INV00450,2024-03-02 11:00:00,K0243,Casablanca,Baby Wipes,Baby,3,4.83,14.49
INV00450,2024-03-02 11:00:00,K0243,Casablanca,Olive Oil,Grocery,3,8.18,24.54
INV00450,2024-03-02 11:00:00,K0243,Casablanca,Pasta,Grocery,2,1.77,3.54
INV00451,2024-10-15 14:00:00,K0159,Cairo,Bread,Bakery,3,1.31,3.93
INV00451,2024-10-15 14:00:00,K0159,Cairo,Butter,Dairy,3,2.46,7.38
INV00452,2024-05-25 16:00:00,K0065,Casablanca,Chicken,Meat,2,8.42,16.84
INV00452,2024-05-25 16:00:00,K0065,Casablanca,Rice,Grocery,1,2.44,2.44
INV00453,2024-01-25 11:00:00,K0389,Riyadh,Cheese,Dairy,3,3.7,11.1
INV00453,2024-01-25 11:00:00,K0389,Riyadh,Milk,Dairy,3,1.21,3.63
INV00453,2024-01-25 11:00:00,K0389,Riyadh,Pasta,Grocery,3,1.8,5.4
INV00453,2024-01-25 11:00:00,K0389,Riyadh,Sugar,Grocery,2,1.45,2.9
INV00454,2024-05-22 14:00:00,K0108,Cairo,Apples,Produce,3,2.81,8.43
INV00454,2024-05-22 14:00:00,K0108,Cairo,Bread,Bakery,3,1.23,3.69
INV00454,2024-05-22 14:00:00,K0108,Cairo,Butter,Dairy,3,2.57,7.71
INV00454,2024-05-22 14:00:00,K0108,Cairo,Rice,Grocery,1,2.6,2.6
INV00454,2024-05-22 14:00:00,K0108,Cairo,Yogurt,Dairy,2,1.88,3.76
INV00455,2024-08-01 13:00:00,K0030,Riyadh,Cheese,Dairy,1,3.97,3.97
INV00455,2024-08-01 13:00:00,K0030,Riyadh,Pasta,Grocery,2,1.93,3.86
INV00455,2024-08-01 13:00:00,K0030,Riyadh,Tomato Sauce,Grocery,3,2.2,6.6
INV00455,2024-08-01 13:00:00,K0030,Riyadh,Water,Beverages,3,0.82,2.46
INV00456,2024-08-28 10:00:00,K0289,Amman,Chicken,Meat,2,9.12,18.24
INV00456,2024-08-28 10:00:00,K0289,Amman,Dates,Produce,1,4.69,4.69
INV00456,2024-08-28 10:00:00,K0289,Amman,Tea,Beverages,1,3.71,3.71
INV00457,2024-08-29 16:00:00,K0159,Amman,Milk,Dairy,2,1.03,2.06
INV00457,2024-08-29 16:00:00,K0159,Amman,Pasta,Grocery,1,1.88,1.88
INV00457,2024-08-29 16:00:00,K0159,Amman,Rice,Grocery,1,2.6,2.6
INV00457,2024-08-29 16:00:00,K0159,Amman,Tomato Sauce,Grocery,3,2.39,7.17
INV00458,2024-04-21 11:00:00,K0020,Cairo,Tea,Beverages,2,3.24,6.48
INV00459,2024-08-03 08:00:00,K0288,Casablanca,Tea,Beverages,3,3.53,10.59
INV00459,2024-08-03 08:00:00,K0288,Casablanca,Yogurt,Dairy,3,1.8,5.4
INV00460,2024-08-23 21:00:00,K0311,Cairo,Apples,Produce,2,2.84,5.68
INV00460,2024-08-23 21:00:00,K0311,Cairo,Dates,Produce,3,5.1,15.3
INV00460,2024-08-23 21:00:00,K0311,Cairo,Sugar,Grocery,3,1.45,4.35
INV00460,2024-08-23 21:00:00,K0311,Cairo,Tea,Beverages,2,3.65,7.3
INV00461,2024-09-17 17:00:00,K0009,Casablanca,Bread,Bakery,1,1.26,1.26
INV00461,2024-09-17 17:00:00,K0009,Casablanca,Butter,Dairy,2,2.64,5.28
INV00462,2024-07-25 14:00:00,K0372,Casablanca,Bread,Bakery,3,1.14,3.42
INV00462,2024-07-25 14:00:00,K0372,Casablanca,Butter,Dairy,3,2.41,7.23
INV00462,2024-07-25 14:00:00,K0372,Casablanca,Chicken,Meat,3,7.71,23.13
INV00462,2024-07-25 14:00:00,K0372,Casablanca,Pasta,Grocery,3,1.84,5.52
INV00462,2024-07-25 14:00:00,K0372,Casablanca,Sugar,Grocery,2,1.55,3.1
INV00463,2024-06-26 08:00:00,K0119,Amman,Pasta,Grocery,3,1.85,5.55
INV00463,2024-06-26 08:00:00,K0119,Amman,Tomato Sauce,Grocery,2,2.15,4.3
INV00463,2024-06-26 08:00:00,K0119,Amman,Water,Beverages,3,0.85,2.55
INV00464,2024-01-06 19:00:00,K0049,Cairo,Olive Oil,Grocery,3,8.05,24.15
INV00464,2024-01-06 19:00:00,K0049,Cairo,Pasta,Grocery,3,1.73,5.19
INV00465,2024-03-06 08:00:00,K0381,Riyadh,Chicken,Meat,1,8.86,8.86
INV00465,2024-03-06 08:00:00,K0381,Riyadh,Rice,Grocery,2,2.21,4.42
INV00466,2024-06-23 10:00:00,K0135,Riyadh,Baby Wipes,Baby,1,4.55,4.55
INV00466,2024-06-23 10:00:00,K0135,Riyadh,Butter,Dairy,2,2.67,5.34
INV00466,2024-06-23 10:00:00,K0135,Riyadh,Coffee,Beverages,2,6.13,12.26
INV00466,2024-06-23 10:00:00,K0135,Riyadh,Tea,Beverages,3,3.63,10.89
INV00466,2024-06-23 10:00:00,K0135,Riyadh,Water,Beverages,3,0.84,2.52
INV00467,2024-04-01 17:00:00,K0025,Cairo,Yogurt,Dairy,3,1.73,5.19
INV00468,2024-09-13 16:00:00,K0169,Casablanca,Dates,Produce,2,4.88,9.76
INV00468,2024-09-13 16:00:00,K0169,Casablanca,Milk,Dairy,2,1.2,2.4
INV00469,2024-12-23 17:00:00,K0165,Cairo,Milk,Dairy,3,1.18,3.54
INV00470,2024-03-17 15:00:00,K0075,Casablanca,Cheese,Dairy,3,4.32,12.96
INV00470,2024-03-17 15:00:00,K0075,Casablanca,Chicken,Meat,3,9.02,27.06
INV00471,2024-10-22 12:00:00,K0215,Riyadh,Coffee,Beverages,3,6.18,18.54
INV00471,2024-10-22 12:00:00,K0215,Riyadh,Sugar,Grocery,2,1.61,3.22
INV00472,2024-07-15 12:00:00,K0321,Cairo,Apples,Produce,1,2.55,2.55
INV00473,2024-04-05 09:00:00,K0276,Amman,Rice,Grocery,1,2.43,2.43
INV00473,2024-04-05 09:00:00,K0276,Amman,Sugar,Grocery,2,1.55,3.1
INV00473,2024-04-05 09:00:00,K0276,Amman,Tea,Beverages,1,3.37,3.37
INV00473,2024-04-05 09:00:00,K0276,Amman,Yogurt,Dairy,1,2.05,2.05
INV00474,2024-02-29 14:00:00,K0390,Casablanca,Bread,Bakery,1,1.23,1.23
INV00474,2024-02-29 14:00:00,K0390,Casablanca,Coffee,Beverages,3,5.51,16.53
INV00474,2024-02-29 14:00:00,K0390,Casablanca,Milk,Dairy,2,1.04,2.08
INV00474,2024-02-29 14:00:00,K0390,Casablanca,Olive Oil,Grocery,1,6.81,6.81
INV00474,2024-02-29 14:00:00,K0390,Casablanca,Pasta,Grocery,3,1.84,5.52
INV00474,2024-02-29 14:00:00,K0390,Casablanca,Sugar,Grocery,2,1.52,3.04
INV00474,2024-02-29 14:00:00,K0390,Casablanca,Tomato Sauce,Grocery,2,2.24,4.48
INV00475,2024-02-29 20:00:00,K0100,Cairo,Dates,Produce,2,4.61,9.22
INV00476,2024-09-19 11:00:00,K0349,Casablanca,Baby Wipes,Baby,1,4.85,4.85
INV00476,2024-09-19 11:00:00,K0349,Casablanca,Diapers,Baby,2,11.86,23.72
INV00477,2024-08-15 10:00:00,K0057,Casablanca,Chicken,Meat,3,7.87,23.61
INV00477,2024-08-15 10:00:00,K0057,Casablanca,Rice,Grocery,1,2.23,2.23
INV00478,2024-10-31 21:00:00,K0386,Riyadh,Chicken,Meat,3,8.92,26.76
INV00479,2024-01-28 09:00:00,K0101,Riyadh,Apples,Produce,2,2.64,5.28
INV00479,2024-01-28 09:00:00,K0101,Riyadh,Butter,Dairy,1,2.25,2.25
INV00479,2024-01-28 09:00:00,K0101,Riyadh,Pasta,Grocery,1,1.89,1.89
INV00479,2024-01-28 09:00:00,K0101,Riyadh,Rice,Grocery,1,2.21,2.21
INV00479,2024-01-28 09:00:00,K0101,Riyadh,Tomato Sauce,Grocery,3,1.99,5.97
INV00479,2024-01-28 09:00:00,K0101,Riyadh,Water,Beverages,1,0.75,0.75
INV00480,2024-05-04 20:00:00,K0339,Casablanca,Bread,Bakery,1,1.27,1.27
INV00480,2024-05-04 20:00:00,K0339,Casablanca,Butter,Dairy,1,2.25,2.25
INV00480,2024-05-04 20:00:00,K0339,Casablanca,Coffee,Beverages,3,5.88,17.64
INV00480,2024-05-04 20:00:00,K0339,Casablanca,Dates,Produce,3,4.94,14.82
INV00480,2024-05-04 20:00:00,K0339,Casablanca,Tomato Sauce,Grocery,2,2.14,4.28
INV00481,2024-10-15 18:00:00,K0159,Casablanca,Apples,Produce,2,2.77,5.54
INV00481,2024-10-15 18:00:00,K0159,Casablanca,Pasta,Grocery,1,1.84,1.84
INV00481,2024-10-15 18:00:00,K0159,Casablanca,Rice,Grocery,2,2.45,4.9
INV00481,2024-10-15 18:00:00,K0159,Casablanca,Tomato Sauce,Grocery,2,2.02,4.04
INV00482,2024-03-31 08:00:00,K0396,Casablanca,Coffee,Beverages,3,5.91,17.73
INV00482,2024-03-31 08:00:00,K0396,Casablanca,Sugar,Grocery,1,1.64,1.64
INV00483,2024-05-13 12:00:00,K0243,Casablanca,Apples,Produce,2,3.03,6.06
INV00483,2024-05-13 12:00:00,K0243,Casablanca,Baby Wipes,Baby,3,4.27,12.81
INV00483,2024-05-13 12:00:00,K0243,Casablanca,Chicken,Meat,3,8.64,25.92
INV00483,2024-05-13 12:00:00,K0243,Casablanca,Dates,Produce,3,5.18,15.54
INV00483,2024-05-13 12:00:00,K0243,Casablanca,Rice,Grocery,1,2.62,2.62
INV00483,2024-05-13 12:00:00,K0243,Casablanca,Water,Beverages,2,0.87,1.74
INV00484,2024-09-13 19:00:00,K0324,Amman,Apples,Produce,2,2.96,5.92
INV00484,2024-09-13 19:00:00,K0324,Amman,Chicken,Meat,3,8.3,24.9
INV00484,2024-09-13 19:00:00,K0324,Amman,Coffee,Beverages,3,5.53,16.59
INV00484,2024-09-13 19:00:00,K0324,Amman,Milk,Dairy,2,1.21,2.42
INV00484,2024-09-13 19:00:00,K0324,Amman,Sugar,Grocery,3,1.36,4.08
INV00485,2024-05-02 21:00:00,K0349,Cairo,Apples,Produce,1,2.58,2.58
INV00485,2024-05-02 21:00:00,K0349,Cairo,Butter,Dairy,3,2.45,7.35
INV00485,2024-05-02 21:00:00,K0349,Cairo,Cheese,Dairy,3,3.8,11.4
INV00485,2024-05-02 21:00:00,K0349,Cairo,Sugar,Grocery,2,1.38,2.76
INV00485,2024-05-02 21:00:00,K0349,Cairo,Tea,Beverages,1,3.77,3.77
INV00486,2024-03-18 15:00:00,K0028,Riyadh,Milk,Dairy,3,1.08,3.24
INV00487,2024-08-23 18:00:00,K0181,Amman,Apples,Produce,3,2.92,8.76
INV00487,2024-08-23 18:00:00,K0181,Amman,Baby Wipes,Baby,3,4.46,13.38
INV00487,2024-08-23 18:00:00,K0181,Amman,Sugar,Grocery,1,1.53,1.53
INV00487,2024-08-23 18:00:00,K0181,Amman,Tomato Sauce,Grocery,1,2.19,2.19
INV00488,2024-03-28 18:00:00,K0198,Riyadh,Baby Wipes,Baby,2,4.52,9.04
INV00488,2024-03-28 18:00:00,K0198,Riyadh,Butter,Dairy,1,2.51,2.51
INV00488,2024-03-28 18:00:00,K0198,Riyadh,Milk,Dairy,3,1.2,3.6
INV00488,2024-03-28 18:00:00,K0198,Riyadh,Pasta,Grocery,1,1.69,1.69
INV00488,2024-03-28 18:00:00,K0198,Riyadh,Tomato Sauce,Grocery,2,2.0,4.0
INV00488,2024-03-28 18:00:00,K0198,Riyadh,Yogurt,Dairy,2,1.91,3.82
INV00489,2024-04-03 08:00:00,K0271,Casablanca,Apples,Produce,2,2.67,5.34
INV00489,2024-04-03 08:00:00,K0271,Casablanca,Baby Wipes,Baby,3,4.29,12.87
INV00489,2024-04-03 08:00:00,K0271,Casablanca,Diapers,Baby,1,12.36,12.36
INV00489,2024-04-03 08:00:00,K0271,Casablanca,Rice,Grocery,2,2.56,5.12
INV00489,2024-04-03 08:00:00,K0271,Casablanca,Tomato Sauce,Grocery,3,2.19,6.57
INV00489,2024-04-03 08:00:00,K0271,Casablanca,Yogurt,Dairy,3,1.81,5.43
INV00490,2024-09-27 12:00:00,K0318,Amman,Dates,Produce,2,4.58,9.16
INV00490,2024-09-27 12:00:00,K0318,Amman,Rice,Grocery,1,2.56,2.56
INV00490,2024-09-27 12:00:00,K0318,Amman,Tea,Beverages,2,3.7,7.4
INV00491,2024-01-23 21:00:00,K0301,Cairo,Apples,Produce,3,2.66,7.98
INV00492,2024-12-31 08:00:00,K0064,Casablanca,Milk,Dairy,3,1.0,3.0
INV00492,2024-12-31 08:00:00,K0064,Casablanca,Olive Oil,Grocery,1,7.19,7.19
INV00493,2024-06-01 19:00:00,K0272,Riyadh,Cheese,Dairy,2,4.02,8.04
INV00493,2024-06-01 19:00:00,K0272,Riyadh,Dates,Produce,3,4.98,14.94
INV00493,2024-06-01 19:00:00,K0272,Riyadh,Milk,Dairy,3,1.18,3.54
INV00493,2024-06-01 19:00:00,K0272,Riyadh,Tea,Beverages,2,3.53,7.06
INV00494,2024-11-26 19:00:00,K0129,Amman,Sugar,Grocery,2,1.35,2.7
INV00495,2024-09-15 19:00:00,K0129,Amman,Apples,Produce,3,2.67,8.01
INV00495,2024-09-15 19:00:00,K0129,Amman,Bread,Bakery,3,1.31,3.93
INV00495,2024-09-15 19:00:00,K0129,Amman,Cheese,Dairy,2,3.85,7.7
INV00495,2024-09-15 19:00:00,K0129,Amman,Milk,Dairy,1,1.12,1.12
INV00495,2024-09-15 19:00:00,K0129,Amman,Pasta,Grocery,2,1.63,3.26
INV00496,2024-08-30 12:00:00,K0389,Amman,Cheese,Dairy,2,3.86,7.72
INV00496,2024-08-30 12:00:00,K0389,Amman,Rice,Grocery,3,2.56,7.68
INV00497,2024-07-14 18:00:00,K0151,Riyadh,Rice,Grocery,3,2.37,7.11
INV00498,2024-05-23 15:00:00,K0234,Amman,Butter,Dairy,3,2.41,7.23
INV00498,2024-05-23 15:00:00,K0234,Amman,Cheese,Dairy,3,3.77,11.31
INV00498,2024-05-23 15:00:00,K0234,Amman,Dates,Produce,3,5.44,16.32
INV00498,2024-05-23 15:00:00,K0234,Amman,Tea,Beverages,3,3.7,11.1
INV00499,2024-08-03 19:00:00,K0065,Amman,Butter,Dairy,1,2.29,2.29
INV00500,2024-01-03 12:00:00,K0346,Amman,Milk,Dairy,2,1.09,2.18
INV00500,2024-01-03 12:00:00,K0346,Amman,Pasta,Grocery,3,1.65,4.95
INV00500,2024-01-03 12:00:00,K0346,Amman,Tomato Sauce,Grocery,3,2.3,6.9
INV00500,2024-01-03 12:00:00,K0346,Amman,Yogurt,Dairy,2,2.07,4.14
INV00501,2024-06-14 11:00:00,K0003,Cairo,Bread,Bakery,1,1.24,1.24
INV00501,2024-06-14 11:00:00,K0003,Cairo,Cheese,Dairy,3,4.4,13.2
INV00501,2024-06-14 11:00:00,K0003,Cairo,Yogurt,Dairy,3,1.99,5.97
INV00502,2024-05-27 15:00:00,K0348,Riyadh,Apples,Produce,1,2.96,2.96
INV00502,2024-05-27 15:00:00,K0348,Riyadh,Baby Wipes,Baby,1,4.91,4.91
INV00502,2024-05-27 15:00:00,K0348,Riyadh,Chicken,Meat,2,9.29,18.58
INV00502,2024-05-27 15:00:00,K0348,Riyadh,Diapers,Baby,2,12.56,25.12
INV00502,2024-05-27 15:00:00,K0348,Riyadh,Rice,Grocery,1,2.44,2.44
INV00502,2024-05-27 15:00:00,K0348,Riyadh,Tea,Beverages,3,3.62,10.86
INV00502,2024-05-27 15:00:00,K0348,Riyadh,Yogurt,Dairy,1,2.01,2.01
INV00503,2024-09-18 14:00:00,K0347,Amman,Chicken,Meat,3,9.15,27.45
INV00503,2024-09-18 14:00:00,K0347,Amman,Coffee,Beverages,3,6.3,18.9
INV00503,2024-09-18 14:00:00,K0347,Amman,Rice,Grocery,1,2.36,2.36
INV00503,2024-09-18 14:00:00,K0347,Amman,Yogurt,Dairy,1,1.72,1.72
INV00504,2024-02-09 21:00:00,K0017,Cairo,Apples,Produce,2,2.57,5.14
INV00504,2024-02-09 21:00:00,K0017,Cairo,Cheese,Dairy,1,4.36,4.36
INV00504,2024-02-09 21:00:00,K0017,Cairo,Dates,Produce,1,5.36,5.36
INV00504,2024-02-09 21:00:00,K0017,Cairo,Pasta,Grocery,1,1.82,1.82
INV00504,2024-02-09 21:00:00,K0017,Cairo,Tea,Beverages,1,3.45,3.45
INV00504,2024-02-09 21:00:00,K0017,Cairo,Tomato Sauce,Grocery,2,2.2,4.4
INV00505,2024-12-12 18:00:00,K0082,Casablanca,Apples,Produce,1,2.91,2.91
INV00505,2024-12-12 18:00:00,K0082,Casablanca,Baby Wipes,Baby,2,4.37,8.74
INV00505,2024-12-12 18:00:00,K0082,Casablanca,Diapers,Baby,3,12.18,36.54
INV00506,2024-02-12 14:00:00,K0167,Casablanca,Bread,Bakery,3,1.31,3.93
INV00506,2024-02-12 14:00:00,K0167,Casablanca,Butter,Dairy,2,2.46,4.92
INV00506,2024-02-12 14:00:00,K0167,Casablanca,Coffee,Beverages,2,6.49,12.98
INV00506,2024-02-12 14:00:00,K0167,Casablanca,Water,Beverages,2,0.77,1.54
INV00507,2024-04-06 18:00:00,K0044,Riyadh,Bread,Bakery,2,1.27,2.54
INV00507,2024-04-06 18:00:00,K0044,Riyadh,Tomato Sauce,Grocery,1,1.99,1.99
INV00507,2024-04-06 18:00:00,K0044,Riyadh,Water,Beverages,2,0.83,1.66
INV00507,2024-04-06 18:00:00,K0044,Riyadh,Yogurt,Dairy,3,1.96,5.88
INV00508,2024-08-20 10:00:00,K0187,Riyadh,Milk,Dairy,1,1.0,1.0
INV00508,2024-08-20 10:00:00,K0187,Riyadh,Rice,Grocery,3,2.19,6.57
INV00508,2024-08-20 10:00:00,K0187,Riyadh,Sugar,Grocery,1,1.5,1.5
INV00508,2024-08-20 10:00:00,K0187,Riyadh,Tea,Beverages,3,3.7,11.1
INV00508,2024-08-20 10:00:00,K0187,Riyadh,Water,Beverages,2,0.81,1.62
INV00509,2024-05-07 19:00:00,K0339,Amman,Apples,Produce,3,2.58,7.74
INV00509,2024-05-07 19:00:00,K0339,Amman,Butter,Dairy,1,2.61,2.61
INV00509,2024-05-07 19:00:00,K0339,Amman,Milk,Dairy,3,1.01,3.03
INV00510,2024-10-30 11:00:00,K0084,Casablanca,Apples,Produce,2,3.05,6.1
INV00510,2024-10-30 11:00:00,K0084,Casablanca,Chicken,Meat,2,8.1,16.2
INV00510,2024-10-30 11:00:00,K0084,Casablanca,Pasta,Grocery,2,1.7,3.4
INV00511,2024-03-01 21:00:00,K0125,Riyadh,Bread,Bakery,3,1.22,3.66
INV00511,2024-03-01 21:00:00,K0125,Riyadh,Butter,Dairy,2,2.58,5.16
INV00511,2024-03-01 21:00:00,K0125,Riyadh,Diapers,Baby,2,11.91,23.82
INV00511,2024-03-01 21:00:00,K0125,Riyadh,Sugar,Grocery,3,1.57,4.71
INV00511,2024-03-01 21:00:00,K0125,Riyadh,Tea,Beverages,2,3.74,7.48
INV00511,2024-03-01 21:00:00,K0125,Riyadh,Water,Beverages,2,0.81,1.62
INV00512,2024-02-27 15:00:00,K0013,Riyadh,Butter,Dairy,1,2.52,2.52
INV00512,2024-02-27 15:00:00,K0013,Riyadh,Chicken,Meat,1,8.57,8.57
INV00512,2024-02-27 15:00:00,K0013,Riyadh,Rice,Grocery,1,2.41,2.41
INV00512,2024-02-27 15:00:00,K0013,Riyadh,Water,Beverages,3,0.73,2.19
INV00513,2024-06-04 21:00:00,K0312,Casablanca,Milk,Dairy,2,1.1,2.2
INV00513,2024-06-04 21:00:00,K0312,Casablanca,Sugar,Grocery,2,1.59,3.18
INV00513,2024-06-04 21:00:00,K0312,Casablanca,Yogurt,Dairy,2,1.77,3.54
INV00514,2024-09-09 15:00:00,K0225,Casablanca,Bread,Bakery,2,1.08,2.16
INV00515,2024-12-14 13:00:00,K0064,Casablanca,Dates,Produce,1,4.86,4.86
INV00516,2024-04-20 20:00:00,K0306,Casablanca,Bread,Bakery,1,1.09,1.09
INV00516,2024-04-20 20:00:00,K0306,Casablanca,Olive Oil,Grocery,1,7.44,7.44
INV00516,2024-04-20 20:00:00,K0306,Casablanca,Yogurt,Dairy,2,1.87,3.74
INV00517,2024-06-25 13:00:00,K0379,Cairo,Cheese,Dairy,3,3.65,10.95
INV00517,2024-06-25 13:00:00,K0379,Cairo,Chicken,Meat,2,8.39,16.78
INV00517,2024-06-25 13:00:00,K0379,Cairo,Coffee,Beverages,2,5.58,11.16
INV00518,2024-07-04 11:00:00,K0322,Casablanca,Apples,Produce,2,2.97,5.94
INV00518,2024-07-04 11:00:00,K0322,Casablanca,Chicken,Meat,1,8.68,8.68
INV00518,2024-07-04 11:00:00,K0322,Casablanca,Dates,Produce,2,4.57,9.14
INV00518,2024-07-04 11:00:00,K0322,Casablanca,Rice,Grocery,3,2.54,7.62
INV00519,2024-06-15 20:00:00,K0350,Riyadh,Baby Wipes,Baby,2,4.31,8.62
INV00519,2024-06-15 20:00:00,K0350,Riyadh,Bread,Bakery,1,1.12,1.12
INV00519,2024-06-15 20:00:00,K0350,Riyadh,Butter,Dairy,2,2.66,5.32
INV00519,2024-06-15 20:00:00,K0350,Riyadh,Diapers,Baby,3,11.24,33.72
INV00519,2024-06-15 20:00:00,K0350,Riyadh,Milk,Dairy,1,1.07,1.07
INV00519,2024-06-15 20:00:00,K0350,Riyadh,Yogurt,Dairy,1,1.75,1.75
INV00520,2024-01-30 12:00:00,K0065,Cairo,Baby Wipes,Baby,3,4.25,12.75
INV00520,2024-01-30 12:00:00,K0065,Cairo,Butter,Dairy,2,2.63,5.26
INV00520,2024-01-30 12:00:00,K0065,Cairo,Chicken,Meat,2,8.31,16.62
INV00520,2024-01-30 12:00:00,K0065,Cairo,Water,Beverages,1,0.75,0.75
INV00521,2024-03-31 14:00:00,K0052,Casablanca,Baby Wipes,Baby,3,4.52,13.56
INV00521,2024-03-31 14:00:00,K0052,Casablanca,Cheese,Dairy,3,3.78,11.34
INV00521,2024-03-31 14:00:00,K0052,Casablanca,Diapers,Baby,3,12.71,38.13
INV00522,2024-07-27 20:00:00,K0020,Cairo,Bread,Bakery,3,1.12,3.36
INV00522,2024-07-27 20:00:00,K0020,Cairo,Butter,Dairy,2,2.5,5.0
INV00522,2024-07-27 20:00:00,K0020,Cairo,Dates,Produce,3,5.14,15.42
INV00522,2024-07-27 20:00:00,K0020,Cairo,Milk,Dairy,2,1.02,2.04
INV00522,2024-07-27 20:00:00,K0020,Cairo,Rice,Grocery,1,2.63,2.63
INV00522,2024-07-27 20:00:00,K0020,Cairo,Tea,Beverages,1,3.6,3.6
INV00522,2024-07-27 20:00:00,K0020,Cairo,Water,Beverages,3,0.73,2.19
INV00523,2024-03-17 18:00:00,K0280,Riyadh,Apples,Produce,2,2.67,5.34
INV00523,2024-03-17 18:00:00,K0280,Riyadh,Cheese,Dairy,2,4.33,8.66
INV00523,2024-03-17 18:00:00,K0280,Riyadh,Yogurt,Dairy,2,1.95,3.9
INV00524,2024-05-20 13:00:00,K0285,Casablanca,Bread,Bakery,3,1.15,3.45
INV00524,2024-05-20 13:00:00,K0285,Casablanca,Butter,Dairy,3,2.61,7.83
INV00524,2024-05-20 13:00:00,K0285,Casablanca,Coffee,Beverages,1,6.07,6.07
INV00524,2024-05-20 13:00:00,K0285,Casablanca,Olive Oil,Grocery,2,7.45,14.9
INV00524,2024-05-20 13:00:00,K0285,Casablanca,Tomato Sauce,Grocery,1,2.27,2.27
INV00524,2024-05-20 13:00:00,K0285,Casablanca,Yogurt,Dairy,2,1.95,3.9
INV00525,2024-03-21 19:00:00,K0391,Cairo,Coffee,Beverages,1,5.79,5.79
INV00525,2024-03-21 19:00:00,K0391,Cairo,Dates,Produce,3,4.78,14.34
INV00525,2024-03-21 19:00:00,K0391,Cairo,Sugar,Grocery,2,1.49,2.98
INV00525,2024-03-21 19:00:00,K0391,Cairo,Water,Beverages,3,0.75,2.25
INV00525,2024-03-21 19:00:00,K0391,Cairo,Yogurt,Dairy,3,1.88,5.64
INV00526,2024-11-21 16:00:00,K0120,Casablanca,Bread,Bakery,2,1.11,2.22
INV00526,2024-11-21 16:00:00,K0120,Casablanca,Cheese,Dairy,1,3.89,3.89
INV00526,2024-11-21 16:00:00,K0120,Casablanca,Coffee,Beverages,1,6.55,6.55
INV00526,2024-11-21 16:00:00,K0120,Casablanca,Sugar,Grocery,3,1.38,4.14
INV00526,2024-11-21 16:00:00,K0120,Casablanca,Tea,Beverages,3,3.62,10.86
INV00526,2024-11-21 16:00:00,K0120,Casablanca,Water,Beverages,2,0.87,1.74
INV00527,2024-07-15 20:00:00,K0039,Amman,Pasta,Grocery,1,1.84,1.84
INV00527,2024-07-15 20:00:00,K0039,Amman,Rice,Grocery,2,2.43,4.86
INV00527,2024-07-15 20:00:00,K0039,Amman,Tea,Beverages,2,3.79,7.58
INV00528,2024-11-30 08:00:00,K0306,Casablanca,Apples,Produce,1,2.89,2.89
INV00528,2024-11-30 08:00:00,K0306,Casablanca,Olive Oil,Grocery,3,6.89,20.67
INV00529,2024-02-10 11:00:00,K0174,Casablanca,Dates,Produce,2,4.73,9.46
INV00529,2024-02-10 11:00:00,K0174,Casablanca,Tea,Beverages,1,3.64,3.64
INV00530,2024-01-19 11:00:00,K0297,Amman,Water,Beverages,1,0.81,0.81
INV00531,2024-11-01 10:00:00,K0269,Cairo,Apples,Produce,2,2.98,5.96
INV00531,2024-11-01 10:00:00,K0269,Cairo,Tea,Beverages,3,3.36,10.08
INV00532,2024-12-13 18:00:00,K0116,Cairo,Bread,Bakery,2,1.22,2.44
INV00532,2024-12-13 18:00:00,K0116,Cairo,Butter,Dairy,3,2.26,6.78
INV00532,2024-12-13 18:00:00,K0116,Cairo,Milk,Dairy,3,1.04,3.12
INV00532,2024-12-13 18:00:00,K0116,Cairo,Rice,Grocery,2,2.54,5.08
INV00533,2024-02-16 13:00:00,K0067,Riyadh,Bread,Bakery,2,1.23,2.46
INV00533,2024-02-16 13:00:00,K0067,Riyadh,Butter,Dairy,1,2.52,2.52
INV00533,2024-02-16 13:00:00,K0067,Riyadh,Sugar,Grocery,3,1.55,4.65
INV00534,2024-01-25 11:00:00,K0375,Casablanca,Baby Wipes,Baby,3,4.87,14.61
INV00534,2024-01-25 11:00:00,K0375,Casablanca,Bread,Bakery,3,1.22,3.66
INV00534,2024-01-25 11:00:00,K0375,Casablanca,Butter,Dairy,3,2.68,8.04
INV00534,2024-01-25 11:00:00,K0375,Casablanca,Cheese,Dairy,3,3.67,11.01
INV00534,2024-01-25 11:00:00,K0375,Casablanca,Diapers,Baby,3,11.54,34.62
INV00534,2024-01-25 11:00:00,K0375,Casablanca,Olive Oil,Grocery,3,6.9,20.7
INV00535,2024-04-16 20:00:00,K0341,Cairo,Baby Wipes,Baby,1,4.35,4.35
INV00535,2024-04-16 20:00:00,K0341,Cairo,Chicken,Meat,2,8.72,17.44
INV00535,2024-04-16 20:00:00,K0341,Cairo,Coffee,Beverages,3,6.18,18.54
INV00535,2024-04-16 20:00:00,K0341,Cairo,Tea,Beverages,1,3.73,3.73
INV00535,2024-04-16 20:00:00,K0341,Cairo,Water,Beverages,1,0.8,0.8
INV00536,2024-11-26 11:00:00,K0135,Casablanca,Bread,Bakery,2,1.13,2.26
INV00536,2024-11-26 11:00:00,K0135,Casablanca,Butter,Dairy,2,2.41,4.82
INV00536,2024-11-26 11:00:00,K0135,Casablanca,Chicken,Meat,1,8.16,8.16
INV00536,2024-11-26 11:00:00,K0135,Casablanca,Dates,Produce,2,5.17,10.34
INV00536,2024-11-26 11:00:00,K0135,Casablanca,Yogurt,Dairy,3,1.82,5.46
INV00537,2024-02-02 19:00:00,K0301,Amman,Bread,Bakery,1,1.14,1.14
INV00537,2024-02-02 19:00:00,K0301,Amman,Rice,Grocery,1,2.4,2.4
INV00537,2024-02-02 19:00:00,K0301,Amman,Water,Beverages,3,0.72,2.16
INV00538,2024-07-29 11:00:00,K0281,Casablanca,Milk,Dairy,1,1.16,1.16
INV00539,2024-06-01 15:00:00,K0121,Casablanca,Baby Wipes,Baby,2,4.27,8.54
INV00539,2024-06-01 15:00:00,K0121,Casablanca,Cheese,Dairy,3,4.14,12.42
INV00539,2024-06-01 15:00:00,K0121,Casablanca,Dates,Produce,3,5.41,16.23
INV00539,2024-06-01 15:00:00,K0121,Casablanca,Diapers,Baby,2,12.57,25.14
INV00539,2024-06-01 15:00:00,K0121,Casablanca,Olive Oil,Grocery,3,7.53,22.59
INV00539,2024-06-01 15:00:00,K0121,Casablanca,Tea,Beverages,3,3.78,11.34
INV00540,2024-01-13 09:00:00,K0070,Cairo,Bread,Bakery,3,1.15,3.45
INV00540,2024-01-13 09:00:00,K0070,Cairo,Butter,Dairy,2,2.29,4.58
INV00541,2024-11-22 08:00:00,K0293,Cairo,Bread,Bakery,2,1.28,2.56
INV00541,2024-11-22 08:00:00,K0293,Cairo,Coffee,Beverages,2,6.17,12.34
INV00541,2024-11-22 08:00:00,K0293,Cairo,Milk,Dairy,3,1.14,3.42
INV00542,2024-06-02 12:00:00,K0298,Cairo,Baby Wipes,Baby,2,4.66,9.32
INV00542,2024-06-02 12:00:00,K0298,Cairo,Bread,Bakery,1,1.09,1.09
INV00542,2024-06-02 12:00:00,K0298,Cairo,Coffee,Beverages,3,6.23,18.69
INV00543,2024-07-01 09:00:00,K0181,Amman,Bread,Bakery,2,1.26,2.52
INV00543,2024-07-01 09:00:00,K0181,Amman,Butter,Dairy,1,2.42,2.42
INV00543,2024-07-01 09:00:00,K0181,Amman,Coffee,Beverages,3,6.58,19.74
INV00543,2024-07-01 09:00:00,K0181,Amman,Milk,Dairy,1,1.15,1.15
INV00543,2024-07-01 09:00:00,K0181,Amman,Sugar,Grocery,1,1.41,1.41
INV00544,2024-06-23 12:00:00,K0354,Casablanca,Baby Wipes,Baby,3,4.28,12.84
INV00544,2024-06-23 12:00:00,K0354,Casablanca,Diapers,Baby,1,12.13,12.13
INV00545,2024-03-28 13:00:00,K0383,Cairo,Dates,Produce,2,4.72,9.44
INV00545,2024-03-28 13:00:00,K0383,Cairo,Olive Oil,Grocery,1,6.76,6.76
INV00545,2024-03-28 13:00:00,K0383,Cairo,Rice,Grocery,3,2.3,6.9
INV00545,2024-03-28 13:00:00,K0383,Cairo,Tea,Beverages,1,3.52,3.52
INV00546,2024-08-10 13:00:00,K0196,Casablanca,Milk,Dairy,2,1.01,2.02
INV00546,2024-08-10 13:00:00,K0196,Casablanca,Pasta,Grocery,2,1.96,3.92
INV00546,2024-08-10 13:00:00,K0196,Casablanca,Tomato Sauce,Grocery,1,2.37,2.37
INV00546,2024-08-10 13:00:00,K0196,Casablanca,Yogurt,Dairy,3,1.89,5.67
INV00547,2024-05-27 13:00:00,K0023,Cairo,Milk,Dairy,1,1.18,1.18
INV00547,2024-05-27 13:00:00,K0023,Cairo,Rice,Grocery,3,2.26,6.78
INV00547,2024-05-27 13:00:00,K0023,Cairo,Tea,Beverages,2,3.52,7.04
INV00548,2024-11-24 14:00:00,K0162,Cairo,Apples,Produce,3,2.74,8.22
INV00548,2024-11-24 14:00:00,K0162,Cairo,Butter,Dairy,2,2.27,4.54
INV00548,2024-11-24 14:00:00,K0162,Cairo,Olive Oil,Grocery,1,6.81,6.81
INV00548,2024-11-24 14:00:00,K0162,Cairo,Water,Beverages,2,0.87,1.74
INV00549,2024-02-16 08:00:00,K0296,Amman,Baby Wipes,Baby,2,4.82,9.64
INV00549,2024-02-16 08:00:00,K0296,Amman,Bread,Bakery,3,1.16,3.48
INV00549,2024-02-16 08:00:00,K0296,Amman,Butter,Dairy,2,2.27,4.54
INV00549,2024-02-16 08:00:00,K0296,Amman,Diapers,Baby,1,11.82,11.82
INV00549,2024-02-16 08:00:00,K0296,Amman,Olive Oil,Grocery,1,7.87,7.87
INV00549,2024-02-16 08:00:00,K0296,Amman,Rice,Grocery,2,2.31,4.62
INV00549,2024-02-16 08:00:00,K0296,Amman,Yogurt,Dairy,3,1.76,5.28
INV00550,2024-11-26 10:00:00,K0318,Cairo,Olive Oil,Grocery,2,8.01,16.02
INV00551,2024-07-14 12:00:00,K0112,Amman,Coffee,Beverages,3,6.52,19.56
INV00551,2024-07-14 12:00:00,K0112,Amman,Milk,Dairy,3,1.07,3.21
INV00551,2024-07-14 12:00:00,K0112,Amman,Rice,Grocery,2,2.19,4.38
INV00551,2024-07-14 12:00:00,K0112,Amman,Sugar,Grocery,2,1.58,3.16
INV00551,2024-07-14 12:00:00,K0112,Amman,Water,Beverages,3,0.73,2.19
INV00552,2024-04-02 13:00:00,K0324,Casablanca,Bread,Bakery,3,1.23,3.69
INV00552,2024-04-02 13:00:00,K0324,Casablanca,Dates,Produce,1,5.02,5.02
INV00552,2024-04-02 13:00:00,K0324,Casablanca,Olive Oil,Grocery,2,7.57,15.14
INV00552,2024-04-02 13:00:00,K0324,Casablanca,Rice,Grocery,3,2.31,6.93
INV00552,2024-04-02 13:00:00,K0324,Casablanca,Water,Beverages,1,0.83,0.83
INV00553,2024-11-14 08:00:00,K0149,Casablanca,Diapers,Baby,2,11.5,23.0
INV00554,2024-01-04 09:00:00,K0235,Amman,Apples,Produce,2,3.0,6.0
INV00554,2024-01-04 09:00:00,K0235,Amman,Butter,Dairy,1,2.65,2.65
INV00554,2024-01-04 09:00:00,K0235,Amman,Dates,Produce,2,4.85,9.7
INV00554,2024-01-04 09:00:00,K0235,Amman,Milk,Dairy,2,1.17,2.34
INV00554,2024-01-04 09:00:00,K0235,Amman,Rice,Grocery,1,2.41,2.41
INV00555,2024-10-24 12:00:00,K0191,Riyadh,Bread,Bakery,2,1.28,2.56
INV00555,2024-10-24 12:00:00,K0191,Riyadh,Butter,Dairy,2,2.73,5.46
INV00556,2024-05-26 09:00:00,K0089,Cairo,Bread,Bakery,2,1.14,2.28
INV00556,2024-05-26 09:00:00,K0089,Cairo,Butter,Dairy,2,2.25,4.5
INV00556,2024-05-26 09:00:00,K0089,Cairo,Milk,Dairy,2,1.08,2.16
INV00556,2024-05-26 09:00:00,K0089,Cairo,Pasta,Grocery,3,1.73,5.19
INV00556,2024-05-26 09:00:00,K0089,Cairo,Rice,Grocery,1,2.42,2.42
INV00556,2024-05-26 09:00:00,K0089,Cairo,Tomato Sauce,Grocery,1,2.12,2.12
INV00556,2024-05-26 09:00:00,K0089,Cairo,Yogurt,Dairy,2,1.73,3.46
INV00557,2024-07-02 12:00:00,K0226,Casablanca,Milk,Dairy,1,1.09,1.09
INV00557,2024-07-02 12:00:00,K0226,Casablanca,Tea,Beverages,3,3.47,10.41
INV00558,2024-06-27 09:00:00,K0295,Cairo,Bread,Bakery,3,1.17,3.51
INV00559,2024-05-02 21:00:00,K0094,Casablanca,Baby Wipes,Baby,2,4.44,8.88
INV00559,2024-05-02 21:00:00,K0094,Casablanca,Coffee,Beverages,3,6.15,18.45
INV00559,2024-05-02 21:00:00,K0094,Casablanca,Diapers,Baby,1,10.88,10.88
INV00560,2024-10-31 08:00:00,K0261,Casablanca,Coffee,Beverages,3,5.5,16.5
INV00560,2024-10-31 08:00:00,K0261,Casablanca,Pasta,Grocery,2,1.66,3.32
INV00560,2024-10-31 08:00:00,K0261,Casablanca,Tea,Beverages,1,3.18,3.18
INV00561,2024-10-28 17:00:00,K0262,Casablanca,Water,Beverages,1,0.74,0.74
INV00562,2024-02-07 15:00:00,K0189,Amman,Baby Wipes,Baby,1,4.52,4.52
INV00562,2024-02-07 15:00:00,K0189,Amman,Coffee,Beverages,1,5.84,5.84
INV00562,2024-02-07 15:00:00,K0189,Amman,Pasta,Grocery,2,1.96,3.92
INV00562,2024-02-07 15:00:00,K0189,Amman,Sugar,Grocery,2,1.53,3.06
INV00562,2024-02-07 15:00:00,K0189,Amman,Tomato Sauce,Grocery,3,2.17,6.51
INV00562,2024-02-07 15:00:00,K0189,Amman,Water,Beverages,1,0.87,0.87
INV00563,2024-07-23 16:00:00,K0014,Cairo,Milk,Dairy,3,1.07,3.21
INV00563,2024-07-23 16:00:00,K0014,Cairo,Rice,Grocery,1,2.27,2.27
INV00564,2024-03-15 13:00:00,K0289,Casablanca,Bread,Bakery,2,1.28,2.56
INV00564,2024-03-15 13:00:00,K0289,Casablanca,Butter,Dairy,3,2.48,7.44
INV00564,2024-03-15 13:00:00,K0289,Casablanca,Cheese,Dairy,2,4.33,8.66
INV00564,2024-03-15 13:00:00,K0289,Casablanca,Dates,Produce,1,4.62,4.62
INV00564,2024-03-15 13:00:00,K0289,Casablanca,Milk,Dairy,2,1.18,2.36
INV00564,2024-03-15 13:00:00,K0289,Casablanca,Rice,Grocery,2,2.28,4.56
INV00564,2024-03-15 13:00:00,K0289,Casablanca,Tea,Beverages,3,3.67,11.01
INV00565,2024-03-27 13:00:00,K0346,Cairo,Milk,Dairy,3,1.03,3.09
INV00565,2024-03-27 13:00:00,K0346,Cairo,Yogurt,Dairy,3,1.73,5.19
INV00566,2024-11-03 15:00:00,K0114,Cairo,Bread,Bakery,3,1.22,3.66
INV00566,2024-11-03 15:00:00,K0114,Cairo,Butter,Dairy,2,2.48,4.96
INV00566,2024-11-03 15:00:00,K0114,Cairo,Water,Beverages,1,0.85,0.85
INV00566,2024-11-03 15:00:00,K0114,Cairo,Yogurt,Dairy,2,1.85,3.7
INV00567,2024-03-28 17:00:00,K0294,Cairo,Rice,Grocery,1,2.21,2.21
INV00568,2024-06-20 17:00:00,K0111,Casablanca,Bread,Bakery,2,1.18,2.36
INV00568,2024-06-20 17:00:00,K0111,Casablanca,Butter,Dairy,3,2.36,7.08
INV00568,2024-06-20 17:00:00,K0111,Casablanca,Olive Oil,Grocery,2,7.77,15.54
INV00569,2024-09-25 18:00:00,K0259,Amman,Apples,Produce,1,2.9,2.9
INV00570,2024-11-17 08:00:00,K0384,Cairo,Bread,Bakery,1,1.12,1.12
INV00570,2024-11-17 08:00:00,K0384,Cairo,Butter,Dairy,1,2.41,2.41
INV00570,2024-11-17 08:00:00,K0384,Cairo,Cheese,Dairy,3,4.32,12.96
INV00570,2024-11-17 08:00:00,K0384,Cairo,Milk,Dairy,1,1.17,1.17
INV00570,2024-11-17 08:00:00,K0384,Cairo,Water,Beverages,2,0.78,1.56
INV00571,2024-02-11 21:00:00,K0348,Amman,Chicken,Meat,2,7.89,15.78
INV00571,2024-02-11 21:00:00,K0348,Amman,Coffee,Beverages,3,5.89,17.67
INV00571,2024-02-11 21:00:00,K0348,Amman,Rice,Grocery,2,2.59,5.18
INV00572,2024-07-04 18:00:00,K0363,Casablanca,Bread,Bakery,1,1.18,1.18
INV00572,2024-07-04 18:00:00,K0363,Casablanca,Dates,Produce,3,4.88,14.64
INV00572,2024-07-04 18:00:00,K0363,Casablanca,Olive Oil,Grocery,3,8.11,24.33
INV00572,2024-07-04 18:00:00,K0363,Casablanca,Pasta,Grocery,1,1.85,1.85
INV00572,2024-07-04 18:00:00,K0363,Casablanca,Rice,Grocery,3,2.35,7.05
INV00572,2024-07-04 18:00:00,K0363,Casablanca,Tomato Sauce,Grocery,1,2.41,2.41
INV00573,2024-03-23 09:00:00,K0277,Cairo,Sugar,Grocery,3,1.57,4.71
INV00574,2024-02-22 12:00:00,K0387,Cairo,Apples,Produce,2,2.89,5.78
INV00574,2024-02-22 12:00:00,K0387,Cairo,Chicken,Meat,2,8.6,17.2
INV00574,2024-02-22 12:00:00,K0387,Cairo,Milk,Dairy,2,1.19,2.38
INV00574,2024-02-22 12:00:00,K0387,Cairo,Rice,Grocery,1,2.59,2.59
INV00575,2024-01-27 18:00:00,K0398,Casablanca,Bread,Bakery,3,1.26,3.78
INV00575,2024-01-27 18:00:00,K0398,Casablanca,Chicken,Meat,3,9.24,27.72
INV00575,2024-01-27 18:00:00,K0398,Casablanca,Rice,Grocery,3,2.38,7.14
INV00575,2024-01-27 18:00:00,K0398,Casablanca,Tea,Beverages,2,3.8,7.6
INV00575,2024-01-27 18:00:00,K0398,Casablanca,Water,Beverages,1,0.81,0.81
INV00576,2024-02-28 08:00:00,K0141,Riyadh,Coffee,Beverages,1,6.57,6.57
INV00576,2024-02-28 08:00:00,K0141,Riyadh,Dates,Produce,3,4.82,14.46
INV00576,2024-02-28 08:00:00,K0141,Riyadh,Olive Oil,Grocery,1,7.46,7.46
INV00576,2024-02-28 08:00:00,K0141,Riyadh,Sugar,Grocery,1,1.37,1.37
INV00576,2024-02-28 08:00:00,K0141,Riyadh,Tomato Sauce,Grocery,1,2.25,2.25
INV00576,2024-02-28 08:00:00,K0141,Riyadh,Water,Beverages,1,0.84,0.84
INV00577,2024-03-30 08:00:00,K0293,Cairo,Bread,Bakery,2,1.28,2.56
INV00578,2024-04-13 16:00:00,K0106,Casablanca,Butter,Dairy,2,2.63,5.26
INV00578,2024-04-13 16:00:00,K0106,Casablanca,Tea,Beverages,3,3.34,10.02
INV00579,2024-04-30 13:00:00,K0332,Cairo,Dates,Produce,2,4.93,9.86
INV00579,2024-04-30 13:00:00,K0332,Cairo,Tea,Beverages,3,3.54,10.62
INV00579,2024-04-30 13:00:00,K0332,Cairo,Water,Beverages,3,0.87,2.61
INV00580,2024-05-14 14:00:00,K0033,Cairo,Milk,Dairy,3,1.19,3.57
INV00580,2024-05-14 14:00:00,K0033,Cairo,Pasta,Grocery,2,1.72,3.44
INV00580,2024-05-14 14:00:00,K0033,Cairo,Rice,Grocery,1,2.27,2.27
INV00580,2024-05-14 14:00:00,K0033,Cairo,Water,Beverages,3,0.76,2.28
INV00581,2024-10-16 15:00:00,K0344,Casablanca,Apples,Produce,1,3.04,3.04
INV00581,2024-10-16 15:00:00,K0344,Casablanca,Baby Wipes,Baby,3,4.83,14.49
INV00581,2024-10-16 15:00:00,K0344,Casablanca,Dates,Produce,2,4.53,9.06
INV00581,2024-10-16 15:00:00,K0344,Casablanca,Diapers,Baby,1,11.7,11.7
INV00581,2024-10-16 15:00:00,K0344,Casablanca,Yogurt,Dairy,1,2.09,2.09
INV00582,2024-07-09 12:00:00,K0335,Amman,Bread,Bakery,2,1.14,2.28
INV00582,2024-07-09 12:00:00,K0335,Amman,Butter,Dairy,1,2.53,2.53
INV00582,2024-07-09 12:00:00,K0335,Amman,Chicken,Meat,2,7.78,15.56
INV00582,2024-07-09 12:00:00,K0335,Amman,Rice,Grocery,2,2.43,4.86
INV00582,2024-07-09 12:00:00,K0335,Amman,Yogurt,Dairy,3,1.98,5.94
INV00583,2024-08-25 18:00:00,K0347,Cairo,Chicken,Meat,2,9.29,18.58
INV00584,2024-01-13 21:00:00,K0395,Riyadh,Baby Wipes,Baby,3,4.06,12.18
INV00584,2024-01-13 21:00:00,K0395,Riyadh,Bread,Bakery,1,1.32,1.32
INV00584,2024-01-13 21:00:00,K0395,Riyadh,Coffee,Beverages,1,5.47,5.47
INV00584,2024-01-13 21:00:00,K0395,Riyadh,Diapers,Baby,3,11.67,35.01
INV00584,2024-01-13 21:00:00,K0395,Riyadh,Rice,Grocery,2,2.5,5.0
INV00585,2024-01-05 18:00:00,K0256,Riyadh,Sugar,Grocery,1,1.52,1.52
INV00586,2024-03-27 18:00:00,K0005,Casablanca,Cheese,Dairy,2,4.28,8.56
INV00586,2024-03-27 18:00:00,K0005,Casablanca,Olive Oil,Grocery,3,7.96,23.88
INV00586,2024-03-27 18:00:00,K0005,Casablanca,Sugar,Grocery,1,1.4,1.4
INV00586,2024-03-27 18:00:00,K0005,Casablanca,Yogurt,Dairy,2,1.74,3.48
INV00587,2024-04-01 16:00:00,K0074,Casablanca,Bread,Bakery,2,1.25,2.5
INV00587,2024-04-01 16:00:00,K0074,Casablanca,Milk,Dairy,2,1.03,2.06
INV00587,2024-04-01 16:00:00,K0074,Casablanca,Sugar,Grocery,1,1.46,1.46
INV00587,2024-04-01 16:00:00,K0074,Casablanca,Yogurt,Dairy,3,1.97,5.91
INV00588,2024-06-22 20:00:00,K0039,Casablanca,Apples,Produce,3,2.64,7.92
INV00588,2024-06-22 20:00:00,K0039,Casablanca,Dates,Produce,1,4.67,4.67
INV00588,2024-06-22 20:00:00,K0039,Casablanca,Diapers,Baby,2,11.72,23.44
INV00588,2024-06-22 20:00:00,K0039,Casablanca,Olive Oil,Grocery,3,6.85,20.55
INV00588,2024-06-22 20:00:00,K0039,Casablanca,Sugar,Grocery,1,1.45,1.45
INV00589,2024-10-31 14:00:00,K0355,Riyadh,Chicken,Meat,3,8.63,25.89
INV00589,2024-10-31 14:00:00,K0355,Riyadh,Dates,Produce,3,5.03,15.09
INV00589,2024-10-31 14:00:00,K0355,Riyadh,Pasta,Grocery,2,1.86,3.72
INV00589,2024-10-31 14:00:00,K0355,Riyadh,Rice,Grocery,2,2.24,4.48
INV00589,2024-10-31 14:00:00,K0355,Riyadh,Tomato Sauce,Grocery,1,1.99,1.99
INV00590,2024-07-21 20:00:00,K0042,Cairo,Dates,Produce,2,4.68,9.36
INV00590,2024-07-21 20:00:00,K0042,Cairo,Tea,Beverages,1,3.17,3.17
INV00591,2024-06-27 13:00:00,K0214,Amman,Bread,Bakery,3,1.09,3.27
INV00591,2024-06-27 13:00:00,K0214,Amman,Pasta,Grocery,3,1.92,5.76
INV00591,2024-06-27 13:00:00,K0214,Amman,Rice,Grocery,3,2.53,7.59
INV00591,2024-06-27 13:00:00,K0214,Amman,Tomato Sauce,Grocery,3,2.19,6.57
INV00592,2024-12-25 18:00:00,K0078,Amman,Chicken,Meat,2,9.3,18.6
INV00592,2024-12-25 18:00:00,K0078,Amman,Rice,Grocery,1,2.55,2.55
INV00593,2024-07-03 11:00:00,K0247,Cairo,Chicken,Meat,2,7.89,15.78
INV00593,2024-07-03 11:00:00,K0247,Cairo,Rice,Grocery,1,2.63,2.63
INV00594,2024-03-03 08:00:00,K0391,Riyadh,Chicken,Meat,1,9.24,9.24
INV00594,2024-03-03 08:00:00,K0391,Riyadh,Rice,Grocery,2,2.61,5.22
INV00594,2024-03-03 08:00:00,K0391,Riyadh,Water,Beverages,3,0.83,2.49
INV00595,2024-02-26 08:00:00,K0083,Riyadh,Dates,Produce,3,5.4,16.2
INV00595,2024-02-26 08:00:00,K0083,Riyadh,Milk,Dairy,2,1.06,2.12
INV00595,2024-02-26 08:00:00,K0083,Riyadh,Olive Oil,Grocery,3,7.55,22.65
INV00595,2024-02-26 08:00:00,K0083,Riyadh,Tea,Beverages,3,3.24,9.72
INV00595,2024-02-26 08:00:00,K0083,Riyadh,Water,Beverages,3,0.82,2.46
INV00595,2024-02-26 08:00:00,K0083,Riyadh,Yogurt,Dairy,2,1.77,3.54
INV00596,2024-02-14 20:00:00,K0256,Cairo,Cheese,Dairy,1,3.79,3.79
INV00596,2024-02-14 20:00:00,K0256,Cairo,Chicken,Meat,2,8.83,17.66
INV00596,2024-02-14 20:00:00,K0256,Cairo,Milk,Dairy,2,1.12,2.24
INV00596,2024-02-14 20:00:00,K0256,Cairo,Yogurt,Dairy,2,2.02,4.04
INV00597,2024-06-26 15:00:00,K0040,Casablanca,Butter,Dairy,2,2.58,5.16
INV00597,2024-06-26 15:00:00,K0040,Casablanca,Chicken,Meat,2,9.04,18.08
INV00597,2024-06-26 15:00:00,K0040,Casablanca,Milk,Dairy,3,1.15,3.45
INV00597,2024-06-26 15:00:00,K0040,Casablanca,Pasta,Grocery,1,1.84,1.84
INV00597,2024-06-26 15:00:00,K0040,Casablanca,Sugar,Grocery,3,1.63,4.89
INV00597,2024-06-26 15:00:00,K0040,Casablanca,Tomato Sauce,Grocery,1,2.19,2.19
INV00598,2024-02-17 14:00:00,K0337,Casablanca,Bread,Bakery,3,1.12,3.36
INV00598,2024-02-17 14:00:00,K0337,Casablanca,Butter,Dairy,3,2.55,7.65
INV00598,2024-02-17 14:00:00,K0337,Casablanca,Chicken,Meat,2,8.16,16.32
INV00598,2024-02-17 14:00:00,K0337,Casablanca,Rice,Grocery,2,2.27,4.54
INV00598,2024-02-17 14:00:00,K0337,Casablanca,Water,Beverages,2,0.86,1.72
INV00598,2024-02-17 14:00:00,K0337,Casablanca,Yogurt,Dairy,2,2.04,4.08
INV00599,2024-10-14 10:00:00,K0350,Casablanca,Baby Wipes,Baby,2,4.48,8.96
INV00599,2024-10-14 10:00:00,K0350,Casablanca,Bread,Bakery,2,1.17,2.34
INV00599,2024-10-14 10:00:00,K0350,Casablanca,Butter,Dairy,1,2.34,2.34
INV00599,2024-10-14 10:00:00,K0350,Casablanca,Milk,Dairy,3,1.16,3.48
INV00599,2024-10-14 10:00:00,K0350,Casablanca,Water,Beverages,1,0.84,0.84
INV00599,2024-10-14 10:00:00,K0350,Casablanca,Yogurt,Dairy,3,2.09,6.27
INV00600,2024-09-15 14:00:00,K0247,Amman,Olive Oil,Grocery,1,7.69,7.69
INV00601,2024-02-16 16:00:00,K0106,Cairo,Dates,Produce,2,4.65,9.3
INV00601,2024-02-16 16:00:00,K0106,Cairo,Milk,Dairy,2,1.1,2.2
INV00601,2024-02-16 16:00:00,K0106,Cairo,Rice,Grocery,3,2.32,6.96
INV00601,2024-02-16 16:00:00,K0106,Cairo,Tea,Beverages,2,3.8,7.6
INV00601,2024-02-16 16:00:00,K0106,Cairo,Water,Beverages,1,0.84,0.84
INV00602,2024-07-28 14:00:00,K0377,Riyadh,Apples,Produce,2,2.62,5.24
INV00602,2024-07-28 14:00:00,K0377,Riyadh,Tomato Sauce,Grocery,1,2.32,2.32
INV00603,2024-08-29 20:00:00,K0099,Amman,Chicken,Meat,2,7.85,15.7
INV00603,2024-08-29 20:00:00,K0099,Amman,Coffee,Beverages,3,6.3,18.9
INV00603,2024-08-29 20:00:00,K0099,Amman,Sugar,Grocery,3,1.56,4.68
INV00603,2024-08-29 20:00:00,K0099,Amman,Water,Beverages,2,0.76,1.52
INV00604,2024-09-19 14:00:00,K0009,Cairo,Chicken,Meat,2,8.07,16.14
INV00604,2024-09-19 14:00:00,K0009,Cairo,Milk,Dairy,1,1.19,1.19
INV00604,2024-09-19 14:00:00,K0009,Cairo,Tea,Beverages,2,3.59,7.18
INV00605,2024-04-14 19:00:00,K0092,Cairo,Bread,Bakery,2,1.15,2.3
INV00605,2024-04-14 19:00:00,K0092,Cairo,Butter,Dairy,2,2.37,4.74
INV00605,2024-04-14 19:00:00,K0092,Cairo,Diapers,Baby,3,10.99,32.97
INV00605,2024-04-14 19:00:00,K0092,Cairo,Rice,Grocery,2,2.59,5.18
INV00606,2024-02-24 08:00:00,K0220,Riyadh,Bread,Bakery,3,1.1,3.3
INV00606,2024-02-24 08:00:00,K0220,Riyadh,Butter,Dairy,3,2.69,8.07
INV00606,2024-02-24 08:00:00,K0220,Riyadh,Milk,Dairy,3,1.1,3.3
INV00606,2024-02-24 08:00:00,K0220,Riyadh,Pasta,Grocery,1,1.93,1.93
INV00607,2024-09-18 12:00:00,K0072,Casablanca,Bread,Bakery,3,1.14,3.42
INV00607,2024-09-18 12:00:00,K0072,Casablanca,Butter,Dairy,2,2.68,5.36
INV00608,2024-04-13 14:00:00,K0204,Casablanca,Olive Oil,Grocery,3,6.87,20.61
INV00608,2024-04-13 14:00:00,K0204,Casablanca,Pasta,Grocery,1,1.84,1.84
INV00608,2024-04-13 14:00:00,K0204,Casablanca,Tea,Beverages,1,3.65,3.65
INV00608,2024-04-13 14:00:00,K0204,Casablanca,Tomato Sauce,Grocery,3,2.39,7.17
INV00608,2024-04-13 14:00:00,K0204,Casablanca,Water,Beverages,2,0.75,1.5
INV00609,2024-06-08 14:00:00,K0295,Cairo,Coffee,Beverages,3,5.94,17.82
INV00609,2024-06-08 14:00:00,K0295,Cairo,Water,Beverages,2,0.81,1.62
INV00610,2024-11-28 11:00:00,K0225,Amman,Bread,Bakery,3,1.18,3.54
INV00610,2024-11-28 11:00:00,K0225,Amman,Cheese,Dairy,1,3.81,3.81
INV00610,2024-11-28 11:00:00,K0225,Amman,Milk,Dairy,1,1.06,1.06
INV00610,2024-11-28 11:00:00,K0225,Amman,Yogurt,Dairy,3,2.05,6.15
INV00611,2024-10-02 13:00:00,K0066,Casablanca,Butter,Dairy,3,2.6,7.8
INV00611,2024-10-02 13:00:00,K0066,Casablanca,Chicken,Meat,2,8.72,17.44
INV00611,2024-10-02 13:00:00,K0066,Casablanca,Rice,Grocery,1,2.41,2.41
INV00612,2024-07-29 19:00:00,K0002,Cairo,Rice,Grocery,1,2.45,2.45
INV00613,2024-08-29 08:00:00,K0369,Cairo,Bread,Bakery,2,1.22,2.44
INV00613,2024-08-29 08:00:00,K0369,Cairo,Butter,Dairy,3,2.73,8.19
INV00613,2024-08-29 08:00:00,K0369,Cairo,Milk,Dairy,2,1.14,2.28
INV00613,2024-08-29 08:00:00,K0369,Cairo,Pasta,Grocery,1,1.97,1.97
INV00613,2024-08-29 08:00:00,K0369,Cairo,Rice,Grocery,2,2.38,4.76
INV00613,2024-08-29 08:00:00,K0369,Cairo,Tomato Sauce,Grocery,1,2.28,2.28
INV00613,2024-08-29 08:00:00,K0369,Cairo,Yogurt,Dairy,1,1.9,1.9
INV00614,2024-03-15 10:00:00,K0129,Cairo,Tea,Beverages,1,3.27,3.27
INV00615,2024-07-27 09:00:00,K0392,Cairo,Butter,Dairy,1,2.67,2.67
INV00615,2024-07-27 09:00:00,K0392,Cairo,Yogurt,Dairy,1,2.08,2.08
INV00616,2024-05-03 10:00:00,K0225,Cairo,Bread,Bakery,2,1.23,2.46
INV00616,2024-05-03 10:00:00,K0225,Cairo,Olive Oil,Grocery,1,7.17,7.17
INV00616,2024-05-03 10:00:00,K0225,Cairo,Yogurt,Dairy,2,1.99,3.98
INV00617,2024-04-19 16:00:00,K0181,Cairo,Bread,Bakery,1,1.16,1.16
INV00617,2024-04-19 16:00:00,K0181,Cairo,Butter,Dairy,3,2.45,7.35
INV00617,2024-04-19 16:00:00,K0181,Cairo,Chicken,Meat,1,9.13,9.13
INV00617,2024-04-19 16:00:00,K0181,Cairo,Dates,Produce,3,5.13,15.39
INV00617,2024-04-19 16:00:00,K0181,Cairo,Milk,Dairy,3,1.02,3.06
INV00617,2024-04-19 16:00:00,K0181,Cairo,Rice,Grocery,2,2.56,5.12
INV00617,2024-04-19 16:00:00,K0181,Cairo,Water,Beverages,2,0.88,1.76
INV00618,2024-08-25 19:00:00,K0315,Riyadh,Cheese,Dairy,2,3.87,7.74
INV00618,2024-08-25 19:00:00,K0315,Riyadh,Coffee,Beverages,2,6.42,12.84
INV00618,2024-08-25 19:00:00,K0315,Riyadh,Milk,Dairy,2,1.19,2.38
INV00619,2024-07-13 19:00:00,K0104,Amman,Apples,Produce,1,2.72,2.72
INV00619,2024-07-13 19:00:00,K0104,Amman,Butter,Dairy,2,2.41,4.82
INV00619,2024-07-13 19:00:00,K0104,Amman,Milk,Dairy,1,1.06,1.06
INV00619,2024-07-13 19:00:00,K0104,Amman,Water,Beverages,1,0.78,0.78
INV00620,2024-08-11 16:00:00,K0325,Casablanca,Coffee,Beverages,2,6.04,12.08
INV00621,2024-02-15 13:00:00,K0123,Casablanca,Bread,Bakery,2,1.19,2.38
INV00621,2024-02-15 13:00:00,K0123,Casablanca,Dates,Produce,3,4.63,13.89
INV00621,2024-02-15 13:00:00,K0123,Casablanca,Olive Oil,Grocery,3,7.81,23.43
INV00621,2024-02-15 13:00:00,K0123,Casablanca,Rice,Grocery,3,2.53,7.59
INV00621,2024-02-15 13:00:00,K0123,Casablanca,Tea,Beverages,3,3.78,11.34
INV00622,2024-09-15 17:00:00,K0068,Cairo,Butter,Dairy,1,2.36,2.36
INV00622,2024-09-15 17:00:00,K0068,Cairo,Cheese,Dairy,2,4.07,8.14
INV00622,2024-09-15 17:00:00,K0068,Cairo,Coffee,Beverages,1,6.37,6.37
INV00622,2024-09-15 17:00:00,K0068,Cairo,Sugar,Grocery,3,1.53,4.59
INV00623,2024-02-02 20:00:00,K0166,Cairo,Water,Beverages,1,0.86,0.86
INV00624,2024-03-04 13:00:00,K0147,Casablanca,Bread,Bakery,2,1.1,2.2
INV00624,2024-03-04 13:00:00,K0147,Casablanca,Butter,Dairy,2,2.41,4.82
INV00625,2024-05-18 18:00:00,K0394,Riyadh,Chicken,Meat,2,9.16,18.32
INV00625,2024-05-18 18:00:00,K0394,Riyadh,Rice,Grocery,3,2.4,7.2
INV00626,2024-03-09 11:00:00,K0151,Riyadh,Apples,Produce,1,2.67,2.67
INV00626,2024-03-09 11:00:00,K0151,Riyadh,Tea,Beverages,2,3.67,7.34
INV00626,2024-03-09 11:00:00,K0151,Riyadh,Water,Beverages,1,0.84,0.84
INV00627,2024-12-23 09:00:00,K0130,Casablanca,Cheese,Dairy,2,3.97,7.94
INV00627,2024-12-23 09:00:00,K0130,Casablanca,Coffee,Beverages,3,5.4,16.2
INV00627,2024-12-23 09:00:00,K0130,Casablanca,Milk,Dairy,1,1.19,1.19
INV00627,2024-12-23 09:00:00,K0130,Casablanca,Sugar,Grocery,3,1.47,4.41
INV00627,2024-12-23 09:00:00,K0130,Casablanca,Tea,Beverages,2,3.65,7.3
INV00628,2024-11-22 19:00:00,K0308,Casablanca,Bread,Bakery,2,1.23,2.46
INV00628,2024-11-22 19:00:00,K0308,Casablanca,Olive Oil,Grocery,1,7.98,7.98
INV00628,2024-11-22 19:00:00,K0308,Casablanca,Tea,Beverages,1,3.65,3.65
INV00628,2024-11-22 19:00:00,K0308,Casablanca,Water,Beverages,1,0.85,0.85
INV00629,2024-05-27 10:00:00,K0159,Casablanca,Apples,Produce,2,2.84,5.68
INV00629,2024-05-27 10:00:00,K0159,Casablanca,Chicken,Meat,1,7.72,7.72
INV00629,2024-05-27 10:00:00,K0159,Casablanca,Coffee,Beverages,3,5.53,16.59
INV00629,2024-05-27 10:00:00,K0159,Casablanca,Rice,Grocery,1,2.25,2.25
INV00629,2024-05-27 10:00:00,K0159,Casablanca,Water,Beverages,1,0.76,0.76
INV00630,2024-10-06 19:00:00,K0048,Casablanca,Olive Oil,Grocery,3,6.76,20.28
INV00630,2024-10-06 19:00:00,K0048,Casablanca,Pasta,Grocery,3,1.68,5.04
INV00630,2024-10-06 19:00:00,K0048,Casablanca,Tomato Sauce,Grocery,1,2.35,2.35
INV00631,2024-05-16 10:00:00,K0348,Cairo,Milk,Dairy,3,1.19,3.57
INV00632,2024-09-16 08:00:00,K0356,Amman,Baby Wipes,Baby,3,4.05,12.15
INV00632,2024-09-16 08:00:00,K0356,Amman,Diapers,Baby,3,12.48,37.44
INV00633,2024-10-08 14:00:00,K0228,Amman,Milk,Dairy,1,1.14,1.14
INV00633,2024-10-08 14:00:00,K0228,Amman,Water,Beverages,1,0.72,0.72
INV00634,2024-12-14 09:00:00,K0301,Cairo,Apples,Produce,2,2.85,5.7
INV00634,2024-12-14 09:00:00,K0301,Cairo,Coffee,Beverages,3,5.48,16.44
INV00634,2024-12-14 09:00:00,K0301,Cairo,Tomato Sauce,Grocery,2,2.12,4.24
INV00635,2024-08-26 20:00:00,K0284,Cairo,Olive Oil,Grocery,2,7.55,15.1
INV00635,2024-08-26 20:00:00,K0284,Cairo,Pasta,Grocery,2,1.9,3.8
INV00635,2024-08-26 20:00:00,K0284,Cairo,Rice,Grocery,1,2.45,2.45
INV00636,2024-12-10 16:00:00,K0113,Cairo,Bread,Bakery,1,1.25,1.25
INV00636,2024-12-10 16:00:00,K0113,Cairo,Butter,Dairy,3,2.59,7.77
INV00636,2024-12-10 16:00:00,K0113,Cairo,Water,Beverages,1,0.81,0.81
INV00637,2024-08-04 21:00:00,K0117,Casablanca,Apples,Produce,1,2.62,2.62
INV00637,2024-08-04 21:00:00,K0117,Casablanca,Dates,Produce,1,5.14,5.14
INV00637,2024-08-04 21:00:00,K0117,Casablanca,Tea,Beverages,2,3.55,7.1
INV00638,2024-04-08 10:00:00,K0035,Amman,Cheese,Dairy,2,3.99,7.98
INV00638,2024-04-08 10:00:00,K0035,Amman,Coffee,Beverages,2,5.77,11.54
INV00638,2024-04-08 10:00:00,K0035,Amman,Sugar,Grocery,2,1.57,3.14
INV00639,2024-08-07 14:00:00,K0047,Riyadh,Bread,Bakery,1,1.17,1.17
INV00639,2024-08-07 14:00:00,K0047,Riyadh,Butter,Dairy,3,2.34,7.02
INV00639,2024-08-07 14:00:00,K0047,Riyadh,Chicken,Meat,2,7.78,15.56
INV00639,2024-08-07 14:00:00,K0047,Riyadh,Olive Oil,Grocery,2,7.18,14.36
INV00639,2024-08-07 14:00:00,K0047,Riyadh,Tomato Sauce,Grocery,2,2.36,4.72
INV00639,2024-08-07 14:00:00,K0047,Riyadh,Water,Beverages,1,0.79,0.79
INV00640,2024-02-23 13:00:00,K0076,Casablanca,Baby Wipes,Baby,1,4.89,4.89
INV00640,2024-02-23 13:00:00,K0076,Casablanca,Cheese,Dairy,3,4.06,12.18
INV00640,2024-02-23 13:00:00,K0076,Casablanca,Diapers,Baby,3,13.06,39.18
INV00640,2024-02-23 13:00:00,K0076,Casablanca,Milk,Dairy,2,1.1,2.2
INV00640,2024-02-23 13:00:00,K0076,Casablanca,Water,Beverages,1,0.88,0.88
INV00640,2024-02-23 13:00:00,K0076,Casablanca,Yogurt,Dairy,3,2.08,6.24
INV00641,2024-10-09 21:00:00,K0042,Cairo,Bread,Bakery,2,1.15,2.3
INV00641,2024-10-09 21:00:00,K0042,Cairo,Butter,Dairy,2,2.6,5.2
INV00641,2024-10-09 21:00:00,K0042,Cairo,Tea,Beverages,2,3.42,6.84
INV00642,2024-10-30 18:00:00,K0343,Cairo,Milk,Dairy,1,1.19,1.19
INV00643,2024-05-22 18:00:00,K0221,Casablanca,Water,Beverages,3,0.87,2.61
INV00644,2024-04-12 15:00:00,K0314,Riyadh,Apples,Produce,3,2.98,8.94
INV00644,2024-04-12 15:00:00,K0314,Riyadh,Butter,Dairy,3,2.39,7.17
INV00644,2024-04-12 15:00:00,K0314,Riyadh,Dates,Produce,3,5.33,15.99
INV00644,2024-04-12 15:00:00,K0314,Riyadh,Rice,Grocery,1,2.57,2.57
INV00644,2024-04-12 15:00:00,K0314,Riyadh,Tea,Beverages,3,3.53,10.59
INV00645,2024-02-06 09:00:00,K0228,Cairo,Dates,Produce,2,5.27,10.54
INV00645,2024-02-06 09:00:00,K0228,Cairo,Olive Oil,Grocery,2,7.35,14.7
INV00645,2024-02-06 09:00:00,K0228,Cairo,Tea,Beverages,1,3.43,3.43
INV00646,2024-03-09 12:00:00,K0327,Casablanca,Baby Wipes,Baby,1,4.47,4.47
INV00646,2024-03-09 12:00:00,K0327,Casablanca,Bread,Bakery,3,1.29,3.87
INV00646,2024-03-09 12:00:00,K0327,Casablanca,Butter,Dairy,1,2.26,2.26
INV00646,2024-03-09 12:00:00,K0327,Casablanca,Cheese,Dairy,1,4.33,4.33
INV00646,2024-03-09 12:00:00,K0327,Casablanca,Dates,Produce,3,5.41,16.23
INV00647,2024-06-25 21:00:00,K0024,Riyadh,Water,Beverages,3,0.87,2.61
INV00648,2024-04-28 08:00:00,K0050,Amman,Apples,Produce,3,3.02,9.06
INV00648,2024-04-28 08:00:00,K0050,Amman,Sugar,Grocery,1,1.6,1.6
INV00648,2024-04-28 08:00:00,K0050,Amman,Tea,Beverages,3,3.24,9.72
INV00648,2024-04-28 08:00:00,K0050,Amman,Tomato Sauce,Grocery,1,2.14,2.14
INV00648,2024-04-28 08:00:00,K0050,Amman,Yogurt,Dairy,1,1.8,1.8
INV00649,2024-07-24 15:00:00,K0028,Amman,Dates,Produce,3,5.24,15.72
INV00649,2024-07-24 15:00:00,K0028,Amman,Milk,Dairy,2,1.14,2.28
INV00649,2024-07-24 15:00:00,K0028,Amman,Tea,Beverages,2,3.65,7.3
INV00649,2024-07-24 15:00:00,K0028,Amman,Water,Beverages,1,0.74,0.74
INV00650,2024-12-16 11:00:00,K0116,Cairo,Pasta,Grocery,3,1.64,4.92
INV00650,2024-12-16 11:00:00,K0116,Cairo,Sugar,Grocery,2,1.56,3.12
INV00650,2024-12-16 11:00:00,K0116,Cairo,Tomato Sauce,Grocery,1,2.16,2.16
INV00651,2024-11-15 12:00:00,K0355,Casablanca,Butter,Dairy,2,2.74,5.48
INV00651,2024-11-15 12:00:00,K0355,Casablanca,Pasta,Grocery,1,1.68,1.68
INV00651,2024-11-15 12:00:00,K0355,Casablanca,Sugar,Grocery,2,1.41,2.82
INV00651,2024-11-15 12:00:00,K0355,Casablanca,Tea,Beverages,3,3.54,10.62
INV00652,2024-08-14 14:00:00,K0363,Cairo,Pasta,Grocery,1,1.8,1.8
INV00652,2024-08-14 14:00:00,K0363,Cairo,Rice,Grocery,2,2.36,4.72
INV00652,2024-08-14 14:00:00,K0363,Cairo,Tomato Sauce,Grocery,1,2.4,2.4
INV00653,2024-12-29 09:00:00,K0035,Casablanca,Tea,Beverages,3,3.31,9.93
INV00654,2024-11-24 19:00:00,K0315,Casablanca,Sugar,Grocery,2,1.48,2.96
INV00654,2024-11-24 19:00:00,K0315,Casablanca,Tomato Sauce,Grocery,2,2.34,4.68
INV00655,2024-11-28 17:00:00,K0092,Cairo,Chicken,Meat,3,8.37,25.11
INV00655,2024-11-28 17:00:00,K0092,Cairo,Water,Beverages,2,0.76,1.52
INV00656,2024-12-27 21:00:00,K0294,Cairo,Apples,Produce,2,2.93,5.86
INV00656,2024-12-27 21:00:00,K0294,Cairo,Coffee,Beverages,2,6.03,12.06
INV00656,2024-12-27 21:00:00,K0294,Cairo,Milk,Dairy,3,1.01,3.03
INV00656,2024-12-27 21:00:00,K0294,Cairo,Olive Oil,Grocery,1,6.81,6.81
INV00656,2024-12-27 21:00:00,K0294,Cairo,Yogurt,Dairy,1,1.96,1.96
INV00657,2024-07-21 08:00:00,K0302,Cairo,Bread,Bakery,3,1.29,3.87
INV00657,2024-07-21 08:00:00,K0302,Cairo,Butter,Dairy,2,2.74,5.48
INV00657,2024-07-21 08:00:00,K0302,Cairo,Coffee,Beverages,2,6.01,12.02
INV00658,2024-09-09 15:00:00,K0323,Casablanca,Milk,Dairy,3,1.09,3.27
INV00659,2024-02-01 21:00:00,K0031,Cairo,Cheese,Dairy,2,4.2,8.4
INV00659,2024-02-01 21:00:00,K0031,Cairo,Dates,Produce,2,4.9,9.8
INV00660,2024-02-04 18:00:00,K0209,Casablanca,Chicken,Meat,2,8.8,17.6
INV00660,2024-02-04 18:00:00,K0209,Casablanca,Olive Oil,Grocery,3,8.2,24.6
INV00661,2024-04-13 19:00:00,K0377,Amman,Dates,Produce,2,5.49,10.98
INV00662,2024-03-06 10:00:00,K0093,Riyadh,Bread,Bakery,1,1.21,1.21
INV00662,2024-03-06 10:00:00,K0093,Riyadh,Butter,Dairy,1,2.63,2.63
INV00662,2024-03-06 10:00:00,K0093,Riyadh,Dates,Produce,1,4.91,4.91
INV00662,2024-03-06 10:00:00,K0093,Riyadh,Sugar,Grocery,2,1.43,2.86
INV00663,2024-10-26 09:00:00,K0216,Riyadh,Dates,Produce,1,5.25,5.25
INV00663,2024-10-26 09:00:00,K0216,Riyadh,Pasta,Grocery,3,1.93,5.79
INV00663,2024-10-26 09:00:00,K0216,Riyadh,Tomato Sauce,Grocery,1,2.38,2.38
INV00663,2024-10-26 09:00:00,K0216,Riyadh,Water,Beverages,2,0.8,1.6
INV00664,2024-10-14 20:00:00,K0285,Amman,Apples,Produce,2,2.63,5.26
INV00664,2024-10-14 20:00:00,K0285,Amman,Bread,Bakery,1,1.13,1.13
INV00664,2024-10-14 20:00:00,K0285,Amman,Butter,Dairy,3,2.49,7.47
INV00664,2024-10-14 20:00:00,K0285,Amman,Chicken,Meat,3,8.43,25.29
INV00664,2024-10-14 20:00:00,K0285,Amman,Rice,Grocery,3,2.55,7.65
INV00664,2024-10-14 20:00:00,K0285,Amman,Tomato Sauce,Grocery,2,2.37,4.74
INV00665,2024-08-17 18:00:00,K0046,Casablanca,Bread,Bakery,2,1.2,2.4
INV00665,2024-08-17 18:00:00,K0046,Casablanca,Rice,Grocery,3,2.5,7.5
INV00665,2024-08-17 18:00:00,K0046,Casablanca,Tomato Sauce,Grocery,1,2.13,2.13
INV00665,2024-08-17 18:00:00,K0046,Casablanca,Water,Beverages,2,0.76,1.52
INV00666,2024-01-22 15:00:00,K0032,Cairo,Bread,Bakery,1,1.29,1.29
INV00666,2024-01-22 15:00:00,K0032,Cairo,Butter,Dairy,3,2.71,8.13
INV00666,2024-01-22 15:00:00,K0032,Cairo,Dates,Produce,3,4.78,14.34
INV00666,2024-01-22 15:00:00,K0032,Cairo,Rice,Grocery,3,2.25,6.75
INV00666,2024-01-22 15:00:00,K0032,Cairo,Sugar,Grocery,3,1.49,4.47
INV00666,2024-01-22 15:00:00,K0032,Cairo,Tea,Beverages,3,3.54,10.62
INV00667,2024-03-27 16:00:00,K0070,Casablanca,Butter,Dairy,1,2.29,2.29
INV00667,2024-03-27 16:00:00,K0070,Casablanca,Coffee,Beverages,2,6.24,12.48
INV00667,2024-03-27 16:00:00,K0070,Casablanca,Pasta,Grocery,2,1.79,3.58
INV00667,2024-03-27 16:00:00,K0070,Casablanca,Tomato Sauce,Grocery,1,2.28,2.28
INV00667,2024-03-27 16:00:00,K0070,Casablanca,Water,Beverages,2,0.79,1.58
INV00668,2024-07-03 15:00:00,K0380,Cairo,Bread,Bakery,1,1.16,1.16
INV00668,2024-07-03 15:00:00,K0380,Cairo,Butter,Dairy,2,2.64,5.28
INV00668,2024-07-03 15:00:00,K0380,Cairo,Milk,Dairy,1,1.06,1.06
INV00668,2024-07-03 15:00:00,K0380,Cairo,Water,Beverages,1,0.83,0.83
INV00669,2024-01-10 12:00:00,K0360,Cairo,Bread,Bakery,2,1.3,2.6
INV00669,2024-01-10 12:00:00,K0360,Cairo,Chicken,Meat,3,7.79,23.37
INV00669,2024-01-10 12:00:00,K0360,Cairo,Rice,Grocery,2,2.16,4.32
INV00669,2024-01-10 12:00:00,K0360,Cairo,Tea,Beverages,2,3.36,6.72
INV00670,2024-12-13 11:00:00,K0240,Cairo,Bread,Bakery,2,1.25,2.5
INV00670,2024-12-13 11:00:00,K0240,Cairo,Butter,Dairy,2,2.44,4.88
INV00670,2024-12-13 11:00:00,K0240,Cairo,Coffee,Beverages,2,5.98,11.96
INV00670,2024-12-13 11:00:00,K0240,Cairo,Pasta,Grocery,3,1.84,5.52
INV00670,2024-12-13 11:00:00,K0240,Cairo,Sugar,Grocery,3,1.46,4.38
INV00670,2024-12-13 11:00:00,K0240,Cairo,Water,Beverages,2,0.81,1.62
INV00671,2024-08-13 20:00:00,K0065,Cairo,Bread,Bakery,2,1.21,2.42
INV00671,2024-08-13 20:00:00,K0065,Cairo,Milk,Dairy,1,1.05,1.05
INV00671,2024-08-13 20:00:00,K0065,Cairo,Pasta,Grocery,1,1.62,1.62
INV00671,2024-08-13 20:00:00,K0065,Cairo,Tomato Sauce,Grocery,3,2.19,6.57
INV00671,2024-08-13 20:00:00,K0065,Cairo,Yogurt,Dairy,2,1.75,3.5
INV00672,2024-06-30 16:00:00,K0110,Riyadh,Bread,Bakery,2,1.2,2.4
INV00672,2024-06-30 16:00:00,K0110,Riyadh,Butter,Dairy,2,2.69,5.38
INV00672,2024-06-30 16:00:00,K0110,Riyadh,Coffee,Beverages,2,6.3,12.6
INV00672,2024-06-30 16:00:00,K0110,Riyadh,Milk,Dairy,2,1.16,2.32
INV00673,2024-02-04 13:00:00,K0167,Casablanca,Apples,Produce,3,2.9,8.7
INV00674,2024-11-03 20:00:00,K0169,Riyadh,Butter,Dairy,1,2.32,2.32
INV00674,2024-11-03 20:00:00,K0169,Riyadh,Milk,Dairy,2,1.19,2.38
INV00674,2024-11-03 20:00:00,K0169,Riyadh,Yogurt,Dairy,1,2.01,2.01
INV00675,2024-10-28 19:00:00,K0218,Riyadh,Bread,Bakery,2,1.32,2.64
INV00675,2024-10-28 19:00:00,K0218,Riyadh,Butter,Dairy,1,2.61,2.61
INV00675,2024-10-28 19:00:00,K0218,Riyadh,Cheese,Dairy,1,4.13,4.13
INV00675,2024-10-28 19:00:00,K0218,Riyadh,Coffee,Beverages,2,6.32,12.64
INV00675,2024-10-28 19:00:00,K0218,Riyadh,Milk,Dairy,1,1.12,1.12
INV00675,2024-10-28 19:00:00,K0218,Riyadh,Sugar,Grocery,3,1.63,4.89
INV00675,2024-10-28 19:00:00,K0218,Riyadh,Water,Beverages,3,0.87,2.61
INV00676,2024-05-13 17:00:00,K0296,Riyadh,Bread,Bakery,3,1.14,3.42
INV00676,2024-05-13 17:00:00,K0296,Riyadh,Butter,Dairy,3,2.49,7.47
INV00676,2024-05-13 17:00:00,K0296,Riyadh,Chicken,Meat,2,8.54,17.08
INV00677,2024-11-14 19:00:00,K0237,Cairo,Bread,Bakery,1,1.32,1.32
INV00677,2024-11-14 19:00:00,K0237,Cairo,Butter,Dairy,1,2.58,2.58
INV00677,2024-11-14 19:00:00,K0237,Cairo,Milk,Dairy,1,1.17,1.17
INV00677,2024-11-14 19:00:00,K0237,Cairo,Rice,Grocery,2,2.32,4.64
INV00677,2024-11-14 19:00:00,K0237,Cairo,Water,Beverages,3,0.8,2.4
INV00677,2024-11-14 19:00:00,K0237,Cairo,Yogurt,Dairy,3,1.96,5.88
INV00678,2024-08-04 09:00:00,K0022,Amman,Coffee,Beverages,2,5.43,10.86
INV00678,2024-08-04 09:00:00,K0022,Amman,Dates,Produce,3,5.34,16.02
INV00678,2024-08-04 09:00:00,K0022,Amman,Diapers,Baby,3,11.73,35.19
INV00679,2024-03-18 18:00:00,K0182,Cairo,Bread,Bakery,2,1.12,2.24
INV00679,2024-03-18 18:00:00,K0182,Cairo,Rice,Grocery,2,2.3,4.6
INV00680,2024-07-10 15:00:00,K0240,Cairo,Water,Beverages,1,0.87,0.87
INV00681,2024-07-18 19:00:00,K0015,Riyadh,Pasta,Grocery,2,1.72,3.44
INV00682,2024-02-25 08:00:00,K0169,Casablanca,Baby Wipes,Baby,3,4.62,13.86
INV00682,2024-02-25 08:00:00,K0169,Casablanca,Diapers,Baby,1,10.94,10.94
INV00683,2024-02-22 08:00:00,K0396,Casablanca,Milk,Dairy,2,1.17,2.34
INV00683,2024-02-22 08:00:00,K0396,Casablanca,Rice,Grocery,3,2.37,7.11
INV00683,2024-02-22 08:00:00,K0396,Casablanca,Water,Beverages,1,0.73,0.73
INV00684,2024-07-12 17:00:00,K0079,Riyadh,Chicken,Meat,3,8.61,25.83
INV00684,2024-07-12 17:00:00,K0079,Riyadh,Rice,Grocery,1,2.28,2.28
INV00685,2024-07-10 12:00:00,K0018,Amman,Bread,Bakery,2,1.2,2.4
INV00685,2024-07-10 12:00:00,K0018,Amman,Butter,Dairy,1,2.35,2.35
INV00685,2024-07-10 12:00:00,K0018,Amman,Chicken,Meat,2,8.99,17.98
INV00685,2024-07-10 12:00:00,K0018,Amman,Dates,Produce,3,4.93,14.79
INV00685,2024-07-10 12:00:00,K0018,Amman,Rice,Grocery,1,2.19,2.19
INV00686,2024-11-28 09:00:00,K0347,Casablanca,Apples,Produce,1,2.92,2.92
INV00686,2024-11-28 09:00:00,K0347,Casablanca,Coffee,Beverages,1,5.68,5.68
INV00686,2024-11-28 09:00:00,K0347,Casablanca,Dates,Produce,3,5.22,15.66
INV00686,2024-11-28 09:00:00,K0347,Casablanca,Milk,Dairy,3,1.12,3.36
INV00686,2024-11-28 09:00:00,K0347,Casablanca,Pasta,Grocery,1,1.81,1.81
INV00686,2024-11-28 09:00:00,K0347,Casablanca,Sugar,Grocery,1,1.58,1.58
INV00686,2024-11-28 09:00:00,K0347,Casablanca,Tea,Beverages,1,3.19,3.19
INV00686,2024-11-28 09:00:00,K0347,Casablanca,Tomato Sauce,Grocery,3,2.12,6.36
INV00687,2024-09-05 16:00:00,K0043,Casablanca,Butter,Dairy,3,2.54,7.62
INV00688,2024-11-01 20:00:00,K0001,Casablanca,Bread,Bakery,2,1.17,2.34
INV00688,2024-11-01 20:00:00,K0001,Casablanca,Pasta,Grocery,3,1.91,5.73
INV00688,2024-11-01 20:00:00,K0001,Casablanca,Sugar,Grocery,2,1.62,3.24
INV00688,2024-11-01 20:00:00,K0001,Casablanca,Tea,Beverages,2,3.72,7.44
INV00688,2024-11-01 20:00:00,K0001,Casablanca,Tomato Sauce,Grocery,2,2.31,4.62
INV00689,2024-10-17 14:00:00,K0023,Casablanca,Cheese,Dairy,1,4.16,4.16
INV00689,2024-10-17 14:00:00,K0023,Casablanca,Chicken,Meat,1,8.06,8.06
INV00689,2024-10-17 14:00:00,K0023,Casablanca,Olive Oil,Grocery,1,7.96,7.96
INV00689,2024-10-17 14:00:00,K0023,Casablanca,Rice,Grocery,3,2.21,6.63
INV00689,2024-10-17 14:00:00,K0023,Casablanca,Sugar,Grocery,3,1.35,4.05
INV00690,2024-02-11 19:00:00,K0015,Casablanca,Bread,Bakery,1,1.18,1.18
INV00690,2024-02-11 19:00:00,K0015,Casablanca,Olive Oil,Grocery,1,7.85,7.85
INV00691,2024-10-01 18:00:00,K0361,Casablanca,Milk,Dairy,3,1.2,3.6
INV00691,2024-10-01 18:00:00,K0361,Casablanca,Olive Oil,Grocery,3,7.17,21.51
INV00692,2024-07-10 18:00:00,K0155,Amman,Bread,Bakery,3,1.12,3.36
INV00692,2024-07-10 18:00:00,K0155,Amman,Butter,Dairy,2,2.39,4.78
INV00692,2024-07-10 18:00:00,K0155,Amman,Dates,Produce,3,4.98,14.94
INV00693,2024-11-11 12:00:00,K0350,Amman,Coffee,Beverages,1,6.37,6.37
INV00693,2024-11-11 12:00:00,K0350,Amman,Milk,Dairy,2,1.04,2.08
INV00693,2024-11-11 12:00:00,K0350,Amman,Pasta,Grocery,1,1.82,1.82
INV00693,2024-11-11 12:00:00,K0350,Amman,Sugar,Grocery,1,1.56,1.56
INV00693,2024-11-11 12:00:00,K0350,Amman,Tea,Beverages,1,3.39,3.39
INV00693,2024-11-11 12:00:00,K0350,Amman,Yogurt,Dairy,2,1.76,3.52
INV00694,2024-11-01 16:00:00,K0234,Casablanca,Cheese,Dairy,3,3.9,11.7
INV00694,2024-11-01 16:00:00,K0234,Casablanca,Dates,Produce,1,4.56,4.56
INV00694,2024-11-01 16:00:00,K0234,Casablanca,Water,Beverages,1,0.83,0.83
INV00695,2024-02-23 11:00:00,K0056,Casablanca,Cheese,Dairy,1,3.92,3.92
INV00695,2024-02-23 11:00:00,K0056,Casablanca,Chicken,Meat,3,7.93,23.79
INV00695,2024-02-23 11:00:00,K0056,Casablanca,Milk,Dairy,2,1.08,2.16
INV00695,2024-02-23 11:00:00,K0056,Casablanca,Rice,Grocery,3,2.39,7.17
INV00695,2024-02-23 11:00:00,K0056,Casablanca,Water,Beverages,2,0.8,1.6
INV00696,2024-11-26 08:00:00,K0362,Casablanca,Bread,Bakery,2,1.14,2.28
INV00696,2024-11-26 08:00:00,K0362,Casablanca,Butter,Dairy,1,2.72,2.72
INV00696,2024-11-26 08:00:00,K0362,Casablanca,Coffee,Beverages,1,5.6,5.6
INV00696,2024-11-26 08:00:00,K0362,Casablanca,Sugar,Grocery,1,1.63,1.63
INV00697,2024-06-02 13:00:00,K0241,Cairo,Chicken,Meat,2,9.15,18.3
INV00697,2024-06-02 13:00:00,K0241,Cairo,Dates,Produce,2,5.11,10.22
INV00697,2024-06-02 13:00:00,K0241,Cairo,Milk,Dairy,2,1.0,2.0
INV00697,2024-06-02 13:00:00,K0241,Cairo,Tea,Beverages,2,3.23,6.46
INV00697,2024-06-02 13:00:00,K0241,Cairo,Yogurt,Dairy,2,1.97,3.94
INV00698,2024-08-24 18:00:00,K0047,Casablanca,Coffee,Beverages,1,5.7,5.7
INV00698,2024-08-24 18:00:00,K0047,Casablanca,Dates,Produce,2,5.15,10.3
INV00698,2024-08-24 18:00:00,K0047,Casablanca,Rice,Grocery,2,2.3,4.6
INV00699,2024-11-04 12:00:00,K0094,Casablanca,Apples,Produce,1,3.03,3.03
INV00699,2024-11-04 12:00:00,K0094,Casablanca,Yogurt,Dairy,1,1.9,1.9
INV00700,2024-10-29 17:00:00,K0042,Cairo,Rice,Grocery,3,2.27,6.81
INV00701,2024-12-11 15:00:00,K0070,Cairo,Dates,Produce,2,4.6,9.2
INV00701,2024-12-11 15:00:00,K0070,Cairo,Diapers,Baby,1,12.78,12.78
INV00701,2024-12-11 15:00:00,K0070,Cairo,Milk,Dairy,2,1.15,2.3
INV00701,2024-12-11 15:00:00,K0070,Cairo,Pasta,Grocery,2,1.87,3.74
INV00701,2024-12-11 15:00:00,K0070,Cairo,Tomato Sauce,Grocery,3,2.12,6.36
INV00701,2024-12-11 15:00:00,K0070,Cairo,Water,Beverages,3,0.85,2.55
INV00702,2024-12-23 21:00:00,K0098,Cairo,Baby Wipes,Baby,3,4.37,13.11
INV00702,2024-12-23 21:00:00,K0098,Cairo,Diapers,Baby,2,12.84,25.68
INV00702,2024-12-23 21:00:00,K0098,Cairo,Milk,Dairy,2,1.06,2.12
INV00703,2024-03-18 21:00:00,K0186,Cairo,Chicken,Meat,1,9.04,9.04
INV00703,2024-03-18 21:00:00,K0186,Cairo,Coffee,Beverages,1,6.5,6.5
INV00704,2024-11-19 08:00:00,K0364,Riyadh,Butter,Dairy,1,2.44,2.44
INV00704,2024-11-19 08:00:00,K0364,Riyadh,Chicken,Meat,2,9.11,18.22
INV00704,2024-11-19 08:00:00,K0364,Riyadh,Rice,Grocery,2,2.2,4.4
INV00704,2024-11-19 08:00:00,K0364,Riyadh,Sugar,Grocery,2,1.57,3.14
INV00704,2024-11-19 08:00:00,K0364,Riyadh,Tomato Sauce,Grocery,2,2.39,4.78
INV00705,2024-05-09 21:00:00,K0375,Casablanca,Butter,Dairy,3,2.4,7.2
INV00705,2024-05-09 21:00:00,K0375,Casablanca,Milk,Dairy,3,1.11,3.33
INV00706,2024-03-02 20:00:00,K0015,Cairo,Butter,Dairy,2,2.29,4.58
INV00706,2024-03-02 20:00:00,K0015,Cairo,Sugar,Grocery,1,1.37,1.37
INV00707,2024-12-17 18:00:00,K0260,Amman,Bread,Bakery,1,1.13,1.13
INV00708,2024-08-25 13:00:00,K0381,Casablanca,Coffee,Beverages,3,5.77,17.31
INV00708,2024-08-25 13:00:00,K0381,Casablanca,Dates,Produce,3,5.02,15.06
INV00708,2024-08-25 13:00:00,K0381,Casablanca,Rice,Grocery,1,2.53,2.53
INV00709,2024-01-07 14:00:00,K0053,Casablanca,Coffee,Beverages,2,6.15,12.3
INV00710,2024-12-21 10:00:00,K0272,Cairo,Chicken,Meat,1,8.98,8.98
INV00710,2024-12-21 10:00:00,K0272,Cairo,Milk,Dairy,1,1.07,1.07
INV00710,2024-12-21 10:00:00,K0272,Cairo,Rice,Grocery,2,2.16,4.32
INV00710,2024-12-21 10:00:00,K0272,Cairo,Water,Beverages,3,0.87,2.61
INV00711,2024-01-16 20:00:00,K0303,Riyadh,Apples,Produce,2,2.71,5.42
INV00711,2024-01-16 20:00:00,K0303,Riyadh,Bread,Bakery,1,1.19,1.19
INV00711,2024-01-16 20:00:00,K0303,Riyadh,Rice,Grocery,3,2.32,6.96
INV00711,2024-01-16 20:00:00,K0303,Riyadh,Sugar,Grocery,1,1.35,1.35
INV00712,2024-02-13 18:00:00,K0132,Cairo,Bread,Bakery,3,1.22,3.66
INV00712,2024-02-13 18:00:00,K0132,Cairo,Butter,Dairy,2,2.52,5.04
INV00712,2024-02-13 18:00:00,K0132,Cairo,Tea,Beverages,3,3.72,11.16
INV00713,2024-02-03 15:00:00,K0044,Amman,Apples,Produce,1,2.56,2.56
INV00714,2024-08-15 17:00:00,K0345,Amman,Apples,Produce,2,3.06,6.12
INV00714,2024-08-15 17:00:00,K0345,Amman,Cheese,Dairy,1,3.98,3.98
INV00714,2024-08-15 17:00:00,K0345,Amman,Milk,Dairy,1,1.1,1.1
INV00714,2024-08-15 17:00:00,K0345,Amman,Sugar,Grocery,2,1.43,2.86
INV00714,2024-08-15 17:00:00,K0345,Amman,Tomato Sauce,Grocery,3,2.32,6.96
INV00715,2024-11-04 13:00:00,K0306,Cairo,Chicken,Meat,2,8.44,16.88
INV00716,2024-01-04 09:00:00,K0035,Riyadh,Bread,Bakery,2,1.08,2.16
INV00716,2024-01-04 09:00:00,K0035,Riyadh,Butter,Dairy,2,2.32,4.64
INV00716,2024-01-04 09:00:00,K0035,Riyadh,Dates,Produce,3,4.81,14.43
INV00716,2024-01-04 09:00:00,K0035,Riyadh,Yogurt,Dairy,1,1.78,1.78
INV00717,2024-01-16 20:00:00,K0326,Amman,Butter,Dairy,2,2.28,4.56
INV00717,2024-01-16 20:00:00,K0326,Amman,Coffee,Beverages,3,6.48,19.44
INV00717,2024-01-16 20:00:00,K0326,Amman,Milk,Dairy,3,1.11,3.33
INV00717,2024-01-16 20:00:00,K0326,Amman,Pasta,Grocery,3,1.95,5.85
INV00717,2024-01-16 20:00:00,K0326,Amman,Rice,Grocery,1,2.21,2.21
INV00718,2024-01-08 19:00:00,K0156,Riyadh,Milk,Dairy,1,1.08,1.08
INV00719,2024-08-18 21:00:00,K0390,Riyadh,Chicken,Meat,1,9.1,9.1
INV00719,2024-08-18 21:00:00,K0390,Riyadh,Rice,Grocery,3,2.19,6.57
INV00720,2024-09-14 09:00:00,K0134,Cairo,Apples,Produce,1,3.01,3.01
INV00720,2024-09-14 09:00:00,K0134,Cairo,Bread,Bakery,1,1.19,1.19
INV00720,2024-09-14 09:00:00,K0134,Cairo,Milk,Dairy,2,1.21,2.42
INV00720,2024-09-14 09:00:00,K0134,Cairo,Rice,Grocery,3,2.31,6.93
INV00721,2024-02-03 19:00:00,K0274,Casablanca,Dates,Produce,2,5.1,10.2
INV00721,2024-02-03 19:00:00,K0274,Casablanca,Milk,Dairy,2,1.03,2.06
INV00721,2024-02-03 19:00:00,K0274,Casablanca,Tea,Beverages,2,3.83,7.66
INV00722,2024-06-28 09:00:00,K0273,Riyadh,Cheese,Dairy,1,3.82,3.82
INV00722,2024-06-28 09:00:00,K0273,Riyadh,Chicken,Meat,2,8.61,17.22
INV00723,2024-02-26 19:00:00,K0161,Amman,Dates,Produce,3,4.58,13.74
INV00723,2024-02-26 19:00:00,K0161,Amman,Tea,Beverages,1,3.57,3.57
INV00724,2024-02-05 21:00:00,K0313,Riyadh,Apples,Produce,1,2.78,2.78
INV00724,2024-02-05 21:00:00,K0313,Riyadh,Yogurt,Dairy,2,2.05,4.1
INV00725,2024-04-30 15:00:00,K0319,Casablanca,Apples,Produce,3,2.86,8.58
INV00725,2024-04-30 15:00:00,K0319,Casablanca,Bread,Bakery,2,1.3,2.6
INV00725,2024-04-30 15:00:00,K0319,Casablanca,Dates,Produce,2,4.59,9.18
INV00725,2024-04-30 15:00:00,K0319,Casablanca,Milk,Dairy,1,1.1,1.1
INV00725,2024-04-30 15:00:00,K0319,Casablanca,Tea,Beverages,1,3.51,3.51
INV00725,2024-04-30 15:00:00,K0319,Casablanca,Water,Beverages,2,0.78,1.56
INV00726,2024-10-02 21:00:00,K0267,Cairo,Tea,Beverages,1,3.63,3.63
INV00726,2024-10-02 21:00:00,K0267,Cairo,Water,Beverages,1,0.73,0.73
INV00727,2024-12-23 13:00:00,K0221,Amman,Bread,Bakery,1,1.2,1.2
INV00727,2024-12-23 13:00:00,K0221,Amman,Butter,Dairy,3,2.64,7.92
INV00727,2024-12-23 13:00:00,K0221,Amman,Chicken,Meat,3,8.01,24.03
INV00727,2024-12-23 13:00:00,K0221,Amman,Coffee,Beverages,1,6.32,6.32
INV00727,2024-12-23 13:00:00,K0221,Amman,Rice,Grocery,2,2.17,4.34
INV00728,2024-06-27 20:00:00,K0112,Amman,Baby Wipes,Baby,2,4.22,8.44
INV00728,2024-06-27 20:00:00,K0112,Amman,Butter,Dairy,1,2.39,2.39
INV00728,2024-06-27 20:00:00,K0112,Amman,Pasta,Grocery,2,1.7,3.4
INV00728,2024-06-27 20:00:00,K0112,Amman,Tomato Sauce,Grocery,2,2.01,4.02
INV00728,2024-06-27 20:00:00,K0112,Amman,Water,Beverages,1,0.76,0.76
INV00729,2024-12-11 12:00:00,K0246,Riyadh,Bread,Bakery,3,1.16,3.48
INV00729,2024-12-11 12:00:00,K0246,Riyadh,Butter,Dairy,1,2.47,2.47
INV00730,2024-01-22 09:00:00,K0251,Cairo,Coffee,Beverages,3,6.21,18.63
INV00730,2024-01-22 09:00:00,K0251,Cairo,Sugar,Grocery,1,1.59,1.59
INV00731,2024-08-14 20:00:00,K0280,Casablanca,Bread,Bakery,3,1.22,3.66
INV00731,2024-08-14 20:00:00,K0280,Casablanca,Butter,Dairy,3,2.26,6.78
INV00731,2024-08-14 20:00:00,K0280,Casablanca,Pasta,Grocery,2,1.74,3.48
INV00731,2024-08-14 20:00:00,K0280,Casablanca,Yogurt,Dairy,2,1.75,3.5
INV00732,2024-08-09 20:00:00,K0359,Riyadh,Pasta,Grocery,3,1.69,5.07
INV00732,2024-08-09 20:00:00,K0359,Riyadh,Yogurt,Dairy,2,2.09,4.18
INV00733,2024-06-23 19:00:00,K0299,Casablanca,Baby Wipes,Baby,1,4.48,4.48
INV00733,2024-06-23 19:00:00,K0299,Casablanca,Diapers,Baby,1,12.82,12.82
INV00733,2024-06-23 19:00:00,K0299,Casablanca,Rice,Grocery,2,2.2,4.4
INV00733,2024-06-23 19:00:00,K0299,Casablanca,Yogurt,Dairy,1,2.04,2.04
INV00734,2024-06-09 11:00:00,K0157,Amman,Bread,Bakery,3,1.24,3.72
INV00734,2024-06-09 11:00:00,K0157,Amman,Dates,Produce,3,5.38,16.14
INV00734,2024-06-09 11:00:00,K0157,Amman,Pasta,Grocery,1,1.67,1.67
INV00734,2024-06-09 11:00:00,K0157,Amman,Tea,Beverages,3,3.83,11.49
INV00735,2024-01-14 12:00:00,K0205,Casablanca,Chicken,Meat,3,8.06,24.18
INV00735,2024-01-14 12:00:00,K0205,Casablanca,Olive Oil,Grocery,3,7.65,22.95
INV00736,2024-07-20 14:00:00,K0248,Amman,Chicken,Meat,3,7.84,23.52
INV00736,2024-07-20 14:00:00,K0248,Amman,Olive Oil,Grocery,3,7.78,23.34
INV00736,2024-07-20 14:00:00,K0248,Amman,Yogurt,Dairy,2,2.03,4.06
INV00737,2024-10-08 12:00:00,K0395,Amman,Pasta,Grocery,1,1.66,1.66
INV00737,2024-10-08 12:00:00,K0395,Amman,Tomato Sauce,Grocery,2,2.04,4.08
INV00737,2024-10-08 12:00:00,K0395,Amman,Water,Beverages,2,0.83,1.66
INV00738,2024-04-22 17:00:00,K0272,Amman,Diapers,Baby,3,12.86,38.58
INV00738,2024-04-22 17:00:00,K0272,Amman,Pasta,Grocery,3,1.76,5.28
INV00738,2024-04-22 17:00:00,K0272,Amman,Rice,Grocery,1,2.24,2.24
INV00738,2024-04-22 17:00:00,K0272,Amman,Sugar,Grocery,3,1.37,4.11
INV00738,2024-04-22 17:00:00,K0272,Amman,Tomato Sauce,Grocery,1,2.05,2.05
INV00739,2024-07-27 15:00:00,K0185,Casablanca,Apples,Produce,3,2.86,8.58
INV00739,2024-07-27 15:00:00,K0185,Casablanca,Cheese,Dairy,1,3.67,3.67
INV00739,2024-07-27 15:00:00,K0185,Casablanca,Coffee,Beverages,3,5.58,16.74
INV00739,2024-07-27 15:00:00,K0185,Casablanca,Milk,Dairy,3,1.06,3.18
INV00739,2024-07-27 15:00:00,K0185,Casablanca,Sugar,Grocery,1,1.35,1.35
INV00739,2024-07-27 15:00:00,K0185,Casablanca,Yogurt,Dairy,2,1.91,3.82
INV00740,2024-08-15 12:00:00,K0180,Riyadh,Bread,Bakery,3,1.27,3.81
INV00740,2024-08-15 12:00:00,K0180,Riyadh,Butter,Dairy,1,2.36,2.36
INV00740,2024-08-15 12:00:00,K0180,Riyadh,Cheese,Dairy,3,4.18,12.54
INV00740,2024-08-15 12:00:00,K0180,Riyadh,Chicken,Meat,1,8.13,8.13
INV00740,2024-08-15 12:00:00,K0180,Riyadh,Rice,Grocery,1,2.2,2.2
INV00740,2024-08-15 12:00:00,K0180,Riyadh,Sugar,Grocery,3,1.5,4.5
INV00741,2024-12-02 10:00:00,K0287,Casablanca,Baby Wipes,Baby,1,4.51,4.51
INV00741,2024-12-02 10:00:00,K0287,Casablanca,Chicken,Meat,2,8.59,17.18
INV00741,2024-12-02 10:00:00,K0287,Casablanca,Coffee,Beverages,3,6.0,18.0
INV00741,2024-12-02 10:00:00,K0287,Casablanca,Diapers,Baby,3,10.89,32.67
INV00741,2024-12-02 10:00:00,K0287,Casablanca,Sugar,Grocery,3,1.44,4.32
INV00741,2024-12-02 10:00:00,K0287,Casablanca,Yogurt,Dairy,3,1.91,5.73
INV00742,2024-11-10 16:00:00,K0213,Cairo,Water,Beverages,1,0.79,0.79
INV00743,2024-07-31 12:00:00,K0286,Riyadh,Apples,Produce,1,2.54,2.54
INV00743,2024-07-31 12:00:00,K0286,Riyadh,Bread,Bakery,1,1.11,1.11
INV00743,2024-07-31 12:00:00,K0286,Riyadh,Butter,Dairy,3,2.55,7.65
INV00744,2024-07-17 13:00:00,K0050,Casablanca,Bread,Bakery,2,1.22,2.44
INV00744,2024-07-17 13:00:00,K0050,Casablanca,Butter,Dairy,3,2.74,8.22
INV00744,2024-07-17 13:00:00,K0050,Casablanca,Dates,Produce,1,5.48,5.48
INV00744,2024-07-17 13:00:00,K0050,Casablanca,Pasta,Grocery,2,1.72,3.44
INV00744,2024-07-17 13:00:00,K0050,Casablanca,Tea,Beverages,3,3.49,10.47
INV00744,2024-07-17 13:00:00,K0050,Casablanca,Tomato Sauce,Grocery,3,2.1,6.3
INV00745,2024-01-01 11:00:00,K0363,Riyadh,Yogurt,Dairy,2,1.84,3.68
INV00746,2024-04-12 17:00:00,K0056,Cairo,Baby Wipes,Baby,3,4.29,12.87
INV00746,2024-04-12 17:00:00,K0056,Cairo,Diapers,Baby,3,12.37,37.11
INV00746,2024-04-12 17:00:00,K0056,Cairo,Milk,Dairy,1,1.14,1.14
INV00747,2024-10-11 13:00:00,K0243,Casablanca,Apples,Produce,2,3.08,6.16
INV00747,2024-10-11 13:00:00,K0243,Casablanca,Bread,Bakery,2,1.26,2.52
INV00747,2024-10-11 13:00:00,K0243,Casablanca,Butter,Dairy,1,2.59,2.59
INV00748,2024-12-10 15:00:00,K0214,Casablanca,Bread,Bakery,1,1.11,1.11
INV00748,2024-12-10 15:00:00,K0214,Casablanca,Cheese,Dairy,2,4.37,8.74
INV00749,2024-09-20 16:00:00,K0198,Cairo,Milk,Dairy,2,1.17,2.34
INV00750,2024-09-18 20:00:00,K0299,Cairo,Dates,Produce,3,5.01,15.03
INV00751,2024-02-08 20:00:00,K0147,Casablanca,Coffee,Beverages,1,6.08,6.08
INV00752,2024-10-29 09:00:00,K0354,Cairo,Apples,Produce,3,3.01,9.03
INV00752,2024-10-29 09:00:00,K0354,Cairo,Baby Wipes,Baby,1,4.36,4.36
INV00752,2024-10-29 09:00:00,K0354,Cairo,Bread,Bakery,2,1.26,2.52
INV00752,2024-10-29 09:00:00,K0354,Cairo,Butter,Dairy,2,2.49,4.98
INV00752,2024-10-29 09:00:00,K0354,Cairo,Diapers,Baby,2,11.54,23.08
INV00752,2024-10-29 09:00:00,K0354,Cairo,Olive Oil,Grocery,1,7.78,7.78
INV00753,2024-06-09 17:00:00,K0150,Cairo,Bread,Bakery,1,1.15,1.15
INV00753,2024-06-09 17:00:00,K0150,Cairo,Butter,Dairy,1,2.38,2.38
INV00753,2024-06-09 17:00:00,K0150,Cairo,Milk,Dairy,2,1.06,2.12
INV00754,2024-04-14 09:00:00,K0077,Cairo,Baby Wipes,Baby,1,4.35,4.35
INV00755,2024-07-12 14:00:00,K0249,Casablanca,Chicken,Meat,1,7.94,7.94
INV00755,2024-07-12 14:00:00,K0249,Casablanca,Rice,Grocery,2,2.23,4.46
INV00755,2024-07-12 14:00:00,K0249,Casablanca,Water,Beverages,3,0.78,2.34
INV00755,2024-07-12 14:00:00,K0249,Casablanca,Yogurt,Dairy,3,2.08,6.24
INV00756,2024-12-02 20:00:00,K0273,Riyadh,Cheese,Dairy,1,4.29,4.29
INV00756,2024-12-02 20:00:00,K0273,Riyadh,Chicken,Meat,2,8.89,17.78
INV00756,2024-12-02 20:00:00,K0273,Riyadh,Sugar,Grocery,3,1.6,4.8
INV00756,2024-12-02 20:00:00,K0273,Riyadh,Water,Beverages,3,0.82,2.46
INV00757,2024-09-28 20:00:00,K0171,Cairo,Apples,Produce,2,2.87,5.74
INV00757,2024-09-28 20:00:00,K0171,Cairo,Baby Wipes,Baby,1,4.58,4.58
INV00757,2024-09-28 20:00:00,K0171,Cairo,Diapers,Baby,1,11.24,11.24
INV00757,2024-09-28 20:00:00,K0171,Cairo,Tea,Beverages,1,3.7,3.7
INV00758,2024-06-04 14:00:00,K0222,Casablanca,Pasta,Grocery,2,1.78,3.56
INV00758,2024-06-04 14:00:00,K0222,Casablanca,Tomato Sauce,Grocery,3,2.23,6.69
INV00758,2024-06-04 14:00:00,K0222,Casablanca,Yogurt,Dairy,1,2.06,2.06
INV00759,2024-02-25 10:00:00,K0388,Amman,Water,Beverages,1,0.83,0.83
INV00760,2024-07-24 13:00:00,K0195,Cairo,Pasta,Grocery,3,1.69,5.07
INV00760,2024-07-24 13:00:00,K0195,Cairo,Water,Beverages,2,0.85,1.7
INV00761,2024-02-22 13:00:00,K0051,Casablanca,Bread,Bakery,2,1.19,2.38
INV00761,2024-02-22 13:00:00,K0051,Casablanca,Butter,Dairy,3,2.53,7.59
INV00761,2024-02-22 13:00:00,K0051,Casablanca,Milk,Dairy,2,1.06,2.12
INV00761,2024-02-22 13:00:00,K0051,Casablanca,Rice,Grocery,2,2.57,5.14
INV00761,2024-02-22 13:00:00,K0051,Casablanca,Sugar,Grocery,2,1.63,3.26
INV00761,2024-02-22 13:00:00,K0051,Casablanca,Yogurt,Dairy,3,1.86,5.58
INV00762,2024-05-27 20:00:00,K0294,Amman,Butter,Dairy,2,2.4,4.8
INV00762,2024-05-27 20:00:00,K0294,Amman,Chicken,Meat,2,7.92,15.84
INV00762,2024-05-27 20:00:00,K0294,Amman,Coffee,Beverages,1,5.47,5.47
INV00762,2024-05-27 20:00:00,K0294,Amman,Yogurt,Dairy,3,1.98,5.94
INV00763,2024-01-03 21:00:00,K0054,Cairo,Chicken,Meat,1,8.49,8.49
INV00763,2024-01-03 21:00:00,K0054,Cairo,Rice,Grocery,1,2.42,2.42
INV00764,2024-09-11 21:00:00,K0130,Casablanca,Baby Wipes,Baby,3,4.06,12.18
INV00764,2024-09-11 21:00:00,K0130,Casablanca,Bread,Bakery,1,1.28,1.28
INV00764,2024-09-11 21:00:00,K0130,Casablanca,Butter,Dairy,1,2.37,2.37
INV00764,2024-09-11 21:00:00,K0130,Casablanca,Cheese,Dairy,2,4.06,8.12
INV00764,2024-09-11 21:00:00,K0130,Casablanca,Water,Beverages,2,0.75,1.5
INV00765,2024-11-29 16:00:00,K0108,Cairo,Dates,Produce,2,5.43,10.86
INV00765,2024-11-29 16:00:00,K0108,Cairo,Milk,Dairy,1,1.19,1.19
INV00766,2024-07-24 08:00:00,K0296,Riyadh,Bread,Bakery,3,1.16,3.48
INV00767,2024-03-06 18:00:00,K0064,Amman,Cheese,Dairy,1,3.72,3.72
INV00767,2024-03-06 18:00:00,K0064,Amman,Olive Oil,Grocery,3,7.06,21.18
INV00767,2024-03-06 18:00:00,K0064,Amman,Tea,Beverages,1,3.58,3.58
INV00767,2024-03-06 18:00:00,K0064,Amman,Water,Beverages,2,0.87,1.74
INV00768,2024-04-28 19:00:00,K0052,Casablanca,Apples,Produce,3,2.55,7.65
INV00768,2024-04-28 19:00:00,K0052,Casablanca,Cheese,Dairy,3,3.71,11.13
INV00768,2024-04-28 19:00:00,K0052,Casablanca,Milk,Dairy,2,1.09,2.18
INV00768,2024-04-28 19:00:00,K0052,Casablanca,Pasta,Grocery,2,1.79,3.58
INV00768,2024-04-28 19:00:00,K0052,Casablanca,Water,Beverages,3,0.86,2.58
INV00769,2024-06-27 13:00:00,K0165,Casablanca,Dates,Produce,2,5.4,10.8
INV00769,2024-06-27 13:00:00,K0165,Casablanca,Milk,Dairy,2,1.14,2.28
INV00770,2024-08-15 09:00:00,K0077,Cairo,Coffee,Beverages,3,6.32,18.96
INV00771,2024-08-04 21:00:00,K0283,Casablanca,Dates,Produce,2,4.5,9.0
INV00771,2024-08-04 21:00:00,K0283,Casablanca,Milk,Dairy,3,1.16,3.48
INV00771,2024-08-04 21:00:00,K0283,Casablanca,Pasta,Grocery,3,1.88,5.64
INV00771,2024-08-04 21:00:00,K0283,Casablanca,Rice,Grocery,2,2.41,4.82
INV00771,2024-08-04 21:00:00,K0283,Casablanca,Tea,Beverages,1,3.36,3.36
INV00771,2024-08-04 21:00:00,K0283,Casablanca,Tomato Sauce,Grocery,2,2.09,4.18
INV00772,2024-12-31 13:00:00,K0089,Casablanca,Chicken,Meat,2,7.98,15.96
INV00772,2024-12-31 13:00:00,K0089,Casablanca,Pasta,Grocery,3,1.95,5.85
INV00772,2024-12-31 13:00:00,K0089,Casablanca,Rice,Grocery,2,2.31,4.62
INV00772,2024-12-31 13:00:00,K0089,Casablanca,Tomato Sauce,Grocery,2,2.01,4.02
INV00772,2024-12-31 13:00:00,K0089,Casablanca,Water,Beverages,2,0.78,1.56
INV00772,2024-12-31 13:00:00,K0089,Casablanca,Yogurt,Dairy,3,1.96,5.88
INV00773,2024-10-29 21:00:00,K0049,Casablanca,Bread,Bakery,2,1.12,2.24
INV00773,2024-10-29 21:00:00,K0049,Casablanca,Butter,Dairy,1,2.61,2.61
INV00773,2024-10-29 21:00:00,K0049,Casablanca,Milk,Dairy,1,1.01,1.01
INV00774,2024-10-08 12:00:00,K0029,Casablanca,Butter,Dairy,3,2.28,6.84
INV00774,2024-10-08 12:00:00,K0029,Casablanca,Rice,Grocery,2,2.3,4.6
INV00775,2024-11-23 11:00:00,K0327,Casablanca,Coffee,Beverages,1,6.31,6.31
INV00776,2024-10-22 10:00:00,K0082,Casablanca,Sugar,Grocery,1,1.48,1.48
INV00777,2024-10-01 13:00:00,K0202,Cairo,Butter,Dairy,1,2.44,2.44
INV00777,2024-10-01 13:00:00,K0202,Cairo,Chicken,Meat,2,8.5,17.0
INV00777,2024-10-01 13:00:00,K0202,Cairo,Coffee,Beverages,2,6.01,12.02
INV00777,2024-10-01 13:00:00,K0202,Cairo,Milk,Dairy,1,1.2,1.2
INV00778,2024-02-26 12:00:00,K0326,Casablanca,Apples,Produce,3,2.81,8.43
INV00779,2024-07-30 13:00:00,K0188,Cairo,Bread,Bakery,1,1.18,1.18
INV00779,2024-07-30 13:00:00,K0188,Cairo,Butter,Dairy,3,2.3,6.9
INV00779,2024-07-30 13:00:00,K0188,Cairo,Milk,Dairy,1,1.0,1.0
INV00779,2024-07-30 13:00:00,K0188,Cairo,Olive Oil,Grocery,1,6.89,6.89
INV00779,2024-07-30 13:00:00,K0188,Cairo,Pasta,Grocery,2,1.77,3.54
INV00779,2024-07-30 13:00:00,K0188,Cairo,Tomato Sauce,Grocery,2,2.4,4.8
INV00779,2024-07-30 13:00:00,K0188,Cairo,Yogurt,Dairy,3,1.89,5.67
INV00780,2024-07-02 09:00:00,K0157,Casablanca,Bread,Bakery,3,1.09,3.27
INV00780,2024-07-02 09:00:00,K0157,Casablanca,Chicken,Meat,1,7.85,7.85
INV00780,2024-07-02 09:00:00,K0157,Casablanca,Diapers,Baby,3,12.07,36.21
INV00780,2024-07-02 09:00:00,K0157,Casablanca,Rice,Grocery,1,2.39,2.39
INV00780,2024-07-02 09:00:00,K0157,Casablanca,Water,Beverages,2,0.77,1.54
INV00781,2024-05-08 10:00:00,K0099,Riyadh,Bread,Bakery,2,1.11,2.22
INV00781,2024-05-08 10:00:00,K0099,Riyadh,Butter,Dairy,1,2.71,2.71
INV00781,2024-05-08 10:00:00,K0099,Riyadh,Milk,Dairy,1,1.02,1.02
INV00781,2024-05-08 10:00:00,K0099,Riyadh,Tea,Beverages,3,3.83,11.49
INV00781,2024-05-08 10:00:00,K0099,Riyadh,Yogurt,Dairy,1,1.86,1.86
INV00782,2024-03-06 08:00:00,K0081,Casablanca,Olive Oil,Grocery,2,6.76,13.52
INV00783,2024-08-06 21:00:00,K0287,Casablanca,Chicken,Meat,2,8.16,16.32
INV00783,2024-08-06 21:00:00,K0287,Casablanca,Rice,Grocery,1,2.23,2.23
INV00783,2024-08-06 21:00:00,K0287,Casablanca,Yogurt,Dairy,1,1.84,1.84
INV00784,2024-10-17 20:00:00,K0097,Amman,Apples,Produce,1,2.93,2.93
INV00784,2024-10-17 20:00:00,K0097,Amman,Bread,Bakery,3,1.29,3.87
INV00784,2024-10-17 20:00:00,K0097,Amman,Butter,Dairy,1,2.32,2.32
INV00784,2024-10-17 20:00:00,K0097,Amman,Olive Oil,Grocery,1,6.8,6.8
INV00784,2024-10-17 20:00:00,K0097,Amman,Tea,Beverages,2,3.39,6.78
INV00784,2024-10-17 20:00:00,K0097,Amman,Water,Beverages,2,0.76,1.52
INV00785,2024-03-20 16:00:00,K0270,Cairo,Cheese,Dairy,2,3.83,7.66
INV00785,2024-03-20 16:00:00,K0270,Cairo,Dates,Produce,1,5.12,5.12
INV00785,2024-03-20 16:00:00,K0270,Cairo,Olive Oil,Grocery,1,7.24,7.24
INV00786,2024-10-28 21:00:00,K0045,Casablanca,Bread,Bakery,1,1.29,1.29
INV00786,2024-10-28 21:00:00,K0045,Casablanca,Butter,Dairy,3,2.25,6.75
INV00786,2024-10-28 21:00:00,K0045,Casablanca,Coffee,Beverages,1,5.88,5.88
INV00786,2024-10-28 21:00:00,K0045,Casablanca,Sugar,Grocery,2,1.55,3.1
INV00786,2024-10-28 21:00:00,K0045,Casablanca,Tomato Sauce,Grocery,2,2.29,4.58
INV00786,2024-10-28 21:00:00,K0045,Casablanca,Water,Beverages,2,0.82,1.64
INV00787,2024-07-09 12:00:00,K0368,Cairo,Apples,Produce,2,2.57,5.14
INV00787,2024-07-09 12:00:00,K0368,Cairo,Chicken,Meat,3,8.82,26.46
INV00787,2024-07-09 12:00:00,K0368,Cairo,Milk,Dairy,1,1.15,1.15
INV00787,2024-07-09 12:00:00,K0368,Cairo,Sugar,Grocery,1,1.41,1.41
INV00787,2024-07-09 12:00:00,K0368,Cairo,Tomato Sauce,Grocery,2,2.03,4.06
INV00788,2024-08-18 10:00:00,K0222,Casablanca,Bread,Bakery,2,1.13,2.26
INV00788,2024-08-18 10:00:00,K0222,Casablanca,Dates,Produce,3,4.83,14.49
INV00788,2024-08-18 10:00:00,K0222,Casablanca,Tea,Beverages,1,3.85,3.85
INV00788,2024-08-18 10:00:00,K0222,Casablanca,Tomato Sauce,Grocery,1,2.4,2.4
INV00789,2024-02-29 14:00:00,K0284,Cairo,Cheese,Dairy,2,3.86,7.72
INV00789,2024-02-29 14:00:00,K0284,Cairo,Dates,Produce,1,5.31,5.31
INV00790,2024-06-13 11:00:00,K0020,Cairo,Olive Oil,Grocery,3,7.58,22.74
INV00790,2024-06-13 11:00:00,K0020,Cairo,Pasta,Grocery,2,1.68,3.36
INV00790,2024-06-13 11:00:00,K0020,Cairo,Sugar,Grocery,1,1.58,1.58
INV00790,2024-06-13 11:00:00,K0020,Cairo,Water,Beverages,2,0.81,1.62
INV00791,2024-04-01 21:00:00,K0308,Casablanca,Bread,Bakery,3,1.2,3.6
INV00791,2024-04-01 21:00:00,K0308,Casablanca,Chicken,Meat,3,9.25,27.75
INV00791,2024-04-01 21:00:00,K0308,Casablanca,Dates,Produce,1,4.62,4.62
INV00791,2024-04-01 21:00:00,K0308,Casablanca,Rice,Grocery,3,2.44,7.32
INV00791,2024-04-01 21:00:00,K0308,Casablanca,Tea,Beverages,3,3.44,10.32
INV00791,2024-04-01 21:00:00,K0308,Casablanca,Water,Beverages,2,0.82,1.64
INV00792,2024-11-04 16:00:00,K0329,Casablanca,Apples,Produce,1,2.6,2.6
INV00792,2024-11-04 16:00:00,K0329,Casablanca,Bread,Bakery,2,1.19,2.38
INV00792,2024-11-04 16:00:00,K0329,Casablanca,Butter,Dairy,1,2.55,2.55
INV00792,2024-11-04 16:00:00,K0329,Casablanca,Dates,Produce,3,5.2,15.6
INV00792,2024-11-04 16:00:00,K0329,Casablanca,Diapers,Baby,3,12.57,37.71
INV00792,2024-11-04 16:00:00,K0329,Casablanca,Tea,Beverages,3,3.26,9.78
INV00792,2024-11-04 16:00:00,K0329,Casablanca,Water,Beverages,2,0.87,1.74
INV00793,2024-03-10 09:00:00,K0001,Amman,Bread,Bakery,1,1.21,1.21
INV00793,2024-03-10 09:00:00,K0001,Amman,Butter,Dairy,2,2.65,5.3
INV00793,2024-03-10 09:00:00,K0001,Amman,Chicken,Meat,1,8.89,8.89
INV00794,2024-06-29 10:00:00,K0136,Cairo,Bread,Bakery,1,1.24,1.24
INV00794,2024-06-29 10:00:00,K0136,Cairo,Coffee,Beverages,3,5.62,16.86
INV00794,2024-06-29 10:00:00,K0136,Cairo,Pasta,Grocery,2,1.71,3.42
INV00795,2024-02-18 18:00:00,K0123,Casablanca,Bread,Bakery,3,1.13,3.39
INV00795,2024-02-18 18:00:00,K0123,Casablanca,Diapers,Baby,1,12.51,12.51
INV00795,2024-02-18 18:00:00,K0123,Casablanca,Water,Beverages,2,0.78,1.56
INV00796,2024-04-18 15:00:00,K0122,Amman,Olive Oil,Grocery,2,6.81,13.62
INV00796,2024-04-18 15:00:00,K0122,Amman,Rice,Grocery,3,2.52,7.56
INV00796,2024-04-18 15:00:00,K0122,Amman,Sugar,Grocery,3,1.51,4.53
INV00796,2024-04-18 15:00:00,K0122,Amman,Water,Beverages,2,0.8,1.6
INV00797,2024-03-11 13:00:00,K0381,Cairo,Butter,Dairy,2,2.4,4.8
INV00798,2024-10-01 16:00:00,K0129,Riyadh,Butter,Dairy,2,2.55,5.1
INV00798,2024-10-01 16:00:00,K0129,Riyadh,Cheese,Dairy,3,4.06,12.18
INV00798,2024-10-01 16:00:00,K0129,Riyadh,Milk,Dairy,2,1.04,2.08
INV00798,2024-10-01 16:00:00,K0129,Riyadh,Water,Beverages,1,0.77,0.77
INV00799,2024-02-09 16:00:00,K0027,Cairo,Bread,Bakery,1,1.25,1.25
INV00799,2024-02-09 16:00:00,K0027,Cairo,Butter,Dairy,1,2.37,2.37
INV00799,2024-02-09 16:00:00,K0027,Cairo,Coffee,Beverages,1,5.99,5.99
INV00799,2024-02-09 16:00:00,K0027,Cairo,Olive Oil,Grocery,3,7.6,22.8
INV00800,2024-05-09 12:00:00,K0196,Casablanca,Milk,Dairy,3,1.06,3.18
INV00800,2024-05-09 12:00:00,K0196,Casablanca,Pasta,Grocery,1,1.92,1.92
INV00800,2024-05-09 12:00:00,K0196,Casablanca,Rice,Grocery,2,2.16,4.32
INV00800,2024-05-09 12:00:00,K0196,Casablanca,Tea,Beverages,2,3.78,7.56
INV00800,2024-05-09 12:00:00,K0196,Casablanca,Tomato Sauce,Grocery,1,2.3,2.3
INV00801,2024-03-02 08:00:00,K0149,Cairo,Cheese,Dairy,2,4.02,8.04
INV00802,2024-02-09 12:00:00,K0119,Casablanca,Chicken,Meat,2,8.4,16.8
INV00802,2024-02-09 12:00:00,K0119,Casablanca,Milk,Dairy,1,1.12,1.12
INV00802,2024-02-09 12:00:00,K0119,Casablanca,Tomato Sauce,Grocery,3,1.99,5.97
INV00803,2024-10-28 20:00:00,K0288,Casablanca,Cheese,Dairy,1,4.25,4.25
INV00803,2024-10-28 20:00:00,K0288,Casablanca,Olive Oil,Grocery,1,7.78,7.78
INV00803,2024-10-28 20:00:00,K0288,Casablanca,Pasta,Grocery,1,1.77,1.77
INV00803,2024-10-28 20:00:00,K0288,Casablanca,Tomato Sauce,Grocery,2,2.21,4.42
INV00804,2024-11-10 11:00:00,K0156,Riyadh,Milk,Dairy,3,1.09,3.27
INV00804,2024-11-10 11:00:00,K0156,Riyadh,Pasta,Grocery,2,1.83,3.66
INV00804,2024-11-10 11:00:00,K0156,Riyadh,Rice,Grocery,3,2.61,7.83
INV00804,2024-11-10 11:00:00,K0156,Riyadh,Yogurt,Dairy,1,2.05,2.05
INV00805,2024-03-29 15:00:00,K0088,Casablanca,Rice,Grocery,3,2.47,7.41
INV00806,2024-01-16 17:00:00,K0273,Riyadh,Apples,Produce,3,2.6,7.8
INV00806,2024-01-16 17:00:00,K0273,Riyadh,Bread,Bakery,1,1.14,1.14
INV00806,2024-01-16 17:00:00,K0273,Riyadh,Chicken,Meat,2,8.78,17.56
INV00806,2024-01-16 17:00:00,K0273,Riyadh,Milk,Dairy,3,1.13,3.39
INV00806,2024-01-16 17:00:00,K0273,Riyadh,Rice,Grocery,2,2.31,4.62
INV00807,2024-01-22 11:00:00,K0112,Amman,Chicken,Meat,2,8.63,17.26
INV00807,2024-01-22 11:00:00,K0112,Amman,Coffee,Beverages,3,6.6,19.8
INV00807,2024-01-22 11:00:00,K0112,Amman,Dates,Produce,2,5.03,10.06
INV00807,2024-01-22 11:00:00,K0112,Amman,Rice,Grocery,2,2.18,4.36
INV00808,2024-07-11 12:00:00,K0098,Riyadh,Tomato Sauce,Grocery,1,2.06,2.06
INV00809,2024-05-21 19:00:00,K0220,Amman,Baby Wipes,Baby,2,4.25,8.5
INV00809,2024-05-21 19:00:00,K0220,Amman,Bread,Bakery,3,1.23,3.69
INV00809,2024-05-21 19:00:00,K0220,Amman,Diapers,Baby,1,12.63,12.63
INV00809,2024-05-21 19:00:00,K0220,Amman,Rice,Grocery,1,2.36,2.36
INV00809,2024-05-21 19:00:00,K0220,Amman,Water,Beverages,1,0.73,0.73
INV00810,2024-08-15 12:00:00,K0302,Amman,Apples,Produce,3,3.03,9.09
INV00810,2024-08-15 12:00:00,K0302,Amman,Butter,Dairy,2,2.62,5.24
INV00810,2024-08-15 12:00:00,K0302,Amman,Cheese,Dairy,2,3.95,7.9
INV00810,2024-08-15 12:00:00,K0302,Amman,Sugar,Grocery,2,1.51,3.02
INV00810,2024-08-15 12:00:00,K0302,Amman,Tomato Sauce,Grocery,3,2.15,6.45
INV00811,2024-03-16 16:00:00,K0233,Casablanca,Chicken,Meat,2,8.31,16.62
INV00811,2024-03-16 16:00:00,K0233,Casablanca,Pasta,Grocery,3,1.7,5.1
INV00811,2024-03-16 16:00:00,K0233,Casablanca,Rice,Grocery,2,2.51,5.02
INV00811,2024-03-16 16:00:00,K0233,Casablanca,Tomato Sauce,Grocery,2,2.12,4.24
INV00812,2024-04-01 12:00:00,K0311,Casablanca,Sugar,Grocery,1,1.64,1.64
INV00813,2024-03-04 09:00:00,K0302,Riyadh,Bread,Bakery,3,1.26,3.78
INV00813,2024-03-04 09:00:00,K0302,Riyadh,Butter,Dairy,1,2.71,2.71
INV00813,2024-03-04 09:00:00,K0302,Riyadh,Pasta,Grocery,1,1.77,1.77
INV00813,2024-03-04 09:00:00,K0302,Riyadh,Tomato Sauce,Grocery,1,2.22,2.22
INV00814,2024-02-15 14:00:00,K0374,Cairo,Milk,Dairy,3,1.03,3.09
INV00815,2024-03-07 14:00:00,K0316,Amman,Apples,Produce,2,2.58,5.16
INV00815,2024-03-07 14:00:00,K0316,Amman,Dates,Produce,3,4.88,14.64
INV00815,2024-03-07 14:00:00,K0316,Amman,Milk,Dairy,2,1.07,2.14
INV00815,2024-03-07 14:00:00,K0316,Amman,Olive Oil,Grocery,1,7.18,7.18
INV00815,2024-03-07 14:00:00,K0316,Amman,Sugar,Grocery,1,1.54,1.54
INV00816,2024-08-16 19:00:00,K0321,Cairo,Coffee,Beverages,1,5.58,5.58
INV00816,2024-08-16 19:00:00,K0321,Cairo,Dates,Produce,1,4.8,4.8
INV00816,2024-08-16 19:00:00,K0321,Cairo,Milk,Dairy,3,1.05,3.15
INV00816,2024-08-16 19:00:00,K0321,Cairo,Tea,Beverages,2,3.55,7.1
INV00817,2024-12-16 10:00:00,K0129,Casablanca,Chicken,Meat,1,8.64,8.64
INV00817,2024-12-16 10:00:00,K0129,Casablanca,Pasta,Grocery,3,1.72,5.16
INV00817,2024-12-16 10:00:00,K0129,Casablanca,Rice,Grocery,2,2.58,5.16
INV00817,2024-12-16 10:00:00,K0129,Casablanca,Yogurt,Dairy,3,1.8,5.4
INV00818,2024-04-24 19:00:00,K0287,Cairo,Milk,Dairy,1,1.02,1.02
INV00818,2024-04-24 19:00:00,K0287,Cairo,Water,Beverages,2,0.76,1.52
INV00819,2024-03-13 16:00:00,K0075,Amman,Bread,Bakery,1,1.12,1.12
INV00819,2024-03-13 16:00:00,K0075,Amman,Chicken,Meat,3,8.14,24.42
INV00819,2024-03-13 16:00:00,K0075,Amman,Dates,Produce,3,4.54,13.62
INV00819,2024-03-13 16:00:00,K0075,Amman,Pasta,Grocery,1,1.75,1.75
INV00819,2024-03-13 16:00:00,K0075,Amman,Rice,Grocery,2,2.42,4.84
INV00819,2024-03-13 16:00:00,K0075,Amman,Tea,Beverages,1,3.75,3.75
INV00819,2024-03-13 16:00:00,K0075,Amman,Tomato Sauce,Grocery,2,2.32,4.64
INV00820,2024-12-04 09:00:00,K0045,Amman,Rice,Grocery,3,2.32,6.96
INV00821,2024-09-24 11:00:00,K0389,Cairo,Apples,Produce,3,2.9,8.7
INV00821,2024-09-24 11:00:00,K0389,Cairo,Baby Wipes,Baby,1,4.09,4.09
INV00821,2024-09-24 11:00:00,K0389,Cairo,Diapers,Baby,1,12.52,12.52
INV00821,2024-09-24 11:00:00,K0389,Cairo,Pasta,Grocery,1,1.75,1.75
INV00821,2024-09-24 11:00:00,K0389,Cairo,Tomato Sauce,Grocery,2,2.42,4.84
INV00822,2024-12-20 12:00:00,K0217,Casablanca,Rice,Grocery,2,2.4,4.8
INV00822,2024-12-20 12:00:00,K0217,Casablanca,Water,Beverages,1,0.75,0.75
INV00823,2024-12-24 20:00:00,K0191,Casablanca,Chicken,Meat,2,7.7,15.4
INV00824,2024-05-12 16:00:00,K0202,Cairo,Apples,Produce,2,2.87,5.74
INV00824,2024-05-12 16:00:00,K0202,Cairo,Baby Wipes,Baby,2,4.44,8.88
INV00824,2024-05-12 16:00:00,K0202,Cairo,Diapers,Baby,1,11.7,11.7
INV00824,2024-05-12 16:00:00,K0202,Cairo,Milk,Dairy,3,1.2,3.6
INV00824,2024-05-12 16:00:00,K0202,Cairo,Pasta,Grocery,1,1.87,1.87
INV00824,2024-05-12 16:00:00,K0202,Cairo,Tomato Sauce,Grocery,3,2.03,6.09
INV00825,2024-06-19 17:00:00,K0341,Casablanca,Bread,Bakery,1,1.2,1.2
INV00825,2024-06-19 17:00:00,K0341,Casablanca,Coffee,Beverages,2,6.5,13.0
INV00825,2024-06-19 17:00:00,K0341,Casablanca,Yogurt,Dairy,1,1.97,1.97
INV00826,2024-04-09 14:00:00,K0197,Cairo,Olive Oil,Grocery,1,8.19,8.19
INV00827,2024-01-18 20:00:00,K0012,Cairo,Apples,Produce,2,2.8,5.6
INV00827,2024-01-18 20:00:00,K0012,Cairo,Butter,Dairy,3,2.68,8.04
INV00827,2024-01-18 20:00:00,K0012,Cairo,Milk,Dairy,2,1.07,2.14
INV00827,2024-01-18 20:00:00,K0012,Cairo,Tomato Sauce,Grocery,2,2.17,4.34
INV00828,2024-10-14 09:00:00,K0031,Casablanca,Bread,Bakery,1,1.31,1.31
INV00828,2024-10-14 09:00:00,K0031,Casablanca,Water,Beverages,1,0.72,0.72
INV00829,2024-01-11 19:00:00,K0179,Cairo,Dates,Produce,2,5.07,10.14
INV00829,2024-01-11 19:00:00,K0179,Cairo,Milk,Dairy,3,1.2,3.6
INV00829,2024-01-11 19:00:00,K0179,Cairo,Pasta,Grocery,1,1.68,1.68
INV00829,2024-01-11 19:00:00,K0179,Cairo,Tea,Beverages,3,3.58,10.74
INV00830,2024-10-12 15:00:00,K0079,Cairo,Apples,Produce,3,2.58,7.74
INV00830,2024-10-12 15:00:00,K0079,Cairo,Tea,Beverages,3,3.25,9.75
INV00830,2024-10-12 15:00:00,K0079,Cairo,Yogurt,Dairy,3,2.01,6.03
INV00831,2024-01-29 20:00:00,K0371,Casablanca,Cheese,Dairy,2,3.96,7.92
INV00832,2024-06-23 09:00:00,K0379,Riyadh,Bread,Bakery,3,1.22,3.66
INV00832,2024-06-23 09:00:00,K0379,Riyadh,Rice,Grocery,3,2.54,7.62
INV00832,2024-06-23 09:00:00,K0379,Riyadh,Yogurt,Dairy,2,1.9,3.8
INV00833,2024-10-30 12:00:00,K0305,Riyadh,Bread,Bakery,3,1.21,3.63
INV00833,2024-10-30 12:00:00,K0305,Riyadh,Olive Oil,Grocery,2,7.72,15.44
INV00834,2024-03-07 17:00:00,K0229,Cairo,Baby Wipes,Baby,3,4.6,13.8
INV00834,2024-03-07 17:00:00,K0229,Cairo,Tea,Beverages,1,3.25,3.25
INV00834,2024-03-07 17:00:00,K0229,Cairo,Water,Beverages,1,0.73,0.73
INV00835,2024-10-06 12:00:00,K0393,Cairo,Apples,Produce,3,2.68,8.04
INV00835,2024-10-06 12:00:00,K0393,Cairo,Baby Wipes,Baby,1,4.6,4.6
INV00835,2024-10-06 12:00:00,K0393,Cairo,Dates,Produce,2,4.56,9.12
INV00835,2024-10-06 12:00:00,K0393,Cairo,Diapers,Baby,3,11.44,34.32
INV00836,2024-03-06 16:00:00,K0129,Amman,Bread,Bakery,2,1.32,2.64
INV00837,2024-10-28 10:00:00,K0048,Cairo,Butter,Dairy,3,2.52,7.56
INV00837,2024-10-28 10:00:00,K0048,Cairo,Coffee,Beverages,3,5.71,17.13
INV00837,2024-10-28 10:00:00,K0048,Cairo,Milk,Dairy,1,1.05,1.05
INV00837,2024-10-28 10:00:00,K0048,Cairo,Pasta,Grocery,2,1.68,3.36
INV00837,2024-10-28 10:00:00,K0048,Cairo,Sugar,Grocery,3,1.52,4.56
INV00837,2024-10-28 10:00:00,K0048,Cairo,Water,Beverages,1,0.85,0.85
INV00838,2024-06-24 15:00:00,K0391,Amman,Coffee,Beverages,3,5.94,17.82
INV00839,2024-08-31 18:00:00,K0272,Cairo,Butter,Dairy,2,2.36,4.72
INV00839,2024-08-31 18:00:00,K0272,Cairo,Coffee,Beverages,1,6.28,6.28
INV00839,2024-08-31 18:00:00,K0272,Cairo,Dates,Produce,3,5.49,16.47
INV00839,2024-08-31 18:00:00,K0272,Cairo,Rice,Grocery,3,2.2,6.6
INV00839,2024-08-31 18:00:00,K0272,Cairo,Sugar,Grocery,3,1.56,4.68
INV00840,2024-03-23 21:00:00,K0062,Cairo,Baby Wipes,Baby,3,4.28,12.84
INV00840,2024-03-23 21:00:00,K0062,Cairo,Chicken,Meat,1,8.35,8.35
INV00840,2024-03-23 21:00:00,K0062,Cairo,Diapers,Baby,2,13.12,26.24
INV00840,2024-03-23 21:00:00,K0062,Cairo,Pasta,Grocery,3,1.82,5.46
INV00840,2024-03-23 21:00:00,K0062,Cairo,Rice,Grocery,1,2.6,2.6
INV00840,2024-03-23 21:00:00,K0062,Cairo,Sugar,Grocery,3,1.48,4.44
INV00840,2024-03-23 21:00:00,K0062,Cairo,Tomato Sauce,Grocery,1,2.08,2.08
INV00841,2024-10-10 10:00:00,K0276,Casablanca,Apples,Produce,1,2.83,2.83
INV00841,2024-10-10 10:00:00,K0276,Casablanca,Chicken,Meat,2,8.22,16.44
INV00841,2024-10-10 10:00:00,K0276,Casablanca,Pasta,Grocery,2,1.75,3.5
INV00841,2024-10-10 10:00:00,K0276,Casablanca,Tomato Sauce,Grocery,1,2.09,2.09
INV00841,2024-10-10 10:00:00,K0276,Casablanca,Water,Beverages,2,0.8,1.6
INV00842,2024-09-19 08:00:00,K0243,Amman,Apples,Produce,3,2.74,8.22
INV00842,2024-09-19 08:00:00,K0243,Amman,Tea,Beverages,3,3.26,9.78
INV00842,2024-09-19 08:00:00,K0243,Amman,Water,Beverages,1,0.72,0.72
INV00843,2024-08-30 12:00:00,K0072,Casablanca,Tea,Beverages,1,3.75,3.75
INV00843,2024-08-30 12:00:00,K0072,Casablanca,Water,Beverages,3,0.77,2.31
INV00844,2024-02-04 08:00:00,K0370,Riyadh,Bread,Bakery,1,1.31,1.31
INV00844,2024-02-04 08:00:00,K0370,Riyadh,Water,Beverages,1,0.8,0.8
INV00845,2024-02-04 21:00:00,K0354,Riyadh,Apples,Produce,1,2.96,2.96
INV00845,2024-02-04 21:00:00,K0354,Riyadh,Cheese,Dairy,3,4.35,13.05
INV00845,2024-02-04 21:00:00,K0354,Riyadh,Sugar,Grocery,1,1.55,1.55
INV00845,2024-02-04 21:00:00,K0354,Riyadh,Yogurt,Dairy,1,1.96,1.96
INV00846,2024-11-03 17:00:00,K0300,Casablanca,Milk,Dairy,3,1.08,3.24
INV00846,2024-11-03 17:00:00,K0300,Casablanca,Water,Beverages,3,0.82,2.46
INV00847,2024-04-08 16:00:00,K0279,Cairo,Bread,Bakery,3,1.22,3.66
INV00847,2024-04-08 16:00:00,K0279,Cairo,Butter,Dairy,1,2.72,2.72
INV00847,2024-04-08 16:00:00,K0279,Cairo,Olive Oil,Grocery,1,6.8,6.8
INV00847,2024-04-08 16:00:00,K0279,Cairo,Sugar,Grocery,2,1.53,3.06
INV00847,2024-04-08 16:00:00,K0279,Cairo,Water,Beverages,2,0.75,1.5
INV00848,2024-01-08 16:00:00,K0131,Amman,Apples,Produce,1,3.07,3.07
INV00848,2024-01-08 16:00:00,K0131,Amman,Butter,Dairy,2,2.28,4.56
INV00848,2024-01-08 16:00:00,K0131,Amman,Dates,Produce,1,4.57,4.57
INV00848,2024-01-08 16:00:00,K0131,Amman,Pasta,Grocery,2,1.64,3.28
INV00848,2024-01-08 16:00:00,K0131,Amman,Rice,Grocery,2,2.56,5.12
INV00849,2024-08-11 10:00:00,K0113,Cairo,Milk,Dairy,3,1.03,3.09
INV00850,2024-05-08 18:00:00,K0385,Amman,Butter,Dairy,2,2.67,5.34
INV00850,2024-05-08 18:00:00,K0385,Amman,Coffee,Beverages,2,6.33,12.66
INV00850,2024-05-08 18:00:00,K0385,Amman,Milk,Dairy,3,1.03,3.09
INV00850,2024-05-08 18:00:00,K0385,Amman,Sugar,Grocery,3,1.53,4.59
INV00850,2024-05-08 18:00:00,K0385,Amman,Yogurt,Dairy,1,2.08,2.08
INV00851,2024-11-24 20:00:00,K0338,Cairo,Milk,Dairy,3,1.0,3.0
INV00851,2024-11-24 20:00:00,K0338,Cairo,Olive Oil,Grocery,1,8.11,8.11
INV00851,2024-11-24 20:00:00,K0338,Cairo,Rice,Grocery,1,2.42,2.42
INV00851,2024-11-24 20:00:00,K0338,Cairo,Water,Beverages,3,0.76,2.28
INV00851,2024-11-24 20:00:00,K0338,Cairo,Yogurt,Dairy,3,1.87,5.61
INV00852,2024-08-18 17:00:00,K0362,Casablanca,Bread,Bakery,3,1.25,3.75
INV00852,2024-08-18 17:00:00,K0362,Casablanca,Butter,Dairy,1,2.65,2.65
INV00852,2024-08-18 17:00:00,K0362,Casablanca,Milk,Dairy,2,1.18,2.36
INV00852,2024-08-18 17:00:00,K0362,Casablanca,Sugar,Grocery,3,1.39,4.17
INV00852,2024-08-18 17:00:00,K0362,Casablanca,Water,Beverages,3,0.76,2.28
INV00853,2024-09-28 11:00:00,K0057,Cairo,Bread,Bakery,2,1.24,2.48
INV00853,2024-09-28 11:00:00,K0057,Cairo,Butter,Dairy,2,2.5,5.0
INV00854,2024-12-25 13:00:00,K0160,Cairo,Sugar,Grocery,3,1.54,4.62
INV00854,2024-12-25 13:00:00,K0160,Cairo,Tomato Sauce,Grocery,2,2.19,4.38
INV00855,2024-07-04 20:00:00,K0288,Amman,Dates,Produce,1,5.36,5.36
INV00855,2024-07-04 20:00:00,K0288,Amman,Milk,Dairy,1,1.09,1.09
INV00855,2024-07-04 20:00:00,K0288,Amman,Tea,Beverages,1,3.83,3.83
INV00855,2024-07-04 20:00:00,K0288,Amman,Tomato Sauce,Grocery,1,2.08,2.08
INV00856,2024-09-05 20:00:00,K0198,Casablanca,Butter,Dairy,2,2.61,5.22
INV00856,2024-09-05 20:00:00,K0198,Casablanca,Dates,Produce,3,4.96,14.88
INV00856,2024-09-05 20:00:00,K0198,Casablanca,Milk,Dairy,1,1.03,1.03
INV00856,2024-09-05 20:00:00,K0198,Casablanca,Tomato Sauce,Grocery,1,2.04,2.04
INV00857,2024-11-23 20:00:00,K0209,Cairo,Bread,Bakery,1,1.12,1.12
INV00857,2024-11-23 20:00:00,K0209,Cairo,Butter,Dairy,1,2.64,2.64
INV00857,2024-11-23 20:00:00,K0209,Cairo,Dates,Produce,1,5.37,5.37
INV00858,2024-03-17 20:00:00,K0142,Riyadh,Bread,Bakery,3,1.14,3.42
INV00858,2024-03-17 20:00:00,K0142,Riyadh,Butter,Dairy,3,2.74,8.22
INV00859,2024-04-08 08:00:00,K0095,Casablanca,Bread,Bakery,1,1.15,1.15
INV00859,2024-04-08 08:00:00,K0095,Casablanca,Cheese,Dairy,1,3.68,3.68
INV00859,2024-04-08 08:00:00,K0095,Casablanca,Milk,Dairy,1,1.15,1.15
INV00860,2024-06-23 19:00:00,K0251,Casablanca,Apples,Produce,2,2.99,5.98
INV00860,2024-06-23 19:00:00,K0251,Casablanca,Butter,Dairy,1,2.63,2.63
INV00860,2024-06-23 19:00:00,K0251,Casablanca,Dates,Produce,2,4.87,9.74
INV00860,2024-06-23 19:00:00,K0251,Casablanca,Yogurt,Dairy,2,1.83,3.66
INV00861,2024-08-27 12:00:00,K0250,Riyadh,Chicken,Meat,2,8.77,17.54
INV00861,2024-08-27 12:00:00,K0250,Riyadh,Diapers,Baby,1,12.97,12.97
INV00861,2024-08-27 12:00:00,K0250,Riyadh,Tomato Sauce,Grocery,3,2.38,7.14
INV00861,2024-08-27 12:00:00,K0250,Riyadh,Water,Beverages,2,0.74,1.48
INV00862,2024-01-03 08:00:00,K0369,Casablanca,Chicken,Meat,1,8.45,8.45
INV00862,2024-01-03 08:00:00,K0369,Casablanca,Milk,Dairy,1,1.19,1.19
INV00862,2024-01-03 08:00:00,K0369,Casablanca,Pasta,Grocery,2,1.96,3.92
INV00862,2024-01-03 08:00:00,K0369,Casablanca,Yogurt,Dairy,2,1.85,3.7
INV00863,2024-04-16 14:00:00,K0023,Amman,Baby Wipes,Baby,1,4.69,4.69
INV00863,2024-04-16 14:00:00,K0023,Amman,Olive Oil,Grocery,2,8.24,16.48
INV00864,2024-01-27 21:00:00,K0237,Amman,Apples,Produce,3,2.86,8.58
INV00864,2024-01-27 21:00:00,K0237,Amman,Coffee,Beverages,2,6.42,12.84
INV00864,2024-01-27 21:00:00,K0237,Amman,Rice,Grocery,3,2.37,7.11
INV00864,2024-01-27 21:00:00,K0237,Amman,Tomato Sauce,Grocery,3,2.2,6.6
INV00865,2024-12-17 11:00:00,K0321,Amman,Bread,Bakery,1,1.3,1.3
INV00865,2024-12-17 11:00:00,K0321,Amman,Butter,Dairy,3,2.32,6.96
INV00866,2024-12-12 17:00:00,K0070,Riyadh,Water,Beverages,3,0.75,2.25
INV00867,2024-04-29 12:00:00,K0129,Riyadh,Pasta,Grocery,1,1.88,1.88
INV00868,2024-01-29 15:00:00,K0352,Riyadh,Butter,Dairy,2,2.34,4.68
INV00868,2024-01-29 15:00:00,K0352,Riyadh,Milk,Dairy,1,1.01,1.01
INV00868,2024-01-29 15:00:00,K0352,Riyadh,Tomato Sauce,Grocery,3,2.39,7.17
INV00868,2024-01-29 15:00:00,K0352,Riyadh,Yogurt,Dairy,2,1.83,3.66
INV00869,2024-10-16 13:00:00,K0353,Riyadh,Apples,Produce,3,3.0,9.0
INV00869,2024-10-16 13:00:00,K0353,Riyadh,Bread,Bakery,2,1.29,2.58
INV00869,2024-10-16 13:00:00,K0353,Riyadh,Butter,Dairy,3,2.73,8.19
INV00869,2024-10-16 13:00:00,K0353,Riyadh,Rice,Grocery,1,2.51,2.51
INV00869,2024-10-16 13:00:00,K0353,Riyadh,Yogurt,Dairy,1,1.87,1.87
INV00870,2024-10-08 14:00:00,K0289,Riyadh,Apples,Produce,2,2.91,5.82
INV00870,2024-10-08 14:00:00,K0289,Riyadh,Baby Wipes,Baby,2,4.24,8.48
INV00870,2024-10-08 14:00:00,K0289,Riyadh,Diapers,Baby,1,11.23,11.23
INV00870,2024-10-08 14:00:00,K0289,Riyadh,Milk,Dairy,2,1.06,2.12
INV00870,2024-10-08 14:00:00,K0289,Riyadh,Tomato Sauce,Grocery,2,2.01,4.02
INV00870,2024-10-08 14:00:00,K0289,Riyadh,Water,Beverages,2,0.78,1.56
INV00871,2024-10-03 10:00:00,K0090,Casablanca,Chicken,Meat,2,8.75,17.5
INV00871,2024-10-03 10:00:00,K0090,Casablanca,Milk,Dairy,2,1.03,2.06
INV00871,2024-10-03 10:00:00,K0090,Casablanca,Rice,Grocery,2,2.6,5.2
INV00871,2024-10-03 10:00:00,K0090,Casablanca,Tea,Beverages,1,3.68,3.68
INV00871,2024-10-03 10:00:00,K0090,Casablanca,Water,Beverages,2,0.83,1.66
INV00872,2024-12-14 17:00:00,K0394,Casablanca,Chicken,Meat,3,8.45,25.35
INV00872,2024-12-14 17:00:00,K0394,Casablanca,Coffee,Beverages,1,6.3,6.3
INV00872,2024-12-14 17:00:00,K0394,Casablanca,Pasta,Grocery,1,1.92,1.92
INV00872,2024-12-14 17:00:00,K0394,Casablanca,Tomato Sauce,Grocery,3,2.37,7.11
INV00873,2024-01-03 15:00:00,K0115,Casablanca,Bread,Bakery,3,1.21,3.63
INV00873,2024-01-03 15:00:00,K0115,Casablanca,Butter,Dairy,1,2.64,2.64
INV00873,2024-01-03 15:00:00,K0115,Casablanca,Chicken,Meat,2,8.63,17.26
INV00873,2024-01-03 15:00:00,K0115,Casablanca,Milk,Dairy,1,1.11,1.11
INV00873,2024-01-03 15:00:00,K0115,Casablanca,Rice,Grocery,2,2.26,4.52
INV00873,2024-01-03 15:00:00,K0115,Casablanca,Water,Beverages,3,0.76,2.28
INV00874,2024-04-20 19:00:00,K0396,Cairo,Baby Wipes,Baby,1,4.63,4.63
INV00874,2024-04-20 19:00:00,K0396,Cairo,Bread,Bakery,3,1.12,3.36
INV00874,2024-04-20 19:00:00,K0396,Cairo,Butter,Dairy,2,2.35,4.7
INV00874,2024-04-20 19:00:00,K0396,Cairo,Water,Beverages,2,0.82,1.64
INV00875,2024-04-28 16:00:00,K0280,Cairo,Dates,Produce,3,5.14,15.42
INV00875,2024-04-28 16:00:00,K0280,Cairo,Tomato Sauce,Grocery,3,2.33,6.99
INV00876,2024-02-15 11:00:00,K0210,Casablanca,Bread,Bakery,2,1.09,2.18
INV00876,2024-02-15 11:00:00,K0210,Casablanca,Butter,Dairy,2,2.47,4.94
INV00876,2024-02-15 11:00:00,K0210,Casablanca,Coffee,Beverages,2,5.77,11.54
INV00876,2024-02-15 11:00:00,K0210,Casablanca,Sugar,Grocery,1,1.41,1.41
INV00877,2024-08-17 09:00:00,K0241,Cairo,Baby Wipes,Baby,3,4.37,13.11
INV00877,2024-08-17 09:00:00,K0241,Cairo,Bread,Bakery,1,1.21,1.21
INV00877,2024-08-17 09:00:00,K0241,Cairo,Butter,Dairy,1,2.59,2.59
INV00877,2024-08-17 09:00:00,K0241,Cairo,Chicken,Meat,2,9.12,18.24
INV00877,2024-08-17 09:00:00,K0241,Cairo,Coffee,Beverages,1,6.53,6.53
INV00877,2024-08-17 09:00:00,K0241,Cairo,Diapers,Baby,1,11.23,11.23
INV00877,2024-08-17 09:00:00,K0241,Cairo,Milk,Dairy,2,1.11,2.22
INV00877,2024-08-17 09:00:00,K0241,Cairo,Rice,Grocery,3,2.24,6.72
INV00877,2024-08-17 09:00:00,K0241,Cairo,Sugar,Grocery,1,1.46,1.46
INV00878,2024-10-26 14:00:00,K0207,Casablanca,Chicken,Meat,3,8.35,25.05
INV00878,2024-10-26 14:00:00,K0207,Casablanca,Milk,Dairy,1,1.1,1.1
INV00879,2024-10-23 09:00:00,K0292,Amman,Bread,Bakery,1,1.15,1.15
INV00879,2024-10-23 09:00:00,K0292,Amman,Butter,Dairy,2,2.46,4.92
INV00880,2024-07-10 20:00:00,K0054,Amman,Bread,Bakery,2,1.13,2.26
INV00880,2024-07-10 20:00:00,K0054,Amman,Butter,Dairy,2,2.34,4.68
INV00880,2024-07-10 20:00:00,K0054,Amman,Milk,Dairy,1,1.12,1.12
INV00880,2024-07-10 20:00:00,K0054,Amman,Water,Beverages,2,0.79,1.58
INV00881,2024-01-27 14:00:00,K0340,Riyadh,Dates,Produce,1,4.69,4.69
INV00882,2024-02-09 11:00:00,K0167,Amman,Chicken,Meat,1,8.57,8.57
INV00882,2024-02-09 11:00:00,K0167,Amman,Rice,Grocery,3,2.42,7.26
INV00883,2024-10-20 13:00:00,K0368,Riyadh,Milk,Dairy,1,1.06,1.06
INV00883,2024-10-20 13:00:00,K0368,Riyadh,Tomato Sauce,Grocery,3,2.14,6.42
INV00884,2024-08-14 17:00:00,K0065,Riyadh,Apples,Produce,3,2.7,8.1
INV00885,2024-06-09 14:00:00,K0320,Amman,Rice,Grocery,1,2.6,2.6
INV00886,2024-12-30 21:00:00,K0197,Cairo,Milk,Dairy,2,1.06,2.12
INV00886,2024-12-30 21:00:00,K0197,Cairo,Olive Oil,Grocery,3,7.73,23.19
INV00887,2024-06-19 12:00:00,K0126,Casablanca,Coffee,Beverages,3,5.59,16.77
INV00887,2024-06-19 12:00:00,K0126,Casablanca,Milk,Dairy,1,1.08,1.08
INV00887,2024-06-19 12:00:00,K0126,Casablanca,Pasta,Grocery,2,1.95,3.9
INV00888,2024-11-30 08:00:00,K0202,Amman,Apples,Produce,1,2.81,2.81
INV00888,2024-11-30 08:00:00,K0202,Amman,Chicken,Meat,1,8.56,8.56
INV00888,2024-11-30 08:00:00,K0202,Amman,Pasta,Grocery,3,1.89,5.67
INV00888,2024-11-30 08:00:00,K0202,Amman,Sugar,Grocery,1,1.63,1.63
INV00888,2024-11-30 08:00:00,K0202,Amman,Tomato Sauce,Grocery,1,2.02,2.02
INV00888,2024-11-30 08:00:00,K0202,Amman,Water,Beverages,1,0.78,0.78
INV00889,2024-09-14 14:00:00,K0144,Cairo,Baby Wipes,Baby,2,4.85,9.7
INV00889,2024-09-14 14:00:00,K0144,Cairo,Diapers,Baby,3,12.1,36.3
INV00890,2024-05-01 11:00:00,K0009,Cairo,Bread,Bakery,2,1.1,2.2
INV00890,2024-05-01 11:00:00,K0009,Cairo,Butter,Dairy,1,2.63,2.63
INV00890,2024-05-01 11:00:00,K0009,Cairo,Dates,Produce,1,4.67,4.67
INV00890,2024-05-01 11:00:00,K0009,Cairo,Rice,Grocery,1,2.44,2.44
INV00890,2024-05-01 11:00:00,K0009,Cairo,Tomato Sauce,Grocery,1,2.3,2.3
INV00891,2024-12-06 20:00:00,K0246,Riyadh,Dates,Produce,3,4.92,14.76
INV00891,2024-12-06 20:00:00,K0246,Riyadh,Water,Beverages,3,0.87,2.61
INV00892,2024-10-02 11:00:00,K0392,Casablanca,Apples,Produce,2,3.06,6.12
INV00892,2024-10-02 11:00:00,K0392,Casablanca,Cheese,Dairy,1,4.05,4.05
INV00892,2024-10-02 11:00:00,K0392,Casablanca,Chicken,Meat,3,8.75,26.25
INV00892,2024-10-02 11:00:00,K0392,Casablanca,Milk,Dairy,3,1.1,3.3
INV00893,2024-12-12 12:00:00,K0304,Casablanca,Butter,Dairy,3,2.37,7.11
INV00893,2024-12-12 12:00:00,K0304,Casablanca,Water,Beverages,1,0.73,0.73
INV00894,2024-07-15 08:00:00,K0282,Riyadh,Pasta,Grocery,1,1.77,1.77
INV00895,2024-05-21 08:00:00,K0002,Cairo,Cheese,Dairy,2,4.15,8.3
INV00895,2024-05-21 08:00:00,K0002,Cairo,Coffee,Beverages,2,5.67,11.34
INV00895,2024-05-21 08:00:00,K0002,Cairo,Dates,Produce,3,4.74,14.22
INV00895,2024-05-21 08:00:00,K0002,Cairo,Pasta,Grocery,3,1.69,5.07
INV00895,2024-05-21 08:00:00,K0002,Cairo,Tea,Beverages,1,3.27,3.27
INV00896,2024-12-16 11:00:00,K0262,Casablanca,Chicken,Meat,3,8.07,24.21
INV00896,2024-12-16 11:00:00,K0262,Casablanca,Rice,Grocery,3,2.22,6.66
INV00897,2024-11-05 21:00:00,K0031,Cairo,Chicken,Meat,1,9.23,9.23
INV00897,2024-11-05 21:00:00,K0031,Cairo,Tea,Beverages,2,3.6,7.2
INV00897,2024-11-05 21:00:00,K0031,Cairo,Yogurt,Dairy,3,2.04,6.12
INV00898,2024-01-31 11:00:00,K0317,Casablanca,Tomato Sauce,Grocery,1,2.34,2.34
INV00899,2024-03-20 11:00:00,K0107,Cairo,Bread,Bakery,2,1.18,2.36
INV00899,2024-03-20 11:00:00,K0107,Cairo,Rice,Grocery,3,2.31,6.93
INV00899,2024-03-20 11:00:00,K0107,Cairo,Yogurt,Dairy,1,1.72,1.72
INV00900,2024-05-07 17:00:00,K0284,Casablanca,Apples,Produce,1,2.93,2.93
INV00900,2024-05-07 17:00:00,K0284,Casablanca,Bread,Bakery,3,1.15,3.45
INV00900,2024-05-07 17:00:00,K0284,Casablanca,Butter,Dairy,2,2.68,5.36
INV00900,2024-05-07 17:00:00,K0284,Casablanca,Milk,Dairy,2,1.05,2.1
INV00901,2024-05-24 16:00:00,K0259,Amman,Coffee,Beverages,3,5.89,17.67
INV00901,2024-05-24 16:00:00,K0259,Amman,Milk,Dairy,1,1.12,1.12
INV00901,2024-05-24 16:00:00,K0259,Amman,Tomato Sauce,Grocery,1,2.29,2.29
INV00902,2024-02-04 19:00:00,K0317,Amman,Apples,Produce,2,3.06,6.12
INV00902,2024-02-04 19:00:00,K0317,Amman,Bread,Bakery,3,1.11,3.33
INV00902,2024-02-04 19:00:00,K0317,Amman,Tomato Sauce,Grocery,1,2.17,2.17
INV00903,2024-02-29 15:00:00,K0158,Casablanca,Baby Wipes,Baby,2,4.08,8.16
INV00903,2024-02-29 15:00:00,K0158,Casablanca,Bread,Bakery,3,1.27,3.81
INV00903,2024-02-29 15:00:00,K0158,Casablanca,Butter,Dairy,1,2.47,2.47
INV00903,2024-02-29 15:00:00,K0158,Casablanca,Chicken,Meat,1,9.27,9.27
INV00903,2024-02-29 15:00:00,K0158,Casablanca,Diapers,Baby,1,12.81,12.81
INV00903,2024-02-29 15:00:00,K0158,Casablanca,Milk,Dairy,2,1.05,2.1
INV00903,2024-02-29 15:00:00,K0158,Casablanca,Tea,Beverages,3,3.26,9.78
INV00904,2024-10-27 21:00:00,K0274,Riyadh,Butter,Dairy,2,2.49,4.98
INV00904,2024-10-27 21:00:00,K0274,Riyadh,Coffee,Beverages,1,5.75,5.75
INV00904,2024-10-27 21:00:00,K0274,Riyadh,Dates,Produce,1,5.42,5.42
INV00904,2024-10-27 21:00:00,K0274,Riyadh,Milk,Dairy,3,1.11,3.33
INV00904,2024-10-27 21:00:00,K0274,Riyadh,Tomato Sauce,Grocery,3,2.38,7.14
INV00905,2024-07-24 18:00:00,K0193,Casablanca,Butter,Dairy,2,2.6,5.2
INV00905,2024-07-24 18:00:00,K0193,Casablanca,Water,Beverages,3,0.77,2.31
INV00906,2024-04-17 13:00:00,K0035,Cairo,Yogurt,Dairy,1,1.91,1.91
INV00907,2024-09-10 10:00:00,K0299,Cairo,Coffee,Beverages,2,6.23,12.46
INV00908,2024-02-13 20:00:00,K0021,Riyadh,Apples,Produce,2,2.69,5.38
INV00908,2024-02-13 20:00:00,K0021,Riyadh,Bread,Bakery,3,1.1,3.3
INV00908,2024-02-13 20:00:00,K0021,Riyadh,Butter,Dairy,1,2.51,2.51
INV00908,2024-02-13 20:00:00,K0021,Riyadh,Milk,Dairy,2,1.2,2.4
INV00908,2024-02-13 20:00:00,K0021,Riyadh,Rice,Grocery,1,2.19,2.19
INV00909,2024-11-02 15:00:00,K0067,Riyadh,Apples,Produce,2,3.05,6.1
INV00909,2024-11-02 15:00:00,K0067,Riyadh,Bread,Bakery,1,1.21,1.21
INV00909,2024-11-02 15:00:00,K0067,Riyadh,Coffee,Beverages,2,5.96,11.92
INV00909,2024-11-02 15:00:00,K0067,Riyadh,Dates,Produce,2,5.47,10.94
INV00909,2024-11-02 15:00:00,K0067,Riyadh,Olive Oil,Grocery,3,7.67,23.01
INV00909,2024-11-02 15:00:00,K0067,Riyadh,Sugar,Grocery,3,1.56,4.68
INV00910,2024-07-18 10:00:00,K0305,Riyadh,Bread,Bakery,3,1.14,3.42
INV00910,2024-07-18 10:00:00,K0305,Riyadh,Pasta,Grocery,1,1.84,1.84
INV00910,2024-07-18 10:00:00,K0305,Riyadh,Sugar,Grocery,2,1.61,3.22
INV00910,2024-07-18 10:00:00,K0305,Riyadh,Tomato Sauce,Grocery,3,2.17,6.51
INV00911,2024-10-08 10:00:00,K0115,Casablanca,Chicken,Meat,3,8.79,26.37
INV00911,2024-10-08 10:00:00,K0115,Casablanca,Rice,Grocery,1,2.16,2.16
INV00911,2024-10-08 10:00:00,K0115,Casablanca,Tea,Beverages,2,3.59,7.18
INV00912,2024-01-30 15:00:00,K0100,Casablanca,Coffee,Beverages,2,5.82,11.64
INV00912,2024-01-30 15:00:00,K0100,Casablanca,Sugar,Grocery,3,1.61,4.83
INV00913,2024-10-29 20:00:00,K0393,Amman,Dates,Produce,3,5.21,15.63
INV00913,2024-10-29 20:00:00,K0393,Amman,Rice,Grocery,2,2.5,5.0
INV00914,2024-06-26 21:00:00,K0183,Casablanca,Apples,Produce,2,2.57,5.14
INV00914,2024-06-26 21:00:00,K0183,Casablanca,Bread,Bakery,1,1.16,1.16
INV00914,2024-06-26 21:00:00,K0183,Casablanca,Cheese,Dairy,2,4.07,8.14
INV00914,2024-06-26 21:00:00,K0183,Casablanca,Coffee,Beverages,1,6.6,6.6
INV00914,2024-06-26 21:00:00,K0183,Casablanca,Water,Beverages,3,0.77,2.31
INV00915,2024-10-04 12:00:00,K0395,Casablanca,Milk,Dairy,3,1.18,3.54
INV00915,2024-10-04 12:00:00,K0395,Casablanca,Yogurt,Dairy,1,2.0,2.0
INV00916,2024-10-18 21:00:00,K0124,Riyadh,Bread,Bakery,3,1.22,3.66
INV00916,2024-10-18 21:00:00,K0124,Riyadh,Butter,Dairy,3,2.59,7.77
INV00917,2024-04-24 11:00:00,K0261,Cairo,Cheese,Dairy,3,3.92,11.76
INV00917,2024-04-24 11:00:00,K0261,Cairo,Pasta,Grocery,3,1.94,5.82
INV00917,2024-04-24 11:00:00,K0261,Cairo,Tomato Sauce,Grocery,1,2.07,2.07
INV00918,2024-03-23 15:00:00,K0256,Cairo,Bread,Bakery,2,1.3,2.6
INV00918,2024-03-23 15:00:00,K0256,Cairo,Chicken,Meat,1,8.55,8.55
INV00918,2024-03-23 15:00:00,K0256,Cairo,Milk,Dairy,1,1.21,1.21
INV00918,2024-03-23 15:00:00,K0256,Cairo,Rice,Grocery,1,2.37,2.37
INV00918,2024-03-23 15:00:00,K0256,Cairo,Water,Beverages,2,0.82,1.64
INV00919,2024-08-14 18:00:00,K0301,Cairo,Coffee,Beverages,1,5.53,5.53
INV00919,2024-08-14 18:00:00,K0301,Cairo,Milk,Dairy,1,1.05,1.05
INV00919,2024-08-14 18:00:00,K0301,Cairo,Sugar,Grocery,3,1.6,4.8
INV00919,2024-08-14 18:00:00,K0301,Cairo,Tomato Sauce,Grocery,3,2.13,6.39
INV00919,2024-08-14 18:00:00,K0301,Cairo,Water,Beverages,1,0.88,0.88
INV00919,2024-08-14 18:00:00,K0301,Cairo,Yogurt,Dairy,2,2.03,4.06
INV00920,2024-01-10 09:00:00,K0179,Cairo,Chicken,Meat,1,9.13,9.13
INV00920,2024-01-10 09:00:00,K0179,Cairo,Milk,Dairy,1,1.16,1.16
INV00920,2024-01-10 09:00:00,K0179,Cairo,Rice,Grocery,3,2.39,7.17
INV00921,2024-05-12 08:00:00,K0347,Cairo,Apples,Produce,1,2.62,2.62
INV00921,2024-05-12 08:00:00,K0347,Cairo,Bread,Bakery,3,1.17,3.51
INV00921,2024-05-12 08:00:00,K0347,Cairo,Butter,Dairy,2,2.47,4.94
INV00921,2024-05-12 08:00:00,K0347,Cairo,Pasta,Grocery,3,1.76,5.28
INV00922,2024-11-29 09:00:00,K0212,Casablanca,Olive Oil,Grocery,1,7.91,7.91
INV00922,2024-11-29 09:00:00,K0212,Casablanca,Rice,Grocery,3,2.44,7.32
INV00922,2024-11-29 09:00:00,K0212,Casablanca,Tea,Beverages,3,3.25,9.75
INV00922,2024-11-29 09:00:00,K0212,Casablanca,Yogurt,Dairy,3,2.05,6.15
INV00923,2024-06-11 16:00:00,K0043,Amman,Bread,Bakery,2,1.26,2.52
INV00923,2024-06-11 16:00:00,K0043,Amman,Coffee,Beverages,2,5.47,10.94
INV00923,2024-06-11 16:00:00,K0043,Amman,Sugar,Grocery,3,1.62,4.86
INV00923,2024-06-11 16:00:00,K0043,Amman,Water,Beverages,3,0.75,2.25
INV00923,2024-06-11 16:00:00,K0043,Amman,Yogurt,Dairy,1,1.75,1.75
INV00924,2024-09-13 19:00:00,K0271,Casablanca,Milk,Dairy,3,1.12,3.36
INV00924,2024-09-13 19:00:00,K0271,Casablanca,Olive Oil,Grocery,2,6.98,13.96
INV00925,2024-10-07 11:00:00,K0391,Cairo,Bread,Bakery,3,1.09,3.27
INV00925,2024-10-07 11:00:00,K0391,Cairo,Chicken,Meat,2,9.34,18.68
INV00925,2024-10-07 11:00:00,K0391,Cairo,Milk,Dairy,1,1.08,1.08
INV00925,2024-10-07 11:00:00,K0391,Cairo,Olive Oil,Grocery,3,6.85,20.55
INV00925,2024-10-07 11:00:00,K0391,Cairo,Rice,Grocery,1,2.41,2.41
INV00925,2024-10-07 11:00:00,K0391,Cairo,Water,Beverages,1,0.81,0.81
INV00926,2024-08-06 15:00:00,K0097,Casablanca,Dates,Produce,1,5.48,5.48
INV00926,2024-08-06 15:00:00,K0097,Casablanca,Tea,Beverages,1,3.8,3.8
INV00927,2024-04-30 11:00:00,K0081,Riyadh,Apples,Produce,1,2.84,2.84
INV00928,2024-07-12 11:00:00,K0365,Casablanca,Milk,Dairy,3,1.13,3.39
INV00929,2024-11-27 18:00:00,K0157,Casablanca,Coffee,Beverages,1,6.31,6.31
INV00929,2024-11-27 18:00:00,K0157,Casablanca,Milk,Dairy,2,1.18,2.36
INV00929,2024-11-27 18:00:00,K0157,Casablanca,Pasta,Grocery,3,1.68,5.04
INV00929,2024-11-27 18:00:00,K0157,Casablanca,Sugar,Grocery,1,1.58,1.58
INV00930,2024-06-07 11:00:00,K0288,Riyadh,Apples,Produce,1,2.86,2.86
INV00930,2024-06-07 11:00:00,K0288,Riyadh,Bread,Bakery,2,1.18,2.36
INV00930,2024-06-07 11:00:00,K0288,Riyadh,Coffee,Beverages,2,6.49,12.98
INV00930,2024-06-07 11:00:00,K0288,Riyadh,Pasta,Grocery,2,1.65,3.3
INV00930,2024-06-07 11:00:00,K0288,Riyadh,Tomato Sauce,Grocery,3,2.08,6.24
INV00931,2024-01-22 11:00:00,K0060,Riyadh,Apples,Produce,2,2.57,5.14
INV00931,2024-01-22 11:00:00,K0060,Riyadh,Bread,Bakery,1,1.25,1.25
INV00931,2024-01-22 11:00:00,K0060,Riyadh,Butter,Dairy,2,2.53,5.06
INV00931,2024-01-22 11:00:00,K0060,Riyadh,Rice,Grocery,2,2.18,4.36
INV00932,2024-03-07 10:00:00,K0344,Riyadh,Apples,Produce,1,2.54,2.54
INV00932,2024-03-07 10:00:00,K0344,Riyadh,Butter,Dairy,3,2.71,8.13
INV00932,2024-03-07 10:00:00,K0344,Riyadh,Milk,Dairy,2,1.19,2.38
INV00932,2024-03-07 10:00:00,K0344,Riyadh,Pasta,Grocery,1,1.63,1.63
INV00932,2024-03-07 10:00:00,K0344,Riyadh,Yogurt,Dairy,1,2.0,2.0
INV00933,2024-02-11 09:00:00,K0291,Riyadh,Coffee,Beverages,3,6.45,19.35
INV00933,2024-02-11 09:00:00,K0291,Riyadh,Dates,Produce,2,4.56,9.12
INV00933,2024-02-11 09:00:00,K0291,Riyadh,Milk,Dairy,3,1.09,3.27
INV00933,2024-02-11 09:00:00,K0291,Riyadh,Tea,Beverages,2,3.2,6.4
INV00933,2024-02-11 09:00:00,K0291,Riyadh,Water,Beverages,3,0.81,2.43
INV00934,2024-01-07 14:00:00,K0372,Cairo,Chicken,Meat,3,7.94,23.82
INV00934,2024-01-07 14:00:00,K0372,Cairo,Coffee,Beverages,1,6.31,6.31
INV00935,2024-02-08 08:00:00,K0244,Cairo,Coffee,Beverages,2,5.73,11.46
INV00935,2024-02-08 08:00:00,K0244,Cairo,Dates,Produce,2,5.1,10.2
INV00935,2024-02-08 08:00:00,K0244,Cairo,Pasta,Grocery,1,1.97,1.97
INV00935,2024-02-08 08:00:00,K0244,Cairo,Sugar,Grocery,3,1.42,4.26
INV00935,2024-02-08 08:00:00,K0244,Cairo,Tea,Beverages,3,3.8,11.4
INV00935,2024-02-08 08:00:00,K0244,Cairo,Tomato Sauce,Grocery,2,2.09,4.18
INV00935,2024-02-08 08:00:00,K0244,Cairo,Water,Beverages,2,0.78,1.56
INV00936,2024-07-25 14:00:00,K0330,Cairo,Apples,Produce,2,2.83,5.66
INV00936,2024-07-25 14:00:00,K0330,Cairo,Chicken,Meat,1,7.86,7.86
INV00936,2024-07-25 14:00:00,K0330,Cairo,Rice,Grocery,2,2.38,4.76
INV00936,2024-07-25 14:00:00,K0330,Cairo,Tea,Beverages,1,3.37,3.37
INV00937,2024-03-05 09:00:00,K0328,Riyadh,Milk,Dairy,1,1.18,1.18
INV00938,2024-01-30 17:00:00,K0318,Casablanca,Apples,Produce,3,2.88,8.64
INV00938,2024-01-30 17:00:00,K0318,Casablanca,Bread,Bakery,3,1.16,3.48
INV00938,2024-01-30 17:00:00,K0318,Casablanca,Cheese,Dairy,1,3.65,3.65
INV00938,2024-01-30 17:00:00,K0318,Casablanca,Rice,Grocery,3,2.17,6.51
INV00938,2024-01-30 17:00:00,K0318,Casablanca,Tomato Sauce,Grocery,3,2.01,6.03
INV00939,2024-02-14 17:00:00,K0229,Riyadh,Butter,Dairy,1,2.55,2.55
INV00939,2024-02-14 17:00:00,K0229,Riyadh,Water,Beverages,2,0.78,1.56
INV00940,2024-08-15 08:00:00,K0097,Amman,Apples,Produce,2,2.86,5.72
INV00940,2024-08-15 08:00:00,K0097,Amman,Bread,Bakery,1,1.14,1.14
INV00940,2024-08-15 08:00:00,K0097,Amman,Butter,Dairy,2,2.48,4.96
INV00940,2024-08-15 08:00:00,K0097,Amman,Milk,Dairy,3,1.08,3.24
INV00940,2024-08-15 08:00:00,K0097,Amman,Water,Beverages,3,0.79,2.37
INV00941,2024-09-27 16:00:00,K0237,Casablanca,Chicken,Meat,3,8.63,25.89
INV00941,2024-09-27 16:00:00,K0237,Casablanca,Rice,Grocery,1,2.41,2.41
INV00942,2024-06-13 14:00:00,K0282,Casablanca,Tomato Sauce,Grocery,2,2.26,4.52
INV00942,2024-06-13 14:00:00,K0282,Casablanca,Water,Beverages,2,0.84,1.68
INV00943,2024-07-24 21:00:00,K0349,Casablanca,Butter,Dairy,2,2.45,4.9
INV00943,2024-07-24 21:00:00,K0349,Casablanca,Cheese,Dairy,1,3.84,3.84
INV00943,2024-07-24 21:00:00,K0349,Casablanca,Dates,Produce,2,4.95,9.9
INV00943,2024-07-24 21:00:00,K0349,Casablanca,Sugar,Grocery,1,1.39,1.39
INV00943,2024-07-24 21:00:00,K0349,Casablanca,Tea,Beverages,1,3.21,3.21
INV00943,2024-07-24 21:00:00,K0349,Casablanca,Yogurt,Dairy,2,1.87,3.74
INV00944,2024-08-22 17:00:00,K0117,Amman,Sugar,Grocery,1,1.37,1.37
INV00944,2024-08-22 17:00:00,K0117,Amman,Tea,Beverages,2,3.3,6.6
INV00945,2024-10-11 14:00:00,K0217,Casablanca,Bread,Bakery,2,1.27,2.54
INV00945,2024-10-11 14:00:00,K0217,Casablanca,Butter,Dairy,1,2.43,2.43
INV00946,2024-04-12 12:00:00,K0010,Casablanca,Olive Oil,Grocery,1,7.79,7.79
INV00946,2024-04-12 12:00:00,K0010,Casablanca,Tomato Sauce,Grocery,1,2.0,2.0
INV00947,2024-02-27 12:00:00,K0131,Riyadh,Butter,Dairy,2,2.65,5.3
INV00947,2024-02-27 12:00:00,K0131,Riyadh,Coffee,Beverages,3,5.44,16.32
INV00947,2024-02-27 12:00:00,K0131,Riyadh,Pasta,Grocery,1,1.74,1.74
INV00947,2024-02-27 12:00:00,K0131,Riyadh,Sugar,Grocery,2,1.49,2.98
INV00947,2024-02-27 12:00:00,K0131,Riyadh,Tomato Sauce,Grocery,2,2.08,4.16
INV00947,2024-02-27 12:00:00,K0131,Riyadh,Water,Beverages,1,0.74,0.74
INV00948,2024-08-22 18:00:00,K0190,Casablanca,Apples,Produce,1,2.78,2.78
INV00948,2024-08-22 18:00:00,K0190,Casablanca,Bread,Bakery,1,1.3,1.3
INV00948,2024-08-22 18:00:00,K0190,Casablanca,Coffee,Beverages,2,6.27,12.54
INV00948,2024-08-22 18:00:00,K0190,Casablanca,Milk,Dairy,2,1.01,2.02
INV00948,2024-08-22 18:00:00,K0190,Casablanca,Sugar,Grocery,2,1.44,2.88
INV00949,2024-01-11 14:00:00,K0267,Riyadh,Milk,Dairy,1,1.2,1.2
INV00950,2024-10-18 13:00:00,K0398,Riyadh,Apples,Produce,1,3.05,3.05
INV00950,2024-10-18 13:00:00,K0398,Riyadh,Dates,Produce,2,5.3,10.6
INV00951,2024-05-31 13:00:00,K0192,Casablanca,Bread,Bakery,2,1.11,2.22
INV00951,2024-05-31 13:00:00,K0192,Casablanca,Butter,Dairy,1,2.63,2.63
INV00951,2024-05-31 13:00:00,K0192,Casablanca,Milk,Dairy,2,1.03,2.06
INV00952,2024-11-25 11:00:00,K0022,Cairo,Dates,Produce,1,5.3,5.3
INV00952,2024-11-25 11:00:00,K0022,Cairo,Pasta,Grocery,3,1.83,5.49
INV00952,2024-11-25 11:00:00,K0022,Cairo,Tea,Beverages,2,3.69,7.38
INV00952,2024-11-25 11:00:00,K0022,Cairo,Tomato Sauce,Grocery,3,2.18,6.54
INV00952,2024-11-25 11:00:00,K0022,Cairo,Water,Beverages,3,0.73,2.19
INV00953,2024-02-19 11:00:00,K0112,Riyadh,Butter,Dairy,2,2.71,5.42
INV00954,2024-10-11 13:00:00,K0040,Cairo,Coffee,Beverages,3,6.36,19.08
INV00954,2024-10-11 13:00:00,K0040,Cairo,Milk,Dairy,2,1.21,2.42
INV00954,2024-10-11 13:00:00,K0040,Cairo,Sugar,Grocery,2,1.37,2.74
INV00955,2024-03-02 08:00:00,K0253,Amman,Chicken,Meat,1,9.17,9.17
INV00955,2024-03-02 08:00:00,K0253,Amman,Dates,Produce,1,5.39,5.39
INV00955,2024-03-02 08:00:00,K0253,Amman,Pasta,Grocery,2,1.73,3.46
INV00955,2024-03-02 08:00:00,K0253,Amman,Rice,Grocery,3,2.41,7.23
INV00955,2024-03-02 08:00:00,K0253,Amman,Tea,Beverages,1,3.5,3.5
INV00955,2024-03-02 08:00:00,K0253,Amman,Tomato Sauce,Grocery,2,2.12,4.24
INV00956,2024-07-12 11:00:00,K0363,Cairo,Water,Beverages,3,0.82,2.46
INV00957,2024-04-21 13:00:00,K0247,Cairo,Bread,Bakery,3,1.25,3.75
INV00957,2024-04-21 13:00:00,K0247,Cairo,Milk,Dairy,3,1.09,3.27
INV00957,2024-04-21 13:00:00,K0247,Cairo,Water,Beverages,2,0.77,1.54
INV00958,2024-12-17 08:00:00,K0014,Cairo,Bread,Bakery,2,1.19,2.38
INV00958,2024-12-17 08:00:00,K0014,Cairo,Butter,Dairy,1,2.4,2.4
INV00958,2024-12-17 08:00:00,K0014,Cairo,Cheese,Dairy,3,3.95,11.85
INV00959,2024-01-30 20:00:00,K0360,Riyadh,Apples,Produce,2,2.55,5.1
INV00959,2024-01-30 20:00:00,K0360,Riyadh,Bread,Bakery,1,1.16,1.16
INV00959,2024-01-30 20:00:00,K0360,Riyadh,Milk,Dairy,1,1.17,1.17
INV00960,2024-12-31 17:00:00,K0095,Casablanca,Butter,Dairy,3,2.42,7.26
INV00960,2024-12-31 17:00:00,K0095,Casablanca,Coffee,Beverages,2,6.56,13.12
INV00960,2024-12-31 17:00:00,K0095,Casablanca,Sugar,Grocery,3,1.37,4.11
INV00960,2024-12-31 17:00:00,K0095,Casablanca,Water,Beverages,1,0.77,0.77
INV00960,2024-12-31 17:00:00,K0095,Casablanca,Yogurt,Dairy,2,1.74,3.48
INV00961,2024-07-30 08:00:00,K0042,Cairo,Coffee,Beverages,2,6.41,12.82
INV00961,2024-07-30 08:00:00,K0042,Cairo,Dates,Produce,2,4.91,9.82
INV00961,2024-07-30 08:00:00,K0042,Cairo,Milk,Dairy,2,1.16,2.32
INV00961,2024-07-30 08:00:00,K0042,Cairo,Tea,Beverages,3,3.4,10.2
INV00961,2024-07-30 08:00:00,K0042,Cairo,Tomato Sauce,Grocery,2,2.35,4.7
INV00962,2024-02-02 15:00:00,K0212,Cairo,Apples,Produce,1,2.89,2.89
INV00962,2024-02-02 15:00:00,K0212,Cairo,Bread,Bakery,1,1.11,1.11
INV00962,2024-02-02 15:00:00,K0212,Cairo,Cheese,Dairy,2,4.17,8.34
INV00962,2024-02-02 15:00:00,K0212,Cairo,Dates,Produce,2,5.39,10.78
INV00962,2024-02-02 15:00:00,K0212,Cairo,Tea,Beverages,1,3.32,3.32
INV00962,2024-02-02 15:00:00,K0212,Cairo,Water,Beverages,1,0.79,0.79
INV00963,2024-01-02 18:00:00,K0250,Casablanca,Butter,Dairy,1,2.39,2.39
INV00964,2024-10-11 09:00:00,K0218,Amman,Apples,Produce,1,2.95,2.95
INV00964,2024-10-11 09:00:00,K0218,Amman,Baby Wipes,Baby,2,4.68,9.36
INV00964,2024-10-11 09:00:00,K0218,Amman,Cheese,Dairy,1,4.06,4.06
INV00965,2024-04-03 16:00:00,K0160,Cairo,Cheese,Dairy,1,3.86,3.86
INV00965,2024-04-03 16:00:00,K0160,Cairo,Tomato Sauce,Grocery,2,2.14,4.28
INV00966,2024-05-03 20:00:00,K0225,Cairo,Bread,Bakery,3,1.3,3.9
INV00966,2024-05-03 20:00:00,K0225,Cairo,Butter,Dairy,1,2.59,2.59
INV00966,2024-05-03 20:00:00,K0225,Cairo,Dates,Produce,2,5.38,10.76
INV00966,2024-05-03 20:00:00,K0225,Cairo,Water,Beverages,2,0.78,1.56
INV00967,2024-11-25 20:00:00,K0172,Riyadh,Bread,Bakery,3,1.19,3.57
INV00968,2024-03-14 16:00:00,K0233,Amman,Coffee,Beverages,2,5.4,10.8
INV00968,2024-03-14 16:00:00,K0233,Amman,Milk,Dairy,1,1.19,1.19
INV00968,2024-03-14 16:00:00,K0233,Amman,Pasta,Grocery,3,1.69,5.07
INV00968,2024-03-14 16:00:00,K0233,Amman,Sugar,Grocery,2,1.45,2.9
INV00968,2024-03-14 16:00:00,K0233,Amman,Tomato Sauce,Grocery,1,2.39,2.39
INV00968,2024-03-14 16:00:00,K0233,Amman,Water,Beverages,1,0.79,0.79
INV00969,2024-03-11 16:00:00,K0049,Casablanca,Butter,Dairy,3,2.56,7.68
INV00969,2024-03-11 16:00:00,K0049,Casablanca,Coffee,Beverages,1,5.58,5.58
INV00969,2024-03-11 16:00:00,K0049,Casablanca,Milk,Dairy,3,1.12,3.36
INV00969,2024-03-11 16:00:00,K0049,Casablanca,Rice,Grocery,2,2.54,5.08
INV00969,2024-03-11 16:00:00,K0049,Casablanca,Sugar,Grocery,3,1.6,4.8
INV00970,2024-09-25 11:00:00,K0172,Riyadh,Water,Beverages,3,0.79,2.37
INV00971,2024-01-10 16:00:00,K0367,Casablanca,Dates,Produce,3,5.33,15.99
INV00971,2024-01-10 16:00:00,K0367,Casablanca,Tea,Beverages,3,3.31,9.93
INV00971,2024-01-10 16:00:00,K0367,Casablanca,Water,Beverages,2,0.79,1.58
INV00971,2024-01-10 16:00:00,K0367,Casablanca,Yogurt,Dairy,3,1.77,5.31
INV00972,2024-10-16 09:00:00,K0024,Amman,Butter,Dairy,2,2.3,4.6
INV00972,2024-10-16 09:00:00,K0024,Amman,Dates,Produce,1,5.14,5.14
INV00972,2024-10-16 09:00:00,K0024,Amman,Tea,Beverages,3,3.18,9.54
INV00972,2024-10-16 09:00:00,K0024,Amman,Yogurt,Dairy,1,1.73,1.73
INV00973,2024-03-25 16:00:00,K0165,Cairo,Olive Oil,Grocery,2,7.99,15.98
INV00973,2024-03-25 16:00:00,K0165,Cairo,Rice,Grocery,1,2.39,2.39
INV00974,2024-04-13 17:00:00,K0336,Casablanca,Bread,Bakery,1,1.1,1.1
INV00974,2024-04-13 17:00:00,K0336,Casablanca,Butter,Dairy,1,2.59,2.59
INV00974,2024-04-13 17:00:00,K0336,Casablanca,Coffee,Beverages,2,6.3,12.6
INV00974,2024-04-13 17:00:00,K0336,Casablanca,Dates,Produce,3,5.15,15.45
INV00974,2024-04-13 17:00:00,K0336,Casablanca,Olive Oil,Grocery,2,7.48,14.96
INV00974,2024-04-13 17:00:00,K0336,Casablanca,Water,Beverages,1,0.82,0.82
INV00975,2024-06-14 09:00:00,K0279,Amman,Apples,Produce,1,2.64,2.64
INV00975,2024-06-14 09:00:00,K0279,Amman,Butter,Dairy,3,2.37,7.11
INV00975,2024-06-14 09:00:00,K0279,Amman,Coffee,Beverages,1,6.56,6.56
INV00975,2024-06-14 09:00:00,K0279,Amman,Dates,Produce,2,4.62,9.24
INV00975,2024-06-14 09:00:00,K0279,Amman,Sugar,Grocery,2,1.38,2.76
INV00975,2024-06-14 09:00:00,K0279,Amman,Tea,Beverages,3,3.24,9.72
INV00976,2024-11-09 08:00:00,K0189,Cairo,Coffee,Beverages,1,6.49,6.49
INV00977,2024-07-25 10:00:00,K0024,Cairo,Cheese,Dairy,2,3.92,7.84
INV00977,2024-07-25 10:00:00,K0024,Cairo,Milk,Dairy,3,1.16,3.48
INV00977,2024-07-25 10:00:00,K0024,Cairo,Tea,Beverages,3,3.47,10.41
INV00977,2024-07-25 10:00:00,K0024,Cairo,Water,Beverages,1,0.88,0.88
INV00978,2024-06-01 17:00:00,K0208,Riyadh,Apples,Produce,1,2.7,2.7
INV00978,2024-06-01 17:00:00,K0208,Riyadh,Dates,Produce,3,4.96,14.88
INV00978,2024-06-01 17:00:00,K0208,Riyadh,Rice,Grocery,3,2.39,7.17
INV00978,2024-06-01 17:00:00,K0208,Riyadh,Tea,Beverages,2,3.56,7.12
INV00978,2024-06-01 17:00:00,K0208,Riyadh,Water,Beverages,3,0.78,2.34
INV00979,2024-06-02 10:00:00,K0075,Amman,Cheese,Dairy,3,3.94,11.82
INV00979,2024-06-02 10:00:00,K0075,Amman,Rice,Grocery,2,2.43,4.86
INV00979,2024-06-02 10:00:00,K0075,Amman,Tea,Beverages,3,3.55,10.65
INV00979,2024-06-02 10:00:00,K0075,Amman,Water,Beverages,2,0.86,1.72
INV00979,2024-06-02 10:00:00,K0075,Amman,Yogurt,Dairy,2,1.75,3.5
INV00980,2024-06-07 21:00:00,K0112,Cairo,Bread,Bakery,3,1.25,3.75
INV00980,2024-06-07 21:00:00,K0112,Cairo,Olive Oil,Grocery,3,7.52,22.56
INV00981,2024-08-22 13:00:00,K0132,Casablanca,Bread,Bakery,1,1.23,1.23
INV00981,2024-08-22 13:00:00,K0132,Casablanca,Butter,Dairy,2,2.57,5.14
INV00982,2024-02-01 19:00:00,K0009,Amman,Coffee,Beverages,3,6.39,19.17
INV00983,2024-08-04 14:00:00,K0199,Cairo,Butter,Dairy,3,2.74,8.22
INV00983,2024-08-04 14:00:00,K0199,Cairo,Olive Oil,Grocery,1,6.86,6.86
INV00983,2024-08-04 14:00:00,K0199,Cairo,Yogurt,Dairy,1,1.79,1.79
INV00984,2024-07-30 19:00:00,K0143,Riyadh,Coffee,Beverages,2,5.72,11.44
INV00984,2024-07-30 19:00:00,K0143,Riyadh,Pasta,Grocery,3,1.93,5.79
INV00984,2024-07-30 19:00:00,K0143,Riyadh,Sugar,Grocery,3,1.57,4.71
INV00984,2024-07-30 19:00:00,K0143,Riyadh,Tomato Sauce,Grocery,3,2.03,6.09
INV00985,2024-04-24 13:00:00,K0047,Amman,Bread,Bakery,1,1.12,1.12
INV00985,2024-04-24 13:00:00,K0047,Amman,Dates,Produce,3,4.65,13.95
INV00985,2024-04-24 13:00:00,K0047,Amman,Tea,Beverages,1,3.53,3.53
INV00986,2024-01-22 12:00:00,K0216,Riyadh,Milk,Dairy,2,1.05,2.1
INV00986,2024-01-22 12:00:00,K0216,Riyadh,Tea,Beverages,2,3.52,7.04
INV00986,2024-01-22 12:00:00,K0216,Riyadh,Water,Beverages,2,0.76,1.52
INV00986,2024-01-22 12:00:00,K0216,Riyadh,Yogurt,Dairy,2,2.08,4.16
INV00987,2024-05-09 21:00:00,K0070,Riyadh,Bread,Bakery,2,1.2,2.4
INV00987,2024-05-09 21:00:00,K0070,Riyadh,Butter,Dairy,2,2.43,4.86
INV00987,2024-05-09 21:00:00,K0070,Riyadh,Milk,Dairy,3,1.11,3.33
INV00987,2024-05-09 21:00:00,K0070,Riyadh,Tomato Sauce,Grocery,3,2.27,6.81
INV00987,2024-05-09 21:00:00,K0070,Riyadh,Water,Beverages,2,0.86,1.72
INV00988,2024-07-31 20:00:00,K0191,Cairo,Yogurt,Dairy,3,1.93,5.79
INV00989,2024-02-11 08:00:00,K0046,Amman,Coffee,Beverages,2,5.76,11.52
INV00989,2024-02-11 08:00:00,K0046,Amman,Pasta,Grocery,1,1.66,1.66
INV00989,2024-02-11 08:00:00,K0046,Amman,Sugar,Grocery,3,1.35,4.05
INV00989,2024-02-11 08:00:00,K0046,Amman,Tomato Sauce,Grocery,3,2.3,6.9
INV00989,2024-02-11 08:00:00,K0046,Amman,Water,Beverages,1,0.8,0.8
INV00990,2024-08-15 12:00:00,K0022,Cairo,Apples,Produce,1,2.85,2.85
INV00990,2024-08-15 12:00:00,K0022,Cairo,Sugar,Grocery,2,1.36,2.72
INV00990,2024-08-15 12:00:00,K0022,Cairo,Water,Beverages,2,0.83,1.66
INV00991,2024-02-01 21:00:00,K0057,Amman,Cheese,Dairy,1,3.66,3.66
INV00991,2024-02-01 21:00:00,K0057,Amman,Milk,Dairy,1,1.05,1.05
INV00991,2024-02-01 21:00:00,K0057,Amman,Rice,Grocery,1,2.5,2.5
INV00992,2024-11-25 13:00:00,K0152,Casablanca,Milk,Dairy,2,1.07,2.14
INV00992,2024-11-25 13:00:00,K0152,Casablanca,Pasta,Grocery,3,1.9,5.7
INV00993,2024-04-10 20:00:00,K0172,Riyadh,Apples,Produce,2,2.8,5.6
INV00993,2024-04-10 20:00:00,K0172,Riyadh,Cheese,Dairy,2,3.71,7.42
INV00993,2024-04-10 20:00:00,K0172,Riyadh,Chicken,Meat,3,7.91,23.73
INV00993,2024-04-10 20:00:00,K0172,Riyadh,Water,Beverages,3,0.88,2.64
INV00994,2024-06-13 14:00:00,K0128,Casablanca,Olive Oil,Grocery,3,7.68,23.04
INV00994,2024-06-13 14:00:00,K0128,Casablanca,Pasta,Grocery,2,1.97,3.94
INV00994,2024-06-13 14:00:00,K0128,Casablanca,Tomato Sauce,Grocery,3,2.18,6.54
INV00995,2024-12-16 21:00:00,K0217,Cairo,Cheese,Dairy,3,4.26,12.78
INV00995,2024-12-16 21:00:00,K0217,Cairo,Milk,Dairy,2,1.03,2.06
INV00995,2024-12-16 21:00:00,K0217,Cairo,Rice,Grocery,2,2.59,5.18
INV00995,2024-12-16 21:00:00,K0217,Cairo,Tomato Sauce,Grocery,1,2.06,2.06
INV00995,2024-12-16 21:00:00,K0217,Cairo,Water,Beverages,2,0.75,1.5
INV00996,2024-10-11 08:00:00,K0252,Casablanca,Apples,Produce,3,2.68,8.04
INV00996,2024-10-11 08:00:00,K0252,Casablanca,Tea,Beverages,2,3.21,6.42
INV00997,2024-05-12 14:00:00,K0299,Riyadh,Cheese,Dairy,1,4.17,4.17
INV00997,2024-05-12 14:00:00,K0299,Riyadh,Coffee,Beverages,1,5.7,5.7
INV00997,2024-05-12 14:00:00,K0299,Riyadh,Diapers,Baby,1,12.8,12.8
INV00997,2024-05-12 14:00:00,K0299,Riyadh,Milk,Dairy,2,1.19,2.38
INV00997,2024-05-12 14:00:00,K0299,Riyadh,Sugar,Grocery,3,1.48,4.44
INV00997,2024-05-12 14:00:00,K0299,Riyadh,Yogurt,Dairy,1,1.74,1.74
INV00998,2024-07-20 20:00:00,K0023,Casablanca,Bread,Bakery,1,1.1,1.1
INV00998,2024-07-20 20:00:00,K0023,Casablanca,Butter,Dairy,1,2.63,2.63
INV00998,2024-07-20 20:00:00,K0023,Casablanca,Pasta,Grocery,3,1.75,5.25
INV00998,2024-07-20 20:00:00,K0023,Casablanca,Sugar,Grocery,1,1.37,1.37
INV00998,2024-07-20 20:00:00,K0023,Casablanca,Tomato Sauce,Grocery,3,2.22,6.66
INV00998,2024-07-20 20:00:00,K0023,Casablanca,Yogurt,Dairy,1,2.01,2.01
INV00999,2024-10-26 11:00:00,K0178,Riyadh,Coffee,Beverages,3,5.97,17.91
INV00999,2024-10-26 11:00:00,K0178,Riyadh,Milk,Dairy,2,1.21,2.42
INV00999,2024-10-26 11:00:00,K0178,Riyadh,Water,Beverages,3,0.84,2.52
INV01000,2024-05-05 20:00:00,K0179,Cairo,Milk,Dairy,3,1.13,3.39
INV01000,2024-05-05 20:00:00,K0179,Cairo,Pasta,Grocery,2,1.72,3.44
INV01000,2024-05-05 20:00:00,K0179,Cairo,Rice,Grocery,2,2.58,5.16
INV01001,2024-08-01 11:00:00,K0042,Casablanca,Dates,Produce,3,5.29,15.87
INV01001,2024-08-01 11:00:00,K0042,Casablanca,Milk,Dairy,2,1.02,2.04
INV01001,2024-08-01 11:00:00,K0042,Casablanca,Pasta,Grocery,1,1.83,1.83
INV01001,2024-08-01 11:00:00,K0042,Casablanca,Sugar,Grocery,2,1.47,2.94
INV01001,2024-08-01 11:00:00,K0042,Casablanca,Tea,Beverages,2,3.72,7.44
INV01001,2024-08-01 11:00:00,K0042,Casablanca,Tomato Sauce,Grocery,1,2.11,2.11
INV01001,2024-08-01 11:00:00,K0042,Casablanca,Water,Beverages,2,0.79,1.58
INV01002,2024-11-22 19:00:00,K0163,Casablanca,Dates,Produce,3,4.74,14.22
INV01003,2024-09-13 19:00:00,K0331,Riyadh,Baby Wipes,Baby,3,4.36,13.08
INV01003,2024-09-13 19:00:00,K0331,Riyadh,Chicken,Meat,2,9.0,18.0
INV01003,2024-09-13 19:00:00,K0331,Riyadh,Diapers,Baby,2,10.87,21.74
INV01003,2024-09-13 19:00:00,K0331,Riyadh,Olive Oil,Grocery,3,6.91,20.73
INV01003,2024-09-13 19:00:00,K0331,Riyadh,Water,Beverages,1,0.72,0.72
INV01004,2024-12-02 20:00:00,K0162,Casablanca,Chicken,Meat,3,8.98,26.94
INV01004,2024-12-02 20:00:00,K0162,Casablanca,Coffee,Beverages,3,6.22,18.66
INV01004,2024-12-02 20:00:00,K0162,Casablanca,Tomato Sauce,Grocery,3,2.07,6.21
INV01005,2024-10-24 21:00:00,K0241,Casablanca,Butter,Dairy,3,2.36,7.08
INV01005,2024-10-24 21:00:00,K0241,Casablanca,Milk,Dairy,3,1.03,3.09
INV01005,2024-10-24 21:00:00,K0241,Casablanca,Sugar,Grocery,2,1.47,2.94
INV01005,2024-10-24 21:00:00,K0241,Casablanca,Tea,Beverages,2,3.72,7.44
INV01006,2024-03-22 12:00:00,K0083,Casablanca,Water,Beverages,1,0.76,0.76
INV01007,2024-02-12 16:00:00,K0061,Casablanca,Apples,Produce,3,2.65,7.95
INV01007,2024-02-12 16:00:00,K0061,Casablanca,Pasta,Grocery,3,1.81,5.43
INV01007,2024-02-12 16:00:00,K0061,Casablanca,Tea,Beverages,3,3.78,11.34
INV01007,2024-02-12 16:00:00,K0061,Casablanca,Tomato Sauce,Grocery,2,2.24,4.48
INV01008,2024-03-12 21:00:00,K0203,Amman,Cheese,Dairy,1,3.97,3.97
INV01008,2024-03-12 21:00:00,K0203,Amman,Chicken,Meat,2,8.38,16.76
INV01009,2024-02-04 17:00:00,K0186,Riyadh,Dates,Produce,2,4.57,9.14
INV01009,2024-02-04 17:00:00,K0186,Riyadh,Tea,Beverages,2,3.65,7.3
INV01010,2024-07-07 08:00:00,K0180,Cairo,Apples,Produce,3,3.06,9.18
INV01010,2024-07-07 08:00:00,K0180,Cairo,Cheese,Dairy,1,4.39,4.39
INV01010,2024-07-07 08:00:00,K0180,Cairo,Milk,Dairy,1,1.14,1.14
INV01010,2024-07-07 08:00:00,K0180,Cairo,Rice,Grocery,2,2.44,4.88
INV01010,2024-07-07 08:00:00,K0180,Cairo,Sugar,Grocery,1,1.65,1.65
INV01011,2024-07-22 17:00:00,K0151,Cairo,Baby Wipes,Baby,2,4.31,8.62
INV01011,2024-07-22 17:00:00,K0151,Cairo,Chicken,Meat,1,8.04,8.04
INV01011,2024-07-22 17:00:00,K0151,Cairo,Olive Oil,Grocery,3,8.24,24.72
INV01011,2024-07-22 17:00:00,K0151,Cairo,Rice,Grocery,1,2.18,2.18
INV01011,2024-07-22 17:00:00,K0151,Cairo,Water,Beverages,2,0.73,1.46
INV01011,2024-07-22 17:00:00,K0151,Cairo,Yogurt,Dairy,1,1.92,1.92
INV01012,2024-11-06 18:00:00,K0285,Cairo,Chicken,Meat,3,8.57,25.71
INV01012,2024-11-06 18:00:00,K0285,Cairo,Milk,Dairy,1,1.06,1.06
INV01012,2024-11-06 18:00:00,K0285,Cairo,Sugar,Grocery,2,1.64,3.28
INV01012,2024-11-06 18:00:00,K0285,Cairo,Tomato Sauce,Grocery,3,2.35,7.05
INV01012,2024-11-06 18:00:00,K0285,Cairo,Yogurt,Dairy,3,1.95,5.85
INV01013,2024-09-16 17:00:00,K0229,Cairo,Milk,Dairy,3,1.04,3.12
INV01013,2024-09-16 17:00:00,K0229,Cairo,Olive Oil,Grocery,1,7.83,7.83
INV01013,2024-09-16 17:00:00,K0229,Cairo,Pasta,Grocery,2,1.89,3.78
INV01013,2024-09-16 17:00:00,K0229,Cairo,Rice,Grocery,1,2.52,2.52
INV01013,2024-09-16 17:00:00,K0229,Cairo,Tomato Sauce,Grocery,1,2.04,2.04
INV01014,2024-12-07 10:00:00,K0202,Casablanca,Butter,Dairy,1,2.5,2.5
INV01014,2024-12-07 10:00:00,K0202,Casablanca,Cheese,Dairy,1,3.9,3.9
INV01014,2024-12-07 10:00:00,K0202,Casablanca,Olive Oil,Grocery,1,7.81,7.81
INV01014,2024-12-07 10:00:00,K0202,Casablanca,Pasta,Grocery,2,1.75,3.5
INV01014,2024-12-07 10:00:00,K0202,Casablanca,Tomato Sauce,Grocery,2,2.05,4.1
INV01015,2024-10-25 11:00:00,K0025,Casablanca,Apples,Produce,1,2.53,2.53
INV01015,2024-10-25 11:00:00,K0025,Casablanca,Baby Wipes,Baby,3,4.43,13.29
INV01015,2024-10-25 11:00:00,K0025,Casablanca,Cheese,Dairy,2,3.93,7.86
INV01015,2024-10-25 11:00:00,K0025,Casablanca,Pasta,Grocery,1,1.65,1.65
INV01015,2024-10-25 11:00:00,K0025,Casablanca,Tomato Sauce,Grocery,2,1.99,3.98
INV01015,2024-10-25 11:00:00,K0025,Casablanca,Water,Beverages,1,0.85,0.85
INV01016,2024-07-25 10:00:00,K0036,Cairo,Bread,Bakery,3,1.11,3.33
INV01016,2024-07-25 10:00:00,K0036,Cairo,Butter,Dairy,3,2.45,7.35
INV01016,2024-07-25 10:00:00,K0036,Cairo,Pasta,Grocery,2,1.92,3.84
INV01017,2024-07-11 21:00:00,K0030,Amman,Bread,Bakery,3,1.23,3.69
INV01017,2024-07-11 21:00:00,K0030,Amman,Butter,Dairy,1,2.3,2.3
INV01017,2024-07-11 21:00:00,K0030,Amman,Milk,Dairy,2,1.05,2.1
INV01017,2024-07-11 21:00:00,K0030,Amman,Olive Oil,Grocery,3,6.85,20.55
INV01017,2024-07-11 21:00:00,K0030,Amman,Rice,Grocery,3,2.21,6.63
INV01017,2024-07-11 21:00:00,K0030,Amman,Water,Beverages,1,0.85,0.85
INV01018,2024-07-11 08:00:00,K0012,Cairo,Baby Wipes,Baby,2,4.81,9.62
INV01018,2024-07-11 08:00:00,K0012,Cairo,Cheese,Dairy,3,3.87,11.61
INV01018,2024-07-11 08:00:00,K0012,Cairo,Water,Beverages,3,0.79,2.37
INV01019,2024-09-08 16:00:00,K0303,Casablanca,Bread,Bakery,3,1.22,3.66
INV01019,2024-09-08 16:00:00,K0303,Casablanca,Butter,Dairy,2,2.47,4.94
INV01019,2024-09-08 16:00:00,K0303,Casablanca,Tea,Beverages,2,3.19,6.38
INV01019,2024-09-08 16:00:00,K0303,Casablanca,Water,Beverages,3,0.87,2.61
INV01019,2024-09-08 16:00:00,K0303,Casablanca,Yogurt,Dairy,1,2.03,2.03
INV01020,2024-08-31 12:00:00,K0385,Cairo,Butter,Dairy,1,2.48,2.48
INV01020,2024-08-31 12:00:00,K0385,Cairo,Pasta,Grocery,1,1.96,1.96
INV01020,2024-08-31 12:00:00,K0385,Cairo,Tomato Sauce,Grocery,2,2.19,4.38
INV01021,2024-09-28 19:00:00,K0248,Cairo,Bread,Bakery,1,1.12,1.12
INV01021,2024-09-28 19:00:00,K0248,Cairo,Chicken,Meat,3,8.05,24.15
INV01021,2024-09-28 19:00:00,K0248,Cairo,Pasta,Grocery,2,1.64,3.28
INV01021,2024-09-28 19:00:00,K0248,Cairo,Tomato Sauce,Grocery,1,2.37,2.37
INV01021,2024-09-28 19:00:00,K0248,Cairo,Water,Beverages,2,0.78,1.56
INV01022,2024-09-30 09:00:00,K0309,Casablanca,Butter,Dairy,1,2.64,2.64
INV01023,2024-03-02 08:00:00,K0327,Amman,Cheese,Dairy,1,3.77,3.77
INV01023,2024-03-02 08:00:00,K0327,Amman,Pasta,Grocery,3,1.75,5.25
INV01023,2024-03-02 08:00:00,K0327,Amman,Tomato Sauce,Grocery,2,2.17,4.34
INV01024,2024-05-29 11:00:00,K0237,Casablanca,Olive Oil,Grocery,2,6.91,13.82
INV01025,2024-06-15 08:00:00,K0121,Cairo,Dates,Produce,3,4.82,14.46
INV01025,2024-06-15 08:00:00,K0121,Cairo,Water,Beverages,2,0.85,1.7
INV01026,2024-01-31 17:00:00,K0033,Casablanca,Coffee,Beverages,2,6.34,12.68
INV01027,2024-03-01 10:00:00,K0311,Casablanca,Butter,Dairy,1,2.59,2.59
INV01027,2024-03-01 10:00:00,K0311,Casablanca,Coffee,Beverages,3,6.54,19.62
INV01027,2024-03-01 10:00:00,K0311,Casablanca,Olive Oil,Grocery,3,8.18,24.54
INV01027,2024-03-01 10:00:00,K0311,Casablanca,Sugar,Grocery,3,1.41,4.23
INV01027,2024-03-01 10:00:00,K0311,Casablanca,Tea,Beverages,3,3.57,10.71
INV01028,2024-12-30 15:00:00,K0219,Cairo,Tomato Sauce,Grocery,2,2.02,4.04
INV01028,2024-12-30 15:00:00,K0219,Cairo,Water,Beverages,3,0.79,2.37
INV01029,2024-03-25 11:00:00,K0223,Riyadh,Cheese,Dairy,2,3.88,7.76
INV01029,2024-03-25 11:00:00,K0223,Riyadh,Coffee,Beverages,2,5.97,11.94
INV01029,2024-03-25 11:00:00,K0223,Riyadh,Milk,Dairy,1,1.11,1.11
INV01029,2024-03-25 11:00:00,K0223,Riyadh,Sugar,Grocery,1,1.42,1.42
INV01030,2024-03-05 16:00:00,K0150,Casablanca,Cheese,Dairy,3,4.07,12.21
INV01030,2024-03-05 16:00:00,K0150,Casablanca,Chicken,Meat,3,8.46,25.38
INV01030,2024-03-05 16:00:00,K0150,Casablanca,Coffee,Beverages,3,6.21,18.63
INV01030,2024-03-05 16:00:00,K0150,Casablanca,Rice,Grocery,1,2.62,2.62
INV01030,2024-03-05 16:00:00,K0150,Casablanca,Sugar,Grocery,1,1.58,1.58
INV01030,2024-03-05 16:00:00,K0150,Casablanca,Water,Beverages,2,0.85,1.7
INV01031,2024-02-26 14:00:00,K0365,Casablanca,Dates,Produce,3,4.83,14.49
INV01031,2024-02-26 14:00:00,K0365,Casablanca,Milk,Dairy,2,1.14,2.28
INV01031,2024-02-26 14:00:00,K0365,Casablanca,Olive Oil,Grocery,2,7.27,14.54
INV01031,2024-02-26 14:00:00,K0365,Casablanca,Tea,Beverages,1,3.72,3.72
INV01032,2024-10-03 14:00:00,K0175,Amman,Dates,Produce,1,5.02,5.02
INV01032,2024-10-03 14:00:00,K0175,Amman,Milk,Dairy,3,1.07,3.21
INV01032,2024-10-03 14:00:00,K0175,Amman,Tomato Sauce,Grocery,1,2.13,2.13
INV01032,2024-10-03 14:00:00,K0175,Amman,Water,Beverages,1,0.78,0.78
INV01033,2024-08-06 13:00:00,K0050,Riyadh,Coffee,Beverages,2,5.81,11.62
INV01033,2024-08-06 13:00:00,K0050,Riyadh,Sugar,Grocery,2,1.54,3.08
INV01034,2024-04-26 09:00:00,K0138,Cairo,Tomato Sauce,Grocery,2,2.4,4.8
INV01035,2024-11-28 15:00:00,K0091,Amman,Bread,Bakery,3,1.21,3.63
INV01035,2024-11-28 15:00:00,K0091,Amman,Butter,Dairy,1,2.4,2.4
INV01035,2024-11-28 15:00:00,K0091,Amman,Cheese,Dairy,1,3.98,3.98
INV01035,2024-11-28 15:00:00,K0091,Amman,Coffee,Beverages,1,5.42,5.42
INV01035,2024-11-28 15:00:00,K0091,Amman,Sugar,Grocery,3,1.61,4.83
INV01035,2024-11-28 15:00:00,K0091,Amman,Water,Beverages,2,0.77,1.54
INV01036,2024-12-31 15:00:00,K0321,Casablanca,Bread,Bakery,3,1.25,3.75
INV01036,2024-12-31 15:00:00,K0321,Casablanca,Olive Oil,Grocery,2,7.48,14.96
INV01036,2024-12-31 15:00:00,K0321,Casablanca,Pasta,Grocery,2,1.76,3.52
INV01037,2024-04-13 14:00:00,K0393,Casablanca,Butter,Dairy,2,2.37,4.74
INV01037,2024-04-13 14:00:00,K0393,Casablanca,Coffee,Beverages,1,5.73,5.73
INV01037,2024-04-13 14:00:00,K0393,Casablanca,Rice,Grocery,3,2.37,7.11
INV01037,2024-04-13 14:00:00,K0393,Casablanca,Sugar,Grocery,3,1.55,4.65
INV01038,2024-04-03 13:00:00,K0360,Amman,Baby Wipes,Baby,1,4.3,4.3
INV01039,2024-02-22 18:00:00,K0196,Casablanca,Milk,Dairy,3,1.12,3.36
INV01039,2024-02-22 18:00:00,K0196,Casablanca,Rice,Grocery,3,2.45,7.35
INV01039,2024-02-22 18:00:00,K0196,Casablanca,Yogurt,Dairy,3,2.03,6.09
INV01040,2024-11-30 19:00:00,K0043,Riyadh,Water,Beverages,2,0.74,1.48
INV01040,2024-11-30 19:00:00,K0043,Riyadh,Yogurt,Dairy,2,1.9,3.8
INV01041,2024-05-08 13:00:00,K0128,Cairo,Bread,Bakery,1,1.2,1.2
INV01041,2024-05-08 13:00:00,K0128,Cairo,Butter,Dairy,1,2.48,2.48
INV01042,2024-05-28 21:00:00,K0262,Cairo,Apples,Produce,2,3.03,6.06
INV01042,2024-05-28 21:00:00,K0262,Cairo,Coffee,Beverages,1,6.12,6.12
INV01042,2024-05-28 21:00:00,K0262,Cairo,Milk,Dairy,1,1.09,1.09
INV01042,2024-05-28 21:00:00,K0262,Cairo,Sugar,Grocery,3,1.55,4.65
INV01043,2024-11-05 21:00:00,K0221,Cairo,Butter,Dairy,2,2.59,5.18
INV01043,2024-11-05 21:00:00,K0221,Cairo,Cheese,Dairy,1,4.07,4.07
INV01043,2024-11-05 21:00:00,K0221,Cairo,Milk,Dairy,3,1.09,3.27
INV01043,2024-11-05 21:00:00,K0221,Cairo,Tea,Beverages,2,3.42,6.84
INV01044,2024-06-14 09:00:00,K0196,Cairo,Coffee,Beverages,3,5.98,17.94
INV01044,2024-06-14 09:00:00,K0196,Cairo,Dates,Produce,2,4.76,9.52
INV01044,2024-06-14 09:00:00,K0196,Cairo,Milk,Dairy,3,1.04,3.12
INV01044,2024-06-14 09:00:00,K0196,Cairo,Yogurt,Dairy,1,1.92,1.92
INV01045,2024-06-02 17:00:00,K0005,Casablanca,Baby Wipes,Baby,3,4.9,14.7
INV01045,2024-06-02 17:00:00,K0005,Casablanca,Butter,Dairy,3,2.74,8.22
INV01045,2024-06-02 17:00:00,K0005,Casablanca,Yogurt,Dairy,1,2.03,2.03
INV01046,2024-07-26 09:00:00,K0333,Amman,Bread,Bakery,2,1.27,2.54
INV01046,2024-07-26 09:00:00,K0333,Amman,Butter,Dairy,1,2.29,2.29
INV01047,2024-10-04 16:00:00,K0192,Cairo,Butter,Dairy,3,2.3,6.9
INV01048,2024-02-26 12:00:00,K0130,Cairo,Rice,Grocery,1,2.42,2.42
INV01049,2024-01-09 20:00:00,K0140,Amman,Bread,Bakery,2,1.17,2.34
INV01049,2024-01-09 20:00:00,K0140,Amman,Butter,Dairy,3,2.62,7.86
INV01049,2024-01-09 20:00:00,K0140,Amman,Cheese,Dairy,2,3.74,7.48
INV01049,2024-01-09 20:00:00,K0140,Amman,Milk,Dairy,2,1.14,2.28
INV01049,2024-01-09 20:00:00,K0140,Amman,Pasta,Grocery,1,1.8,1.8
INV01050,2024-03-17 11:00:00,K0240,Riyadh,Bread,Bakery,2,1.26,2.52
INV01050,2024-03-17 11:00:00,K0240,Riyadh,Chicken,Meat,3,7.87,23.61
INV01050,2024-03-17 11:00:00,K0240,Riyadh,Milk,Dairy,3,1.18,3.54
INV01050,2024-03-17 11:00:00,K0240,Riyadh,Rice,Grocery,3,2.62,7.86
INV01050,2024-03-17 11:00:00,K0240,Riyadh,Sugar,Grocery,2,1.49,2.98
INV01051,2024-10-10 21:00:00,K0075,Cairo,Apples,Produce,1,2.99,2.99
INV01051,2024-10-10 21:00:00,K0075,Cairo,Cheese,Dairy,1,3.73,3.73
INV01051,2024-10-10 21:00:00,K0075,Cairo,Coffee,Beverages,1,6.52,6.52
INV01051,2024-10-10 21:00:00,K0075,Cairo,Pasta,Grocery,1,1.81,1.81
INV01051,2024-10-10 21:00:00,K0075,Cairo,Tea,Beverages,2,3.34,6.68
INV01051,2024-10-10 21:00:00,K0075,Cairo,Tomato Sauce,Grocery,2,1.98,3.96
INV01052,2024-12-01 19:00:00,K0307,Casablanca,Chicken,Meat,1,7.84,7.84
INV01052,2024-12-01 19:00:00,K0307,Casablanca,Milk,Dairy,1,1.0,1.0
INV01052,2024-12-01 19:00:00,K0307,Casablanca,Olive Oil,Grocery,1,7.4,7.4
INV01053,2024-03-21 13:00:00,K0296,Cairo,Bread,Bakery,1,1.15,1.15
INV01054,2024-12-10 17:00:00,K0286,Casablanca,Dates,Produce,1,4.66,4.66
INV01054,2024-12-10 17:00:00,K0286,Casablanca,Pasta,Grocery,2,1.83,3.66
INV01054,2024-12-10 17:00:00,K0286,Casablanca,Sugar,Grocery,1,1.41,1.41
INV01054,2024-12-10 17:00:00,K0286,Casablanca,Yogurt,Dairy,2,1.83,3.66
INV01055,2024-04-15 11:00:00,K0045,Casablanca,Coffee,Beverages,2,6.22,12.44
INV01056,2024-02-27 16:00:00,K0351,Amman,Cheese,Dairy,2,3.85,7.7
INV01057,2024-11-09 11:00:00,K0318,Casablanca,Apples,Produce,2,2.91,5.82
INV01057,2024-11-09 11:00:00,K0318,Casablanca,Butter,Dairy,1,2.36,2.36
INV01057,2024-11-09 11:00:00,K0318,Casablanca,Cheese,Dairy,3,3.77,11.31
INV01057,2024-11-09 11:00:00,K0318,Casablanca,Diapers,Baby,3,11.92,35.76
INV01058,2024-09-05 20:00:00,K0320,Cairo,Apples,Produce,2,2.76,5.52
INV01058,2024-09-05 20:00:00,K0320,Cairo,Cheese,Dairy,3,4.16,12.48
INV01058,2024-09-05 20:00:00,K0320,Cairo,Tomato Sauce,Grocery,3,2.05,6.15
INV01059,2024-08-17 13:00:00,K0026,Cairo,Apples,Produce,3,3.05,9.15
INV01059,2024-08-17 13:00:00,K0026,Cairo,Chicken,Meat,2,9.23,18.46
INV01059,2024-08-17 13:00:00,K0026,Cairo,Milk,Dairy,3,1.07,3.21
INV01059,2024-08-17 13:00:00,K0026,Cairo,Rice,Grocery,1,2.54,2.54
INV01059,2024-08-17 13:00:00,K0026,Cairo,Water,Beverages,3,0.82,2.46
INV01060,2024-12-28 08:00:00,K0006,Amman,Apples,Produce,3,2.87,8.61
INV01060,2024-12-28 08:00:00,K0006,Amman,Coffee,Beverages,1,5.88,5.88
INV01060,2024-12-28 08:00:00,K0006,Amman,Milk,Dairy,1,1.09,1.09
INV01060,2024-12-28 08:00:00,K0006,Amman,Tea,Beverages,1,3.32,3.32
INV01061,2024-03-26 20:00:00,K0394,Cairo,Cheese,Dairy,2,3.93,7.86
INV01061,2024-03-26 20:00:00,K0394,Cairo,Yogurt,Dairy,2,1.87,3.74
INV01062,2024-04-01 17:00:00,K0218,Riyadh,Apples,Produce,2,2.58,5.16
INV01063,2024-02-27 20:00:00,K0328,Amman,Apples,Produce,1,2.88,2.88
INV01063,2024-02-27 20:00:00,K0328,Amman,Butter,Dairy,2,2.39,4.78
INV01063,2024-02-27 20:00:00,K0328,Amman,Milk,Dairy,1,1.15,1.15
INV01063,2024-02-27 20:00:00,K0328,Amman,Tomato Sauce,Grocery,2,2.16,4.32
INV01063,2024-02-27 20:00:00,K0328,Amman,Water,Beverages,3,0.82,2.46
INV01064,2024-06-20 09:00:00,K0233,Casablanca,Bread,Bakery,3,1.1,3.3
INV01064,2024-06-20 09:00:00,K0233,Casablanca,Butter,Dairy,1,2.44,2.44
INV01064,2024-06-20 09:00:00,K0233,Casablanca,Cheese,Dairy,1,3.85,3.85
INV01065,2024-07-11 13:00:00,K0020,Amman,Cheese,Dairy,1,4.26,4.26
INV01066,2024-07-19 15:00:00,K0242,Casablanca,Bread,Bakery,3,1.23,3.69
INV01066,2024-07-19 15:00:00,K0242,Casablanca,Dates,Produce,3,5.37,16.11
INV01066,2024-07-19 15:00:00,K0242,Casablanca,Pasta,Grocery,1,1.77,1.77
INV01066,2024-07-19 15:00:00,K0242,Casablanca,Tea,Beverages,1,3.48,3.48
INV01066,2024-07-19 15:00:00,K0242,Casablanca,Tomato Sauce,Grocery,1,2.24,2.24
INV01067,2024-09-11 15:00:00,K0241,Amman,Dates,Produce,2,5.32,10.64
INV01067,2024-09-11 15:00:00,K0241,Amman,Rice,Grocery,1,2.31,2.31
INV01067,2024-09-11 15:00:00,K0241,Amman,Sugar,Grocery,1,1.58,1.58
INV01067,2024-09-11 15:00:00,K0241,Amman,Tea,Beverages,1,3.49,3.49
INV01067,2024-09-11 15:00:00,K0241,Amman,Water,Beverages,1,0.72,0.72
INV01068,2024-09-18 21:00:00,K0152,Riyadh,Chicken,Meat,1,8.4,8.4
INV01068,2024-09-18 21:00:00,K0152,Riyadh,Coffee,Beverages,1,6.09,6.09
INV01068,2024-09-18 21:00:00,K0152,Riyadh,Rice,Grocery,2,2.52,5.04
INV01068,2024-09-18 21:00:00,K0152,Riyadh,Sugar,Grocery,2,1.49,2.98
INV01068,2024-09-18 21:00:00,K0152,Riyadh,Tomato Sauce,Grocery,2,2.35,4.7
INV01068,2024-09-18 21:00:00,K0152,Riyadh,Water,Beverages,1,0.86,0.86
INV01069,2024-10-09 16:00:00,K0293,Casablanca,Coffee,Beverages,1,6.55,6.55
INV01070,2024-03-04 18:00:00,K0007,Cairo,Baby Wipes,Baby,2,4.78,9.56
INV01070,2024-03-04 18:00:00,K0007,Cairo,Cheese,Dairy,2,3.78,7.56
INV01070,2024-03-04 18:00:00,K0007,Cairo,Dates,Produce,2,5.32,10.64
INV01070,2024-03-04 18:00:00,K0007,Cairo,Diapers,Baby,2,11.48,22.96
INV01070,2024-03-04 18:00:00,K0007,Cairo,Milk,Dairy,2,1.04,2.08
INV01070,2024-03-04 18:00:00,K0007,Cairo,Pasta,Grocery,3,1.93,5.79
INV01070,2024-03-04 18:00:00,K0007,Cairo,Tea,Beverages,2,3.15,6.3
INV01070,2024-03-04 18:00:00,K0007,Cairo,Tomato Sauce,Grocery,3,2.37,7.11
INV01071,2024-09-27 15:00:00,K0348,Cairo,Rice,Grocery,2,2.2,4.4
INV01072,2024-04-15 16:00:00,K0138,Cairo,Pasta,Grocery,1,1.94,1.94
INV01072,2024-04-15 16:00:00,K0138,Cairo,Tomato Sauce,Grocery,1,2.28,2.28
INV01073,2024-12-18 17:00:00,K0081,Amman,Baby Wipes,Baby,2,4.62,9.24
INV01073,2024-12-18 17:00:00,K0081,Amman,Coffee,Beverages,2,5.64,11.28
INV01073,2024-12-18 17:00:00,K0081,Amman,Milk,Dairy,2,1.16,2.32
INV01073,2024-12-18 17:00:00,K0081,Amman,Olive Oil,Grocery,3,7.26,21.78
INV01073,2024-12-18 17:00:00,K0081,Amman,Rice,Grocery,1,2.6,2.6
INV01074,2024-08-28 19:00:00,K0365,Riyadh,Apples,Produce,1,2.61,2.61
INV01074,2024-08-28 19:00:00,K0365,Riyadh,Bread,Bakery,1,1.21,1.21
INV01074,2024-08-28 19:00:00,K0365,Riyadh,Olive Oil,Grocery,2,7.86,15.72
INV01074,2024-08-28 19:00:00,K0365,Riyadh,Rice,Grocery,3,2.2,6.6
INV01075,2024-11-04 15:00:00,K0204,Riyadh,Bread,Bakery,2,1.08,2.16
INV01075,2024-11-04 15:00:00,K0204,Riyadh,Butter,Dairy,1,2.56,2.56
INV01075,2024-11-04 15:00:00,K0204,Riyadh,Cheese,Dairy,1,3.64,3.64
INV01075,2024-11-04 15:00:00,K0204,Riyadh,Milk,Dairy,2,1.16,2.32
INV01075,2024-11-04 15:00:00,K0204,Riyadh,Tea,Beverages,2,3.22,6.44
INV01075,2024-11-04 15:00:00,K0204,Riyadh,Yogurt,Dairy,1,1.95,1.95
INV01076,2024-01-22 15:00:00,K0258,Riyadh,Butter,Dairy,1,2.44,2.44
INV01076,2024-01-22 15:00:00,K0258,Riyadh,Coffee,Beverages,1,5.52,5.52
INV01076,2024-01-22 15:00:00,K0258,Riyadh,Sugar,Grocery,3,1.53,4.59
INV01077,2024-12-29 17:00:00,K0223,Casablanca,Bread,Bakery,3,1.23,3.69
INV01077,2024-12-29 17:00:00,K0223,Casablanca,Butter,Dairy,3,2.5,7.5
INV01077,2024-12-29 17:00:00,K0223,Casablanca,Milk,Dairy,1,1.03,1.03
INV01077,2024-12-29 17:00:00,K0223,Casablanca,Olive Oil,Grocery,3,7.64,22.92
INV01077,2024-12-29 17:00:00,K0223,Casablanca,Water,Beverages,3,0.86,2.58
INV01078,2024-08-03 13:00:00,K0381,Cairo,Butter,Dairy,3,2.27,6.81
INV01078,2024-08-03 13:00:00,K0381,Cairo,Chicken,Meat,2,9.22,18.44
INV01078,2024-08-03 13:00:00,K0381,Cairo,Milk,Dairy,2,1.17,2.34
INV01078,2024-08-03 13:00:00,K0381,Cairo,Rice,Grocery,3,2.61,7.83
INV01078,2024-08-03 13:00:00,K0381,Cairo,Water,Beverages,2,0.77,1.54
INV01079,2024-09-07 08:00:00,K0186,Riyadh,Chicken,Meat,3,9.12,27.36
INV01079,2024-09-07 08:00:00,K0186,Riyadh,Milk,Dairy,2,1.03,2.06
INV01079,2024-09-07 08:00:00,K0186,Riyadh,Rice,Grocery,3,2.59,7.77
INV01079,2024-09-07 08:00:00,K0186,Riyadh,Water,Beverages,2,0.82,1.64
INV01080,2024-03-29 09:00:00,K0373,Cairo,Bread,Bakery,2,1.15,2.3
INV01080,2024-03-29 09:00:00,K0373,Cairo,Dates,Produce,1,5.34,5.34
INV01080,2024-03-29 09:00:00,K0373,Cairo,Tea,Beverages,1,3.44,3.44
INV01081,2024-04-02 09:00:00,K0282,Cairo,Chicken,Meat,2,8.94,17.88
INV01081,2024-04-02 09:00:00,K0282,Cairo,Rice,Grocery,3,2.57,7.71
INV01082,2024-02-01 11:00:00,K0230,Cairo,Pasta,Grocery,3,1.95,5.85
INV01083,2024-08-08 17:00:00,K0035,Cairo,Bread,Bakery,3,1.25,3.75
INV01083,2024-08-08 17:00:00,K0035,Cairo,Butter,Dairy,1,2.27,2.27
INV01083,2024-08-08 17:00:00,K0035,Cairo,Pasta,Grocery,3,1.64,4.92
INV01083,2024-08-08 17:00:00,K0035,Cairo,Tomato Sauce,Grocery,2,2.05,4.1
INV01083,2024-08-08 17:00:00,K0035,Cairo,Water,Beverages,3,0.82,2.46
INV01084,2024-02-11 15:00:00,K0136,Riyadh,Apples,Produce,2,2.96,5.92
INV01084,2024-02-11 15:00:00,K0136,Riyadh,Chicken,Meat,3,8.45,25.35
INV01085,2024-03-03 11:00:00,K0371,Cairo,Bread,Bakery,3,1.12,3.36
INV01085,2024-03-03 11:00:00,K0371,Cairo,Butter,Dairy,2,2.32,4.64
INV01085,2024-03-03 11:00:00,K0371,Cairo,Coffee,Beverages,3,6.58,19.74
INV01085,2024-03-03 11:00:00,K0371,Cairo,Rice,Grocery,3,2.32,6.96
INV01085,2024-03-03 11:00:00,K0371,Cairo,Sugar,Grocery,2,1.48,2.96
INV01085,2024-03-03 11:00:00,K0371,Cairo,Water,Beverages,3,0.82,2.46
INV01086,2024-05-24 20:00:00,K0119,Casablanca,Cheese,Dairy,1,3.77,3.77
INV01086,2024-05-24 20:00:00,K0119,Casablanca,Water,Beverages,2,0.86,1.72
INV01087,2024-03-17 10:00:00,K0185,Riyadh,Apples,Produce,3,2.98,8.94
INV01087,2024-03-17 10:00:00,K0185,Riyadh,Olive Oil,Grocery,3,6.79,20.37
INV01087,2024-03-17 10:00:00,K0185,Riyadh,Pasta,Grocery,3,1.95,5.85
INV01087,2024-03-17 10:00:00,K0185,Riyadh,Tomato Sauce,Grocery,1,2.0,2.0
INV01087,2024-03-17 10:00:00,K0185,Riyadh,Water,Beverages,2,0.87,1.74
INV01088,2024-02-13 15:00:00,K0207,Casablanca,Yogurt,Dairy,1,1.95,1.95
INV01089,2024-10-10 08:00:00,K0269,Casablanca,Dates,Produce,1,4.77,4.77
INV01090,2024-09-14 20:00:00,K0217,Riyadh,Butter,Dairy,2,2.45,4.9
INV01090,2024-09-14 20:00:00,K0217,Riyadh,Cheese,Dairy,3,3.81,11.43
INV01090,2024-09-14 20:00:00,K0217,Riyadh,Olive Oil,Grocery,1,7.25,7.25
INV01091,2024-02-20 19:00:00,K0028,Cairo,Bread,Bakery,2,1.19,2.38
INV01091,2024-02-20 19:00:00,K0028,Cairo,Butter,Dairy,2,2.37,4.74
INV01091,2024-02-20 19:00:00,K0028,Cairo,Milk,Dairy,3,1.13,3.39
INV01091,2024-02-20 19:00:00,K0028,Cairo,Pasta,Grocery,1,1.83,1.83
INV01091,2024-02-20 19:00:00,K0028,Cairo,Water,Beverages,1,0.76,0.76
INV01092,2024-01-15 16:00:00,K0221,Cairo,Butter,Dairy,3,2.55,7.65
INV01092,2024-01-15 16:00:00,K0221,Cairo,Chicken,Meat,3,8.69,26.07
INV01092,2024-01-15 16:00:00,K0221,Cairo,Olive Oil,Grocery,3,7.31,21.93
INV01092,2024-01-15 16:00:00,K0221,Cairo,Water,Beverages,1,0.72,0.72
INV01093,2024-08-31 21:00:00,K0093,Amman,Chicken,Meat,1,7.72,7.72
INV01093,2024-08-31 21:00:00,K0093,Amman,Diapers,Baby,2,11.84,23.68
INV01093,2024-08-31 21:00:00,K0093,Amman,Milk,Dairy,3,1.11,3.33
INV01093,2024-08-31 21:00:00,K0093,Amman,Rice,Grocery,1,2.3,2.3
INV01094,2024-10-28 12:00:00,K0285,Riyadh,Sugar,Grocery,2,1.42,2.84
INV01094,2024-10-28 12:00:00,K0285,Riyadh,Yogurt,Dairy,3,1.92,5.76
INV01095,2024-04-22 12:00:00,K0118,Casablanca,Cheese,Dairy,2,3.96,7.92
INV01095,2024-04-22 12:00:00,K0118,Casablanca,Milk,Dairy,1,1.21,1.21
INV01095,2024-04-22 12:00:00,K0118,Casablanca,Water,Beverages,2,0.81,1.62
INV01096,2024-01-13 18:00:00,K0158,Amman,Coffee,Beverages,2,5.57,11.14
INV01097,2024-04-24 17:00:00,K0207,Amman,Apples,Produce,3,3.01,9.03
INV01097,2024-04-24 17:00:00,K0207,Amman,Bread,Bakery,3,1.31,3.93
INV01097,2024-04-24 17:00:00,K0207,Amman,Milk,Dairy,3,1.09,3.27
INV01098,2024-05-29 15:00:00,K0288,Cairo,Coffee,Beverages,2,6.47,12.94
INV01098,2024-05-29 15:00:00,K0288,Cairo,Pasta,Grocery,2,1.65,3.3
INV01098,2024-05-29 15:00:00,K0288,Cairo,Rice,Grocery,3,2.17,6.51
INV01098,2024-05-29 15:00:00,K0288,Cairo,Sugar,Grocery,1,1.55,1.55
INV01098,2024-05-29 15:00:00,K0288,Cairo,Tomato Sauce,Grocery,3,2.27,6.81
INV01098,2024-05-29 15:00:00,K0288,Cairo,Water,Beverages,3,0.78,2.34
INV01099,2024-02-07 08:00:00,K0095,Amman,Butter,Dairy,1,2.39,2.39
INV01099,2024-02-07 08:00:00,K0095,Amman,Cheese,Dairy,3,3.88,11.64
INV01099,2024-02-07 08:00:00,K0095,Amman,Coffee,Beverages,3,6.58,19.74
INV01099,2024-02-07 08:00:00,K0095,Amman,Milk,Dairy,2,1.04,2.08
INV01099,2024-02-07 08:00:00,K0095,Amman,Sugar,Grocery,1,1.47,1.47
INV01099,2024-02-07 08:00:00,K0095,Amman,Tomato Sauce,Grocery,3,2.03,6.09
INV01100,2024-06-11 19:00:00,K0046,Casablanca,Water,Beverages,2,0.82,1.64
INV01101,2024-03-03 20:00:00,K0192,Cairo,Milk,Dairy,3,1.18,3.54
INV01101,2024-03-03 20:00:00,K0192,Cairo,Water,Beverages,3,0.74,2.22
INV01101,2024-03-03 20:00:00,K0192,Cairo,Yogurt,Dairy,3,2.07,6.21
INV01102,2024-11-17 11:00:00,K0054,Cairo,Milk,Dairy,1,1.15,1.15
INV01102,2024-11-17 11:00:00,K0054,Cairo,Rice,Grocery,3,2.6,7.8
INV01102,2024-11-17 11:00:00,K0054,Cairo,Tea,Beverages,1,3.65,3.65
INV01102,2024-11-17 11:00:00,K0054,Cairo,Tomato Sauce,Grocery,2,2.15,4.3
INV01102,2024-11-17 11:00:00,K0054,Cairo,Water,Beverages,3,0.81,2.43
INV01103,2024-07-29 15:00:00,K0231,Casablanca,Bread,Bakery,1,1.09,1.09
INV01103,2024-07-29 15:00:00,K0231,Casablanca,Butter,Dairy,1,2.51,2.51
INV01103,2024-07-29 15:00:00,K0231,Casablanca,Water,Beverages,2,0.77,1.54
INV01103,2024-07-29 15:00:00,K0231,Casablanca,Yogurt,Dairy,1,2.0,2.0
INV01104,2024-09-01 13:00:00,K0011,Riyadh,Milk,Dairy,2,1.05,2.1
INV01104,2024-09-01 13:00:00,K0011,Riyadh,Rice,Grocery,2,2.37,4.74
INV01105,2024-05-06 08:00:00,K0062,Amman,Cheese,Dairy,3,3.97,11.91
INV01105,2024-05-06 08:00:00,K0062,Amman,Coffee,Beverages,3,5.54,16.62
INV01105,2024-05-06 08:00:00,K0062,Amman,Sugar,Grocery,1,1.58,1.58
INV01106,2024-07-18 15:00:00,K0105,Amman,Bread,Bakery,3,1.25,3.75
INV01106,2024-07-18 15:00:00,K0105,Amman,Butter,Dairy,2,2.39,4.78
INV01106,2024-07-18 15:00:00,K0105,Amman,Coffee,Beverages,1,6.59,6.59
INV01106,2024-07-18 15:00:00,K0105,Amman,Rice,Grocery,2,2.21,4.42
INV01106,2024-07-18 15:00:00,K0105,Amman,Sugar,Grocery,2,1.65,3.3
INV01107,2024-07-08 09:00:00,K0289,Casablanca,Bread,Bakery,2,1.2,2.4
INV01107,2024-07-08 09:00:00,K0289,Casablanca,Butter,Dairy,1,2.64,2.64
INV01107,2024-07-08 09:00:00,K0289,Casablanca,Chicken,Meat,2,8.11,16.22
INV01107,2024-07-08 09:00:00,K0289,Casablanca,Olive Oil,Grocery,1,7.85,7.85
INV01107,2024-07-08 09:00:00,K0289,Casablanca,Water,Beverages,3,0.81,2.43
INV01108,2024-08-14 09:00:00,K0166,Riyadh,Baby Wipes,Baby,3,4.85,14.55
INV01108,2024-08-14 09:00:00,K0166,Riyadh,Dates,Produce,3,5.33,15.99
INV01108,2024-08-14 09:00:00,K0166,Riyadh,Diapers,Baby,3,13.08,39.24
INV01108,2024-08-14 09:00:00,K0166,Riyadh,Pasta,Grocery,1,1.96,1.96
INV01108,2024-08-14 09:00:00,K0166,Riyadh,Rice,Grocery,2,2.59,5.18
INV01108,2024-08-14 09:00:00,K0166,Riyadh,Tea,Beverages,3,3.22,9.66
INV01108,2024-08-14 09:00:00,K0166,Riyadh,Tomato Sauce,Grocery,1,2.35,2.35
INV01108,2024-08-14 09:00:00,K0166,Riyadh,Yogurt,Dairy,1,2.09,2.09
INV01109,2024-01-04 14:00:00,K0215,Casablanca,Bread,Bakery,1,1.14,1.14
INV01109,2024-01-04 14:00:00,K0215,Casablanca,Butter,Dairy,1,2.46,2.46
INV01109,2024-01-04 14:00:00,K0215,Casablanca,Sugar,Grocery,1,1.62,1.62
INV01110,2024-05-05 14:00:00,K0249,Amman,Chicken,Meat,3,8.38,25.14
INV01110,2024-05-05 14:00:00,K0249,Amman,Rice,Grocery,2,2.17,4.34
INV01110,2024-05-05 14:00:00,K0249,Amman,Tomato Sauce,Grocery,2,1.98,3.96
INV01110,2024-05-05 14:00:00,K0249,Amman,Water,Beverages,1,0.87,0.87
INV01111,2024-01-23 12:00:00,K0237,Riyadh,Chicken,Meat,1,8.12,8.12
INV01111,2024-01-23 12:00:00,K0237,Riyadh,Milk,Dairy,1,1.18,1.18
INV01112,2024-12-02 11:00:00,K0076,Casablanca,Bread,Bakery,1,1.2,1.2
INV01112,2024-12-02 11:00:00,K0076,Casablanca,Butter,Dairy,1,2.31,2.31
INV01112,2024-12-02 11:00:00,K0076,Casablanca,Milk,Dairy,1,1.02,1.02
INV01112,2024-12-02 11:00:00,K0076,Casablanca,Rice,Grocery,3,2.54,7.62
INV01113,2024-04-03 15:00:00,K0187,Amman,Olive Oil,Grocery,3,7.81,23.43
INV01114,2024-11-22 12:00:00,K0120,Riyadh,Bread,Bakery,2,1.25,2.5
INV01114,2024-11-22 12:00:00,K0120,Riyadh,Milk,Dairy,3,1.05,3.15
INV01115,2024-10-13 13:00:00,K0287,Casablanca,Bread,Bakery,3,1.22,3.66
INV01115,2024-10-13 13:00:00,K0287,Casablanca,Rice,Grocery,1,2.44,2.44
INV01115,2024-10-13 13:00:00,K0287,Casablanca,Water,Beverages,1,0.77,0.77
INV01116,2024-08-23 18:00:00,K0217,Riyadh,Water,Beverages,3,0.86,2.58
INV01116,2024-08-23 18:00:00,K0217,Riyadh,Yogurt,Dairy,1,1.88,1.88
INV01117,2024-01-08 08:00:00,K0111,Cairo,Cheese,Dairy,1,3.85,3.85
INV01117,2024-01-08 08:00:00,K0111,Cairo,Chicken,Meat,3,8.55,25.65
INV01117,2024-01-08 08:00:00,K0111,Cairo,Coffee,Beverages,1,6.4,6.4
INV01117,2024-01-08 08:00:00,K0111,Cairo,Dates,Produce,2,5.38,10.76
INV01117,2024-01-08 08:00:00,K0111,Cairo,Sugar,Grocery,1,1.36,1.36
INV01117,2024-01-08 08:00:00,K0111,Cairo,Tea,Beverages,3,3.2,9.6
INV01117,2024-01-08 08:00:00,K0111,Cairo,Water,Beverages,2,0.86,1.72
INV01118,2024-12-30 19:00:00,K0235,Cairo,Butter,Dairy,2,2.36,4.72
INV01118,2024-12-30 19:00:00,K0235,Cairo,Olive Oil,Grocery,3,7.53,22.59
INV01118,2024-12-30 19:00:00,K0235,Cairo,Tea,Beverages,1,3.36,3.36
INV01118,2024-12-30 19:00:00,K0235,Cairo,Water,Beverages,3,0.75,2.25
INV01119,2024-04-17 10:00:00,K0276,Casablanca,Tomato Sauce,Grocery,3,2.17,6.51
INV01120,2024-04-08 20:00:00,K0133,Cairo,Chicken,Meat,3,8.94,26.82
INV01121,2024-02-19 10:00:00,K0037,Casablanca,Butter,Dairy,3,2.43,7.29
INV01121,2024-02-19 10:00:00,K0037,Casablanca,Coffee,Beverages,1,5.72,5.72
INV01121,2024-02-19 10:00:00,K0037,Casablanca,Milk,Dairy,3,1.02,3.06
INV01121,2024-02-19 10:00:00,K0037,Casablanca,Rice,Grocery,3,2.62,7.86
INV01121,2024-02-19 10:00:00,K0037,Casablanca,Sugar,Grocery,2,1.62,3.24
INV01121,2024-02-19 10:00:00,K0037,Casablanca,Yogurt,Dairy,3,2.03,6.09
INV01122,2024-12-28 14:00:00,K0119,Riyadh,Water,Beverages,2,0.84,1.68
INV01123,2024-08-07 21:00:00,K0138,Casablanca,Olive Oil,Grocery,1,7.95,7.95
INV01123,2024-08-07 21:00:00,K0138,Casablanca,Pasta,Grocery,3,1.74,5.22
INV01124,2024-02-21 13:00:00,K0214,Casablanca,Apples,Produce,1,2.75,2.75
INV01125,2024-11-04 12:00:00,K0168,Casablanca,Milk,Dairy,3,1.19,3.57
INV01125,2024-11-04 12:00:00,K0168,Casablanca,Tea,Beverages,3,3.16,9.48
INV01126,2024-08-29 11:00:00,K0128,Casablanca,Chicken,Meat,2,8.43,16.86
INV01126,2024-08-29 11:00:00,K0128,Casablanca,Pasta,Grocery,1,1.95,1.95
INV01126,2024-08-29 11:00:00,K0128,Casablanca,Sugar,Grocery,2,1.61,3.22
INV01126,2024-08-29 11:00:00,K0128,Casablanca,Tomato Sauce,Grocery,3,2.01,6.03
INV01126,2024-08-29 11:00:00,K0128,Casablanca,Water,Beverages,1,0.86,0.86
INV01126,2024-08-29 11:00:00,K0128,Casablanca,Yogurt,Dairy,3,2.08,6.24
INV01127,2024-11-11 19:00:00,K0362,Casablanca,Apples,Produce,2,2.64,5.28
INV01127,2024-11-11 19:00:00,K0362,Casablanca,Butter,Dairy,1,2.32,2.32
INV01127,2024-11-11 19:00:00,K0362,Casablanca,Dates,Produce,1,5.05,5.05
INV01127,2024-11-11 19:00:00,K0362,Casablanca,Rice,Grocery,1,2.43,2.43
INV01128,2024-08-21 13:00:00,K0399,Cairo,Bread,Bakery,1,1.25,1.25
INV01128,2024-08-21 13:00:00,K0399,Cairo,Butter,Dairy,3,2.51,7.53
INV01128,2024-08-21 13:00:00,K0399,Cairo,Chicken,Meat,1,8.92,8.92
INV01128,2024-08-21 13:00:00,K0399,Cairo,Olive Oil,Grocery,3,6.9,20.7
INV01128,2024-08-21 13:00:00,K0399,Cairo,Tea,Beverages,1,3.45,3.45
INV01128,2024-08-21 13:00:00,K0399,Cairo,Water,Beverages,3,0.74,2.22
INV01129,2024-01-13 10:00:00,K0025,Cairo,Apples,Produce,2,2.94,5.88
INV01129,2024-01-13 10:00:00,K0025,Cairo,Bread,Bakery,2,1.1,2.2
INV01129,2024-01-13 10:00:00,K0025,Cairo,Pasta,Grocery,3,1.79,5.37
INV01129,2024-01-13 10:00:00,K0025,Cairo,Tomato Sauce,Grocery,1,2.1,2.1
INV01129,2024-01-13 10:00:00,K0025,Cairo,Water,Beverages,3,0.77,2.31
INV01130,2024-07-05 15:00:00,K0193,Cairo,Milk,Dairy,3,1.11,3.33
INV01131,2024-07-20 19:00:00,K0294,Amman,Apples,Produce,1,2.95,2.95
INV01131,2024-07-20 19:00:00,K0294,Amman,Butter,Dairy,2,2.54,5.08
INV01131,2024-07-20 19:00:00,K0294,Amman,Chicken,Meat,1,7.72,7.72
INV01131,2024-07-20 19:00:00,K0294,Amman,Rice,Grocery,2,2.48,4.96
INV01131,2024-07-20 19:00:00,K0294,Amman,Sugar,Grocery,3,1.58,4.74
INV01132,2024-02-06 10:00:00,K0143,Riyadh,Coffee,Beverages,3,6.06,18.18
INV01132,2024-02-06 10:00:00,K0143,Riyadh,Dates,Produce,1,5.18,5.18
INV01132,2024-02-06 10:00:00,K0143,Riyadh,Sugar,Grocery,1,1.35,1.35
INV01133,2024-05-09 21:00:00,K0284,Amman,Olive Oil,Grocery,3,8.13,24.39
INV01133,2024-05-09 21:00:00,K0284,Amman,Rice,Grocery,3,2.58,7.74
INV01133,2024-05-09 21:00:00,K0284,Amman,Yogurt,Dairy,1,1.85,1.85
INV01134,2024-08-27 12:00:00,K0298,Casablanca,Coffee,Beverages,3,6.1,18.3
INV01134,2024-08-27 12:00:00,K0298,Casablanca,Dates,Produce,1,4.72,4.72
INV01134,2024-08-27 12:00:00,K0298,Casablanca,Sugar,Grocery,1,1.38,1.38
INV01134,2024-08-27 12:00:00,K0298,Casablanca,Tea,Beverages,3,3.73,11.19
INV01134,2024-08-27 12:00:00,K0298,Casablanca,Water,Beverages,3,0.85,2.55
INV01134,2024-08-27 12:00:00,K0298,Casablanca,Yogurt,Dairy,3,2.01,6.03
INV01135,2024-01-16 13:00:00,K0229,Casablanca,Apples,Produce,2,2.96,5.92
INV01135,2024-01-16 13:00:00,K0229,Casablanca,Milk,Dairy,3,1.19,3.57
INV01135,2024-01-16 13:00:00,K0229,Casablanca,Water,Beverages,3,0.77,2.31
INV01135,2024-01-16 13:00:00,K0229,Casablanca,Yogurt,Dairy,1,1.98,1.98
INV01136,2024-05-14 19:00:00,K0130,Casablanca,Butter,Dairy,2,2.47,4.94
INV01136,2024-05-14 19:00:00,K0130,Casablanca,Milk,Dairy,3,1.06,3.18
INV01137,2024-05-24 11:00:00,K0028,Amman,Cheese,Dairy,3,4.05,12.15
INV01138,2024-11-08 20:00:00,K0258,Casablanca,Baby Wipes,Baby,3,4.69,14.07
INV01138,2024-11-08 20:00:00,K0258,Casablanca,Diapers,Baby,2,11.93,23.86
INV01138,2024-11-08 20:00:00,K0258,Casablanca,Milk,Dairy,1,1.14,1.14
INV01138,2024-11-08 20:00:00,K0258,Casablanca,Olive Oil,Grocery,1,7.44,7.44
INV01139,2024-04-21 19:00:00,K0206,Amman,Apples,Produce,1,2.98,2.98
INV01139,2024-04-21 19:00:00,K0206,Amman,Dates,Produce,1,5.08,5.08
INV01140,2024-08-28 10:00:00,K0273,Amman,Bread,Bakery,2,1.23,2.46
INV01140,2024-08-28 10:00:00,K0273,Amman,Butter,Dairy,2,2.34,4.68
INV01140,2024-08-28 10:00:00,K0273,Amman,Cheese,Dairy,1,3.66,3.66
INV01140,2024-08-28 10:00:00,K0273,Amman,Sugar,Grocery,3,1.38,4.14
INV01140,2024-08-28 10:00:00,K0273,Amman,Water,Beverages,1,0.79,0.79
INV01141,2024-12-02 20:00:00,K0076,Amman,Bread,Bakery,3,1.16,3.48
INV01141,2024-12-02 20:00:00,K0076,Amman,Cheese,Dairy,3,4.29,12.87
INV01141,2024-12-02 20:00:00,K0076,Amman,Pasta,Grocery,2,1.97,3.94
INV01141,2024-12-02 20:00:00,K0076,Amman,Rice,Grocery,3,2.57,7.71
INV01141,2024-12-02 20:00:00,K0076,Amman,Tomato Sauce,Grocery,2,2.16,4.32
INV01142,2024-10-04 20:00:00,K0099,Cairo,Olive Oil,Grocery,2,7.27,14.54
INV01142,2024-10-04 20:00:00,K0099,Cairo,Water,Beverages,3,0.74,2.22
INV01143,2024-04-02 11:00:00,K0360,Casablanca,Chicken,Meat,1,8.87,8.87
INV01143,2024-04-02 11:00:00,K0360,Casablanca,Rice,Grocery,1,2.18,2.18
INV01144,2024-02-06 20:00:00,K0248,Amman,Baby Wipes,Baby,3,4.63,13.89
INV01144,2024-02-06 20:00:00,K0248,Amman,Coffee,Beverages,1,6.34,6.34
INV01144,2024-02-06 20:00:00,K0248,Amman,Diapers,Baby,1,11.03,11.03
INV01144,2024-02-06 20:00:00,K0248,Amman,Milk,Dairy,1,1.15,1.15
INV01144,2024-02-06 20:00:00,K0248,Amman,Pasta,Grocery,1,1.81,1.81
INV01145,2024-04-03 16:00:00,K0096,Cairo,Cheese,Dairy,3,3.94,11.82
INV01145,2024-04-03 16:00:00,K0096,Cairo,Pasta,Grocery,1,1.89,1.89
INV01145,2024-04-03 16:00:00,K0096,Cairo,Rice,Grocery,3,2.25,6.75
INV01145,2024-04-03 16:00:00,K0096,Cairo,Tomato Sauce,Grocery,1,2.12,2.12
INV01145,2024-04-03 16:00:00,K0096,Cairo,Water,Beverages,2,0.87,1.74
INV01146,2024-11-24 17:00:00,K0189,Riyadh,Diapers,Baby,3,12.57,37.71
INV01146,2024-11-24 17:00:00,K0189,Riyadh,Milk,Dairy,1,1.17,1.17
INV01146,2024-11-24 17:00:00,K0189,Riyadh,Tea,Beverages,3,3.39,10.17
INV01147,2024-11-16 08:00:00,K0011,Casablanca,Apples,Produce,2,2.78,5.56
INV01147,2024-11-16 08:00:00,K0011,Casablanca,Bread,Bakery,2,1.19,2.38
INV01147,2024-11-16 08:00:00,K0011,Casablanca,Sugar,Grocery,1,1.44,1.44
INV01148,2024-12-16 18:00:00,K0241,Cairo,Dates,Produce,2,5.06,10.12
INV01149,2024-11-21 17:00:00,K0190,Cairo,Chicken,Meat,2,8.62,17.24
INV01149,2024-11-21 17:00:00,K0190,Cairo,Milk,Dairy,1,1.0,1.0
INV01149,2024-11-21 17:00:00,K0190,Cairo,Pasta,Grocery,1,1.79,1.79
INV01149,2024-11-21 17:00:00,K0190,Cairo,Rice,Grocery,3,2.22,6.66
INV01149,2024-11-21 17:00:00,K0190,Cairo,Sugar,Grocery,1,1.35,1.35
INV01149,2024-11-21 17:00:00,K0190,Cairo,Tomato Sauce,Grocery,3,2.18,6.54
INV01150,2024-05-24 12:00:00,K0278,Cairo,Apples,Produce,1,2.58,2.58
INV01150,2024-05-24 12:00:00,K0278,Cairo,Bread,Bakery,3,1.2,3.6
INV01150,2024-05-24 12:00:00,K0278,Cairo,Butter,Dairy,1,2.74,2.74
INV01150,2024-05-24 12:00:00,K0278,Cairo,Coffee,Beverages,2,5.98,11.96
INV01150,2024-05-24 12:00:00,K0278,Cairo,Water,Beverages,3,0.75,2.25
INV01151,2024-07-11 19:00:00,K0023,Amman,Baby Wipes,Baby,3,4.38,13.14
INV01151,2024-07-11 19:00:00,K0023,Amman,Butter,Dairy,3,2.56,7.68
INV01152,2024-10-22 08:00:00,K0189,Riyadh,Rice,Grocery,1,2.55,2.55
INV01152,2024-10-22 08:00:00,K0189,Riyadh,Water,Beverages,1,0.8,0.8
INV01153,2024-06-16 16:00:00,K0163,Amman,Butter,Dairy,2,2.54,5.08
INV01153,2024-06-16 16:00:00,K0163,Amman,Tomato Sauce,Grocery,2,2.1,4.2
INV01154,2024-07-02 18:00:00,K0356,Casablanca,Apples,Produce,1,2.89,2.89
INV01155,2024-09-16 13:00:00,K0355,Amman,Sugar,Grocery,1,1.41,1.41
INV01155,2024-09-16 13:00:00,K0355,Amman,Water,Beverages,2,0.85,1.7
INV01156,2024-06-26 11:00:00,K0344,Riyadh,Yogurt,Dairy,3,1.93,5.79
INV01157,2024-05-31 13:00:00,K0388,Cairo,Butter,Dairy,3,2.4,7.2
INV01158,2024-09-09 09:00:00,K0014,Casablanca,Apples,Produce,1,2.69,2.69
INV01158,2024-09-09 09:00:00,K0014,Casablanca,Cheese,Dairy,2,4.04,8.08
INV01158,2024-09-09 09:00:00,K0014,Casablanca,Coffee,Beverages,1,6.19,6.19
INV01158,2024-09-09 09:00:00,K0014,Casablanca,Pasta,Grocery,3,1.77,5.31
INV01158,2024-09-09 09:00:00,K0014,Casablanca,Sugar,Grocery,2,1.39,2.78
INV01158,2024-09-09 09:00:00,K0014,Casablanca,Tomato Sauce,Grocery,2,2.34,4.68
INV01159,2024-10-06 18:00:00,K0110,Cairo,Rice,Grocery,3,2.57,7.71
INV01160,2024-02-13 09:00:00,K0220,Casablanca,Bread,Bakery,3,1.2,3.6
INV01160,2024-02-13 09:00:00,K0220,Casablanca,Butter,Dairy,2,2.71,5.42
INV01160,2024-02-13 09:00:00,K0220,Casablanca,Pasta,Grocery,1,1.97,1.97
INV01160,2024-02-13 09:00:00,K0220,Casablanca,Tomato Sauce,Grocery,2,2.11,4.22
INV01161,2024-11-30 10:00:00,K0104,Casablanca,Apples,Produce,1,2.85,2.85
INV01161,2024-11-30 10:00:00,K0104,Casablanca,Cheese,Dairy,1,4.04,4.04
INV01161,2024-11-30 10:00:00,K0104,Casablanca,Sugar,Grocery,1,1.53,1.53
INV01162,2024-12-13 20:00:00,K0204,Casablanca,Apples,Produce,1,3.08,3.08
INV01162,2024-12-13 20:00:00,K0204,Casablanca,Butter,Dairy,3,2.31,6.93
INV01162,2024-12-13 20:00:00,K0204,Casablanca,Cheese,Dairy,3,4.1,12.3
INV01162,2024-12-13 20:00:00,K0204,Casablanca,Tea,Beverages,1,3.62,3.62
INV01162,2024-12-13 20:00:00,K0204,Casablanca,Yogurt,Dairy,3,1.73,5.19
INV01163,2024-06-03 11:00:00,K0322,Casablanca,Yogurt,Dairy,3,1.9,5.7
INV01164,2024-07-07 20:00:00,K0156,Casablanca,Chicken,Meat,3,8.09,24.27
INV01164,2024-07-07 20:00:00,K0156,Casablanca,Milk,Dairy,2,1.03,2.06
INV01164,2024-07-07 20:00:00,K0156,Casablanca,Rice,Grocery,1,2.19,2.19
INV01164,2024-07-07 20:00:00,K0156,Casablanca,Sugar,Grocery,3,1.37,4.11
INV01165,2024-12-17 13:00:00,K0336,Casablanca,Butter,Dairy,2,2.53,5.06
INV01166,2024-01-19 17:00:00,K0229,Casablanca,Tomato Sauce,Grocery,1,2.34,2.34
INV01167,2024-08-22 08:00:00,K0204,Casablanca,Apples,Produce,3,2.8,8.4
INV01167,2024-08-22 08:00:00,K0204,Casablanca,Milk,Dairy,3,1.13,3.39
INV01167,2024-08-22 08:00:00,K0204,Casablanca,Pasta,Grocery,1,1.78,1.78
INV01167,2024-08-22 08:00:00,K0204,Casablanca,Rice,Grocery,1,2.46,2.46
INV01167,2024-08-22 08:00:00,K0204,Casablanca,Tomato Sauce,Grocery,3,2.39,7.17
INV01168,2024-02-21 08:00:00,K0246,Riyadh,Apples,Produce,2,3.01,6.02
INV01168,2024-02-21 08:00:00,K0246,Riyadh,Olive Oil,Grocery,1,6.83,6.83
INV01168,2024-02-21 08:00:00,K0246,Riyadh,Rice,Grocery,1,2.26,2.26
INV01169,2024-08-09 13:00:00,K0163,Casablanca,Butter,Dairy,3,2.68,8.04
INV01169,2024-08-09 13:00:00,K0163,Casablanca,Cheese,Dairy,1,3.81,3.81
INV01169,2024-08-09 13:00:00,K0163,Casablanca,Rice,Grocery,3,2.25,6.75
INV01169,2024-08-09 13:00:00,K0163,Casablanca,Water,Beverages,1,0.87,0.87
INV01169,2024-08-09 13:00:00,K0163,Casablanca,Yogurt,Dairy,3,1.92,5.76
INV01170,2024-07-07 09:00:00,K0137,Casablanca,Chicken,Meat,1,7.83,7.83
INV01170,2024-07-07 09:00:00,K0137,Casablanca,Rice,Grocery,3,2.59,7.77
INV01170,2024-07-07 09:00:00,K0137,Casablanca,Sugar,Grocery,3,1.49,4.47
INV01170,2024-07-07 09:00:00,K0137,Casablanca,Water,Beverages,3,0.85,2.55
INV01171,2024-07-06 11:00:00,K0354,Cairo,Chicken,Meat,1,8.43,8.43
INV01171,2024-07-06 11:00:00,K0354,Cairo,Milk,Dairy,3,1.05,3.15
INV01172,2024-11-22 18:00:00,K0287,Casablanca,Coffee,Beverages,1,6.24,6.24
INV01172,2024-11-22 18:00:00,K0287,Casablanca,Rice,Grocery,1,2.31,2.31
INV01173,2024-01-05 16:00:00,K0373,Casablanca,Chicken,Meat,2,8.2,16.4
INV01173,2024-01-05 16:00:00,K0373,Casablanca,Coffee,Beverages,3,6.25,18.75
INV01173,2024-01-05 16:00:00,K0373,Casablanca,Milk,Dairy,3,1.13,3.39
INV01173,2024-01-05 16:00:00,K0373,Casablanca,Pasta,Grocery,2,1.79,3.58
INV01173,2024-01-05 16:00:00,K0373,Casablanca,Rice,Grocery,1,2.17,2.17
INV01173,2024-01-05 16:00:00,K0373,Casablanca,Sugar,Grocery,2,1.55,3.1
INV01173,2024-01-05 16:00:00,K0373,Casablanca,Tomato Sauce,Grocery,2,2.41,4.82
INV01174,2024-03-31 12:00:00,K0357,Amman,Milk,Dairy,1,1.09,1.09
INV01174,2024-03-31 12:00:00,K0357,Amman,Pasta,Grocery,3,1.95,5.85
INV01174,2024-03-31 12:00:00,K0357,Amman,Sugar,Grocery,1,1.46,1.46
INV01174,2024-03-31 12:00:00,K0357,Amman,Tea,Beverages,3,3.29,9.87
INV01174,2024-03-31 12:00:00,K0357,Amman,Yogurt,Dairy,1,2.01,2.01
INV01175,2024-10-13 20:00:00,K0388,Cairo,Bread,Bakery,1,1.28,1.28
INV01175,2024-10-13 20:00:00,K0388,Cairo,Butter,Dairy,1,2.68,2.68
INV01175,2024-10-13 20:00:00,K0388,Cairo,Pasta,Grocery,2,1.92,3.84
INV01175,2024-10-13 20:00:00,K0388,Cairo,Tea,Beverages,3,3.33,9.99
INV01175,2024-10-13 20:00:00,K0388,Cairo,Water,Beverages,2,0.73,1.46
INV01176,2024-07-18 21:00:00,K0142,Casablanca,Baby Wipes,Baby,1,4.59,4.59
INV01176,2024-07-18 21:00:00,K0142,Casablanca,Diapers,Baby,3,10.95,32.85
INV01176,2024-07-18 21:00:00,K0142,Casablanca,Pasta,Grocery,3,1.97,5.91
INV01176,2024-07-18 21:00:00,K0142,Casablanca,Rice,Grocery,2,2.27,4.54
INV01176,2024-07-18 21:00:00,K0142,Casablanca,Tomato Sauce,Grocery,3,2.38,7.14
INV01177,2024-08-18 21:00:00,K0018,Riyadh,Cheese,Dairy,2,4.24,8.48
INV01177,2024-08-18 21:00:00,K0018,Riyadh,Milk,Dairy,1,1.15,1.15
INV01177,2024-08-18 21:00:00,K0018,Riyadh,Pasta,Grocery,2,1.64,3.28
INV01177,2024-08-18 21:00:00,K0018,Riyadh,Rice,Grocery,1,2.24,2.24
INV01177,2024-08-18 21:00:00,K0018,Riyadh,Tea,Beverages,1,3.83,3.83
INV01178,2024-09-06 14:00:00,K0277,Casablanca,Sugar,Grocery,1,1.39,1.39
INV01178,2024-09-06 14:00:00,K0277,Casablanca,Tea,Beverages,1,3.3,3.3
INV01178,2024-09-06 14:00:00,K0277,Casablanca,Yogurt,Dairy,1,2.04,2.04
INV01179,2024-11-16 21:00:00,K0165,Casablanca,Baby Wipes,Baby,3,4.39,13.17
INV01179,2024-11-16 21:00:00,K0165,Casablanca,Diapers,Baby,2,11.82,23.64
INV01179,2024-11-16 21:00:00,K0165,Casablanca,Yogurt,Dairy,2,1.71,3.42
INV01180,2024-04-13 17:00:00,K0173,Cairo,Water,Beverages,2,0.76,1.52
INV01181,2024-12-27 20:00:00,K0279,Casablanca,Bread,Bakery,2,1.11,2.22
INV01181,2024-12-27 20:00:00,K0279,Casablanca,Butter,Dairy,2,2.64,5.28
INV01181,2024-12-27 20:00:00,K0279,Casablanca,Chicken,Meat,1,8.93,8.93
INV01181,2024-12-27 20:00:00,K0279,Casablanca,Pasta,Grocery,1,1.77,1.77
INV01181,2024-12-27 20:00:00,K0279,Casablanca,Rice,Grocery,3,2.59,7.77
INV01181,2024-12-27 20:00:00,K0279,Casablanca,Tomato Sauce,Grocery,2,2.39,4.78
INV01181,2024-12-27 20:00:00,K0279,Casablanca,Water,Beverages,3,0.78,2.34
INV01182,2024-11-21 11:00:00,K0207,Casablanca,Dates,Produce,3,5.03,15.09
INV01182,2024-11-21 11:00:00,K0207,Casablanca,Milk,Dairy,2,1.02,2.04
INV01182,2024-11-21 11:00:00,K0207,Casablanca,Sugar,Grocery,2,1.64,3.28
INV01182,2024-11-21 11:00:00,K0207,Casablanca,Tea,Beverages,2,3.81,7.62
INV01182,2024-11-21 11:00:00,K0207,Casablanca,Water,Beverages,3,0.76,2.28
INV01183,2024-11-12 11:00:00,K0360,Casablanca,Chicken,Meat,2,9.25,18.5
INV01183,2024-11-12 11:00:00,K0360,Casablanca,Coffee,Beverages,2,6.19,12.38
INV01183,2024-11-12 11:00:00,K0360,Casablanca,Milk,Dairy,1,1.2,1.2
INV01183,2024-11-12 11:00:00,K0360,Casablanca,Rice,Grocery,3,2.53,7.59
INV01183,2024-11-12 11:00:00,K0360,Casablanca,Tea,Beverages,3,3.33,9.99
INV01184,2024-06-24 13:00:00,K0209,Riyadh,Coffee,Beverages,3,5.87,17.61
INV01185,2024-09-06 14:00:00,K0050,Casablanca,Baby Wipes,Baby,3,4.49,13.47
INV01185,2024-09-06 14:00:00,K0050,Casablanca,Bread,Bakery,2,1.27,2.54
INV01185,2024-09-06 14:00:00,K0050,Casablanca,Cheese,Dairy,1,4.25,4.25
INV01185,2024-09-06 14:00:00,K0050,Casablanca,Pasta,Grocery,2,1.91,3.82
INV01185,2024-09-06 14:00:00,K0050,Casablanca,Tomato Sauce,Grocery,2,2.25,4.5
INV01186,2024-07-31 17:00:00,K0080,Riyadh,Apples,Produce,2,2.88,5.76
INV01186,2024-07-31 17:00:00,K0080,Riyadh,Dates,Produce,1,5.0,5.0
INV01186,2024-07-31 17:00:00,K0080,Riyadh,Pasta,Grocery,2,1.77,3.54
INV01186,2024-07-31 17:00:00,K0080,Riyadh,Tea,Beverages,2,3.78,7.56
INV01186,2024-07-31 17:00:00,K0080,Riyadh,Tomato Sauce,Grocery,1,2.39,2.39
INV01187,2024-04-03 10:00:00,K0374,Riyadh,Baby Wipes,Baby,1,4.37,4.37
INV01187,2024-04-03 10:00:00,K0374,Riyadh,Diapers,Baby,1,13.06,13.06
INV01187,2024-04-03 10:00:00,K0374,Riyadh,Water,Beverages,2,0.73,1.46
INV01187,2024-04-03 10:00:00,K0374,Riyadh,Yogurt,Dairy,2,1.76,3.52
INV01188,2024-07-04 20:00:00,K0059,Casablanca,Rice,Grocery,3,2.2,6.6
INV01189,2024-09-08 09:00:00,K0025,Riyadh,Butter,Dairy,3,2.36,7.08
INV01189,2024-09-08 09:00:00,K0025,Riyadh,Dates,Produce,3,4.69,14.07
INV01189,2024-09-08 09:00:00,K0025,Riyadh,Pasta,Grocery,3,1.97,5.91
INV01189,2024-09-08 09:00:00,K0025,Riyadh,Tomato Sauce,Grocery,1,2.1,2.1
INV01189,2024-09-08 09:00:00,K0025,Riyadh,Water,Beverages,3,0.86,2.58
INV01190,2024-07-25 09:00:00,K0003,Amman,Dates,Produce,1,4.92,4.92
INV01190,2024-07-25 09:00:00,K0003,Amman,Milk,Dairy,2,1.13,2.26
INV01190,2024-07-25 09:00:00,K0003,Amman,Pasta,Grocery,3,1.92,5.76
INV01190,2024-07-25 09:00:00,K0003,Amman,Tea,Beverages,3,3.48,10.44
INV01190,2024-07-25 09:00:00,K0003,Amman,Tomato Sauce,Grocery,1,2.42,2.42
INV01191,2024-04-30 15:00:00,K0367,Casablanca,Bread,Bakery,3,1.17,3.51
INV01191,2024-04-30 15:00:00,K0367,Casablanca,Butter,Dairy,2,2.58,5.16
INV01191,2024-04-30 15:00:00,K0367,Casablanca,Milk,Dairy,1,1.12,1.12
INV01191,2024-04-30 15:00:00,K0367,Casablanca,Olive Oil,Grocery,3,7.33,21.99
INV01191,2024-04-30 15:00:00,K0367,Casablanca,Water,Beverages,1,0.77,0.77
INV01192,2024-08-07 09:00:00,K0151,Casablanca,Butter,Dairy,3,2.52,7.56
INV01192,2024-08-07 09:00:00,K0151,Casablanca,Dates,Produce,1,4.83,4.83
INV01192,2024-08-07 09:00:00,K0151,Casablanca,Sugar,Grocery,1,1.58,1.58
INV01192,2024-08-07 09:00:00,K0151,Casablanca,Water,Beverages,3,0.76,2.28
INV01193,2024-10-29 13:00:00,K0133,Riyadh,Apples,Produce,2,2.84,5.68
INV01193,2024-10-29 13:00:00,K0133,Riyadh,Butter,Dairy,1,2.32,2.32
INV01193,2024-10-29 13:00:00,K0133,Riyadh,Milk,Dairy,3,1.13,3.39
INV01193,2024-10-29 13:00:00,K0133,Riyadh,Tea,Beverages,1,3.15,3.15
INV01193,2024-10-29 13:00:00,K0133,Riyadh,Water,Beverages,2,0.77,1.54
INV01194,2024-06-24 08:00:00,K0147,Riyadh,Milk,Dairy,1,1.2,1.2
INV01194,2024-06-24 08:00:00,K0147,Riyadh,Rice,Grocery,2,2.4,4.8
INV01194,2024-06-24 08:00:00,K0147,Riyadh,Tomato Sauce,Grocery,3,2.18,6.54
INV01195,2024-06-05 15:00:00,K0291,Cairo,Water,Beverages,3,0.86,2.58
INV01196,2024-04-01 21:00:00,K0306,Casablanca,Chicken,Meat,2,8.54,17.08
INV01196,2024-04-01 21:00:00,K0306,Casablanca,Milk,Dairy,2,1.02,2.04
INV01196,2024-04-01 21:00:00,K0306,Casablanca,Water,Beverages,3,0.73,2.19
INV01197,2024-12-15 17:00:00,K0029,Riyadh,Bread,Bakery,2,1.11,2.22
INV01197,2024-12-15 17:00:00,K0029,Riyadh,Chicken,Meat,1,8.23,8.23
INV01197,2024-12-15 17:00:00,K0029,Riyadh,Coffee,Beverages,3,5.76,17.28
INV01197,2024-12-15 17:00:00,K0029,Riyadh,Rice,Grocery,2,2.31,4.62
INV01197,2024-12-15 17:00:00,K0029,Riyadh,Sugar,Grocery,3,1.58,4.74
INV01198,2024-01-29 15:00:00,K0093,Casablanca,Coffee,Beverages,3,6.39,19.17
INV01198,2024-01-29 15:00:00,K0093,Casablanca,Milk,Dairy,1,1.05,1.05
INV01198,2024-01-29 15:00:00,K0093,Casablanca,Pasta,Grocery,2,1.97,3.94
INV01198,2024-01-29 15:00:00,K0093,Casablanca,Tomato Sauce,Grocery,1,2.03,2.03
INV01199,2024-11-10 12:00:00,K0175,Casablanca,Apples,Produce,3,3.02,9.06
INV01199,2024-11-10 12:00:00,K0175,Casablanca,Bread,Bakery,2,1.3,2.6
INV01199,2024-11-10 12:00:00,K0175,Casablanca,Butter,Dairy,2,2.48,4.96
INV01199,2024-11-10 12:00:00,K0175,Casablanca,Dates,Produce,2,5.21,10.42
INV01199,2024-11-10 12:00:00,K0175,Casablanca,Pasta,Grocery,2,1.65,3.3
INV01199,2024-11-10 12:00:00,K0175,Casablanca,Rice,Grocery,1,2.61,2.61
INV01199,2024-11-10 12:00:00,K0175,Casablanca,Tomato Sauce,Grocery,3,2.13,6.39
INV01200,2024-09-27 15:00:00,K0110,Riyadh,Cheese,Dairy,1,3.68,3.68
INV01201,2024-02-18 19:00:00,K0384,Casablanca,Bread,Bakery,1,1.12,1.12
INV01201,2024-02-18 19:00:00,K0384,Casablanca,Butter,Dairy,2,2.37,4.74
INV01201,2024-02-18 19:00:00,K0384,Casablanca,Water,Beverages,2,0.76,1.52
INV01202,2024-12-20 14:00:00,K0139,Cairo,Bread,Bakery,1,1.15,1.15
INV01202,2024-12-20 14:00:00,K0139,Cairo,Cheese,Dairy,3,4.36,13.08
INV01202,2024-12-20 14:00:00,K0139,Cairo,Milk,Dairy,1,1.12,1.12
INV01202,2024-12-20 14:00:00,K0139,Cairo,Rice,Grocery,3,2.52,7.56
INV01202,2024-12-20 14:00:00,K0139,Cairo,Tomato Sauce,Grocery,3,2.19,6.57
INV01203,2024-12-21 13:00:00,K0283,Riyadh,Apples,Produce,2,2.71,5.42
INV01203,2024-12-21 13:00:00,K0283,Riyadh,Sugar,Grocery,3,1.35,4.05
INV01204,2024-01-06 09:00:00,K0213,Riyadh,Bread,Bakery,2,1.17,2.34
INV01204,2024-01-06 09:00:00,K0213,Riyadh,Butter,Dairy,1,2.41,2.41
INV01204,2024-01-06 09:00:00,K0213,Riyadh,Pasta,Grocery,3,1.92,5.76
INV01204,2024-01-06 09:00:00,K0213,Riyadh,Tea,Beverages,1,3.3,3.3
INV01204,2024-01-06 09:00:00,K0213,Riyadh,Tomato Sauce,Grocery,1,2.08,2.08
INV01205,2024-12-07 21:00:00,K0187,Cairo,Cheese,Dairy,1,4.15,4.15
INV01205,2024-12-07 21:00:00,K0187,Cairo,Tea,Beverages,2,3.64,7.28
INV01206,2024-10-17 09:00:00,K0007,Cairo,Apples,Produce,3,2.56,7.68
INV01206,2024-10-17 09:00:00,K0007,Cairo,Bread,Bakery,2,1.2,2.4
INV01206,2024-10-17 09:00:00,K0007,Cairo,Dates,Produce,1,5.34,5.34
INV01206,2024-10-17 09:00:00,K0007,Cairo,Milk,Dairy,3,1.15,3.45
INV01206,2024-10-17 09:00:00,K0007,Cairo,Water,Beverages,2,0.81,1.62
INV01207,2024-02-15 14:00:00,K0356,Cairo,Apples,Produce,2,2.96,5.92
INV01208,2024-10-05 13:00:00,K0242,Cairo,Butter,Dairy,1,2.68,2.68
INV01208,2024-10-05 13:00:00,K0242,Cairo,Cheese,Dairy,3,4.39,13.17
INV01208,2024-10-05 13:00:00,K0242,Cairo,Chicken,Meat,2,8.87,17.74
INV01208,2024-10-05 13:00:00,K0242,Cairo,Milk,Dairy,3,1.01,3.03
INV01208,2024-10-05 13:00:00,K0242,Cairo,Tea,Beverages,1,3.26,3.26
INV01209,2024-05-07 18:00:00,K0166,Casablanca,Butter,Dairy,1,2.31,2.31
INV01209,2024-05-07 18:00:00,K0166,Casablanca,Cheese,Dairy,3,4.12,12.36
INV01209,2024-05-07 18:00:00,K0166,Casablanca,Tomato Sauce,Grocery,2,2.02,4.04
INV01209,2024-05-07 18:00:00,K0166,Casablanca,Water,Beverages,3,0.82,2.46
INV01210,2024-03-31 21:00:00,K0081,Cairo,Bread,Bakery,2,1.25,2.5
INV01210,2024-03-31 21:00:00,K0081,Cairo,Butter,Dairy,3,2.59,7.77
INV01210,2024-03-31 21:00:00,K0081,Cairo,Coffee,Beverages,3,5.67,17.01
INV01210,2024-03-31 21:00:00,K0081,Cairo,Pasta,Grocery,2,1.89,3.78
INV01210,2024-03-31 21:00:00,K0081,Cairo,Rice,Grocery,1,2.48,2.48
INV01210,2024-03-31 21:00:00,K0081,Cairo,Tomato Sauce,Grocery,3,2.04,6.12
INV01211,2024-03-19 19:00:00,K0392,Cairo,Tomato Sauce,Grocery,1,2.36,2.36
INV01211,2024-03-19 19:00:00,K0392,Cairo,Water,Beverages,2,0.78,1.56
INV01212,2024-05-15 11:00:00,K0036,Cairo,Bread,Bakery,3,1.27,3.81
INV01212,2024-05-15 11:00:00,K0036,Cairo,Water,Beverages,2,0.74,1.48
INV01213,2024-09-04 09:00:00,K0321,Amman,Apples,Produce,3,2.85,8.55
INV01213,2024-09-04 09:00:00,K0321,Amman,Chicken,Meat,3,8.49,25.47
INV01213,2024-09-04 09:00:00,K0321,Amman,Coffee,Beverages,2,5.65,11.3
INV01213,2024-09-04 09:00:00,K0321,Amman,Rice,Grocery,3,2.22,6.66
INV01213,2024-09-04 09:00:00,K0321,Amman,Sugar,Grocery,1,1.63,1.63
INV01214,2024-05-10 10:00:00,K0151,Casablanca,Apples,Produce,3,3.0,9.0
INV01214,2024-05-10 10:00:00,K0151,Casablanca,Milk,Dairy,2,1.19,2.38
INV01214,2024-05-10 10:00:00,K0151,Casablanca,Pasta,Grocery,2,1.69,3.38
INV01214,2024-05-10 10:00:00,K0151,Casablanca,Tomato Sauce,Grocery,3,2.21,6.63
INV01214,2024-05-10 10:00:00,K0151,Casablanca,Water,Beverages,2,0.79,1.58
INV01214,2024-05-10 10:00:00,K0151,Casablanca,Yogurt,Dairy,1,2.05,2.05
INV01215,2024-11-19 09:00:00,K0375,Cairo,Bread,Bakery,1,1.13,1.13
INV01215,2024-11-19 09:00:00,K0375,Cairo,Butter,Dairy,3,2.72,8.16
INV01215,2024-11-19 09:00:00,K0375,Cairo,Tea,Beverages,3,3.25,9.75
INV01216,2024-02-10 14:00:00,K0245,Casablanca,Water,Beverages,2,0.75,1.5
INV01217,2024-11-09 17:00:00,K0297,Casablanca,Dates,Produce,1,5.04,5.04
INV01217,2024-11-09 17:00:00,K0297,Casablanca,Rice,Grocery,1,2.57,2.57
INV01217,2024-11-09 17:00:00,K0297,Casablanca,Water,Beverages,2,0.83,1.66
INV01218,2024-01-30 17:00:00,K0056,Casablanca,Butter,Dairy,1,2.7,2.7
INV01218,2024-01-30 17:00:00,K0056,Casablanca,Pasta,Grocery,1,1.62,1.62
INV01218,2024-01-30 17:00:00,K0056,Casablanca,Tea,Beverages,1,3.26,3.26
INV01218,2024-01-30 17:00:00,K0056,Casablanca,Tomato Sauce,Grocery,2,2.32,4.64
INV01218,2024-01-30 17:00:00,K0056,Casablanca,Water,Beverages,1,0.78,0.78
INV01219,2024-10-19 13:00:00,K0032,Amman,Cheese,Dairy,3,3.71,11.13
INV01220,2024-02-20 16:00:00,K0287,Cairo,Coffee,Beverages,3,6.41,19.23
INV01221,2024-03-05 11:00:00,K0305,Riyadh,Olive Oil,Grocery,1,8.14,8.14
INV01221,2024-03-05 11:00:00,K0305,Riyadh,Yogurt,Dairy,2,1.89,3.78
INV01222,2024-07-11 12:00:00,K0001,Casablanca,Apples,Produce,2,2.8,5.6
INV01222,2024-07-11 12:00:00,K0001,Casablanca,Butter,Dairy,3,2.67,8.01
INV01222,2024-07-11 12:00:00,K0001,Casablanca,Milk,Dairy,3,1.0,3.0
INV01222,2024-07-11 12:00:00,K0001,Casablanca,Olive Oil,Grocery,3,7.83,23.49
INV01222,2024-07-11 12:00:00,K0001,Casablanca,Water,Beverages,3,0.73,2.19
INV01223,2024-06-16 16:00:00,K0230,Cairo,Apples,Produce,1,2.65,2.65
INV01223,2024-06-16 16:00:00,K0230,Cairo,Bread,Bakery,1,1.22,1.22
INV01223,2024-06-16 16:00:00,K0230,Cairo,Butter,Dairy,1,2.53,2.53
INV01223,2024-06-16 16:00:00,K0230,Cairo,Coffee,Beverages,2,5.42,10.84
INV01223,2024-06-16 16:00:00,K0230,Cairo,Milk,Dairy,1,1.21,1.21
INV01223,2024-06-16 16:00:00,K0230,Cairo,Rice,Grocery,3,2.37,7.11
INV01224,2024-03-31 12:00:00,K0331,Casablanca,Sugar,Grocery,2,1.47,2.94
INV01225,2024-01-30 11:00:00,K0124,Cairo,Tomato Sauce,Grocery,1,2.26,2.26
INV01226,2024-10-10 16:00:00,K0137,Amman,Chicken,Meat,2,8.64,17.28
INV01226,2024-10-10 16:00:00,K0137,Amman,Dates,Produce,3,4.9,14.7
INV01226,2024-10-10 16:00:00,K0137,Amman,Rice,Grocery,3,2.5,7.5
INV01226,2024-10-10 16:00:00,K0137,Amman,Yogurt,Dairy,3,1.87,5.61
INV01227,2024-08-14 09:00:00,K0378,Casablanca,Apples,Produce,2,2.75,5.5
INV01227,2024-08-14 09:00:00,K0378,Casablanca,Cheese,Dairy,2,4.24,8.48
INV01227,2024-08-14 09:00:00,K0378,Casablanca,Chicken,Meat,1,8.13,8.13
INV01227,2024-08-14 09:00:00,K0378,Casablanca,Rice,Grocery,3,2.5,7.5
INV01227,2024-08-14 09:00:00,K0378,Casablanca,Sugar,Grocery,3,1.52,4.56
INV01227,2024-08-14 09:00:00,K0378,Casablanca,Tea,Beverages,3,3.79,11.37
INV01228,2024-02-15 20:00:00,K0317,Amman,Bread,Bakery,1,1.26,1.26
INV01228,2024-02-15 20:00:00,K0317,Amman,Water,Beverages,1,0.85,0.85
INV01229,2024-10-22 19:00:00,K0245,Cairo,Bread,Bakery,2,1.2,2.4
INV01229,2024-10-22 19:00:00,K0245,Cairo,Butter,Dairy,1,2.37,2.37
INV01230,2024-06-18 12:00:00,K0274,Cairo,Dates,Produce,3,4.69,14.07
INV01230,2024-06-18 12:00:00,K0274,Cairo,Tea,Beverages,1,3.59,3.59
INV01231,2024-05-21 13:00:00,K0315,Amman,Rice,Grocery,2,2.35,4.7
INV01231,2024-05-21 13:00:00,K0315,Amman,Water,Beverages,2,0.76,1.52
INV01232,2024-11-30 14:00:00,K0337,Casablanca,Chicken,Meat,3,8.83,26.49
INV01233,2024-04-29 21:00:00,K0397,Casablanca,Baby Wipes,Baby,2,4.31,8.62
INV01233,2024-04-29 21:00:00,K0397,Casablanca,Dates,Produce,2,4.79,9.58
INV01233,2024-04-29 21:00:00,K0397,Casablanca,Milk,Dairy,1,1.11,1.11
INV01233,2024-04-29 21:00:00,K0397,Casablanca,Rice,Grocery,1,2.55,2.55
INV01233,2024-04-29 21:00:00,K0397,Casablanca,Water,Beverages,2,0.82,1.64
INV01234,2024-04-17 18:00:00,K0382,Cairo,Butter,Dairy,3,2.43,7.29
INV01235,2024-02-14 19:00:00,K0356,Cairo,Cheese,Dairy,3,4.36,13.08
INV01236,2024-01-30 18:00:00,K0054,Cairo,Baby Wipes,Baby,3,4.38,13.14
INV01236,2024-01-30 18:00:00,K0054,Cairo,Bread,Bakery,2,1.14,2.28
INV01236,2024-01-30 18:00:00,K0054,Cairo,Butter,Dairy,1,2.32,2.32
INV01236,2024-01-30 18:00:00,K0054,Cairo,Cheese,Dairy,2,3.67,7.34
INV01236,2024-01-30 18:00:00,K0054,Cairo,Rice,Grocery,3,2.52,7.56
INV01237,2024-08-23 21:00:00,K0230,Casablanca,Cheese,Dairy,1,4.07,4.07
INV01237,2024-08-23 21:00:00,K0230,Casablanca,Dates,Produce,2,5.19,10.38
INV01237,2024-08-23 21:00:00,K0230,Casablanca,Rice,Grocery,2,2.37,4.74
INV01237,2024-08-23 21:00:00,K0230,Casablanca,Sugar,Grocery,3,1.48,4.44
INV01237,2024-08-23 21:00:00,K0230,Casablanca,Water,Beverages,1,0.78,0.78
INV01238,2024-10-26 09:00:00,K0053,Casablanca,Pasta,Grocery,3,1.97,5.91
INV01238,2024-10-26 09:00:00,K0053,Casablanca,Sugar,Grocery,3,1.62,4.86
INV01238,2024-10-26 09:00:00,K0053,Casablanca,Tomato Sauce,Grocery,2,2.32,4.64
INV01239,2024-08-13 08:00:00,K0258,Amman,Pasta,Grocery,1,1.92,1.92
INV01239,2024-08-13 08:00:00,K0258,Amman,Tomato Sauce,Grocery,3,2.04,6.12
INV01240,2024-02-27 20:00:00,K0036,Cairo,Rice,Grocery,2,2.62,5.24
INV01240,2024-02-27 20:00:00,K0036,Cairo,Water,Beverages,2,0.87,1.74
INV01241,2024-02-06 18:00:00,K0298,Cairo,Baby Wipes,Baby,3,4.9,14.7
INV01241,2024-02-06 18:00:00,K0298,Cairo,Diapers,Baby,1,11.0,11.0
INV01241,2024-02-06 18:00:00,K0298,Cairo,Sugar,Grocery,2,1.53,3.06
INV01242,2024-03-21 16:00:00,K0315,Casablanca,Tea,Beverages,3,3.38,10.14
INV01243,2024-12-05 12:00:00,K0243,Casablanca,Apples,Produce,1,2.96,2.96
INV01243,2024-12-05 12:00:00,K0243,Casablanca,Milk,Dairy,2,1.09,2.18
INV01243,2024-12-05 12:00:00,K0243,Casablanca,Pasta,Grocery,2,1.77,3.54
INV01243,2024-12-05 12:00:00,K0243,Casablanca,Tea,Beverages,1,3.85,3.85
INV01243,2024-12-05 12:00:00,K0243,Casablanca,Tomato Sauce,Grocery,3,2.1,6.3
INV01244,2024-12-01 10:00:00,K0051,Amman,Apples,Produce,3,2.58,7.74
INV01244,2024-12-01 10:00:00,K0051,Amman,Cheese,Dairy,1,3.68,3.68
INV01244,2024-12-01 10:00:00,K0051,Amman,Dates,Produce,1,4.74,4.74
INV01244,2024-12-01 10:00:00,K0051,Amman,Water,Beverages,3,0.82,2.46
INV01245,2024-09-17 13:00:00,K0272,Riyadh,Chicken,Meat,1,8.08,8.08
INV01245,2024-09-17 13:00:00,K0272,Riyadh,Pasta,Grocery,3,1.87,5.61
INV01245,2024-09-17 13:00:00,K0272,Riyadh,Rice,Grocery,1,2.25,2.25
INV01245,2024-09-17 13:00:00,K0272,Riyadh,Tomato Sauce,Grocery,1,2.1,2.1
INV01246,2024-06-08 08:00:00,K0163,Cairo,Bread,Bakery,3,1.21,3.63
INV01246,2024-06-08 08:00:00,K0163,Cairo,Dates,Produce,2,5.44,10.88
INV01246,2024-06-08 08:00:00,K0163,Cairo,Pasta,Grocery,3,1.66,4.98
INV01246,2024-06-08 08:00:00,K0163,Cairo,Tea,Beverages,2,3.16,6.32
INV01246,2024-06-08 08:00:00,K0163,Cairo,Tomato Sauce,Grocery,2,2.3,4.6
INV01247,2024-06-13 10:00:00,K0130,Casablanca,Bread,Bakery,2,1.12,2.24
INV01247,2024-06-13 10:00:00,K0130,Casablanca,Butter,Dairy,1,2.7,2.7
INV01247,2024-06-13 10:00:00,K0130,Casablanca,Pasta,Grocery,2,1.68,3.36
INV01247,2024-06-13 10:00:00,K0130,Casablanca,Rice,Grocery,1,2.58,2.58
INV01248,2024-08-27 08:00:00,K0164,Casablanca,Olive Oil,Grocery,3,6.91,20.73
INV01248,2024-08-27 08:00:00,K0164,Casablanca,Sugar,Grocery,3,1.56,4.68
INV01249,2024-05-09 15:00:00,K0371,Riyadh,Bread,Bakery,1,1.15,1.15
INV01249,2024-05-09 15:00:00,K0371,Riyadh,Butter,Dairy,3,2.29,6.87
INV01249,2024-05-09 15:00:00,K0371,Riyadh,Dates,Produce,1,5.32,5.32
INV01249,2024-05-09 15:00:00,K0371,Riyadh,Milk,Dairy,1,1.05,1.05
INV01250,2024-04-02 13:00:00,K0241,Riyadh,Chicken,Meat,3,8.3,24.9
INV01250,2024-04-02 13:00:00,K0241,Riyadh,Dates,Produce,2,5.24,10.48
INV01250,2024-04-02 13:00:00,K0241,Riyadh,Rice,Grocery,3,2.58,7.74
INV01251,2024-07-22 10:00:00,K0244,Cairo,Rice,Grocery,2,2.58,5.16
INV01252,2024-03-01 08:00:00,K0177,Cairo,Bread,Bakery,3,1.26,3.78
INV01252,2024-03-01 08:00:00,K0177,Cairo,Butter,Dairy,2,2.67,5.34
INV01252,2024-03-01 08:00:00,K0177,Cairo,Water,Beverages,2,0.87,1.74
INV01252,2024-03-01 08:00:00,K0177,Cairo,Yogurt,Dairy,1,1.79,1.79
INV01253,2024-02-24 15:00:00,K0098,Amman,Tea,Beverages,2,3.32,6.64
INV01254,2024-10-14 15:00:00,K0107,Casablanca,Bread,Bakery,2,1.17,2.34
INV01254,2024-10-14 15:00:00,K0107,Casablanca,Butter,Dairy,2,2.3,4.6
INV01254,2024-10-14 15:00:00,K0107,Casablanca,Coffee,Beverages,1,5.88,5.88
INV01254,2024-10-14 15:00:00,K0107,Casablanca,Milk,Dairy,2,1.11,2.22
INV01254,2024-10-14 15:00:00,K0107,Casablanca,Sugar,Grocery,2,1.53,3.06
INV01254,2024-10-14 15:00:00,K0107,Casablanca,Water,Beverages,1,0.84,0.84
INV01254,2024-10-14 15:00:00,K0107,Casablanca,Yogurt,Dairy,3,1.91,5.73
INV01255,2024-10-10 15:00:00,K0047,Casablanca,Milk,Dairy,3,1.0,3.0
INV01256,2024-08-05 17:00:00,K0313,Cairo,Apples,Produce,2,3.05,6.1
INV01256,2024-08-05 17:00:00,K0313,Cairo,Pasta,Grocery,3,1.83,5.49
INV01256,2024-08-05 17:00:00,K0313,Cairo,Tomato Sauce,Grocery,2,2.27,4.54
INV01256,2024-08-05 17:00:00,K0313,Cairo,Water,Beverages,1,0.78,0.78
INV01257,2024-10-18 16:00:00,K0060,Riyadh,Apples,Produce,2,2.71,5.42
INV01257,2024-10-18 16:00:00,K0060,Riyadh,Milk,Dairy,1,1.15,1.15
INV01257,2024-10-18 16:00:00,K0060,Riyadh,Pasta,Grocery,2,1.69,3.38
INV01257,2024-10-18 16:00:00,K0060,Riyadh,Rice,Grocery,1,2.36,2.36
INV01257,2024-10-18 16:00:00,K0060,Riyadh,Tomato Sauce,Grocery,2,2.08,4.16
INV01258,2024-08-26 08:00:00,K0156,Casablanca,Butter,Dairy,3,2.68,8.04
INV01258,2024-08-26 08:00:00,K0156,Casablanca,Coffee,Beverages,3,5.47,16.41
INV01258,2024-08-26 08:00:00,K0156,Casablanca,Pasta,Grocery,1,1.7,1.7
INV01258,2024-08-26 08:00:00,K0156,Casablanca,Water,Beverages,2,0.82,1.64
INV01258,2024-08-26 08:00:00,K0156,Casablanca,Yogurt,Dairy,1,1.92,1.92
INV01259,2024-02-13 17:00:00,K0166,Casablanca,Apples,Produce,3,3.0,9.0
INV01259,2024-02-13 17:00:00,K0166,Casablanca,Butter,Dairy,2,2.38,4.76
INV01259,2024-02-13 17:00:00,K0166,Casablanca,Chicken,Meat,3,8.03,24.09
INV01260,2024-11-07 19:00:00,K0359,Cairo,Bread,Bakery,1,1.27,1.27
INV01260,2024-11-07 19:00:00,K0359,Cairo,Butter,Dairy,3,2.42,7.26
INV01260,2024-11-07 19:00:00,K0359,Cairo,Milk,Dairy,3,1.08,3.24
INV01260,2024-11-07 19:00:00,K0359,Cairo,Tea,Beverages,2,3.79,7.58
INV01260,2024-11-07 19:00:00,K0359,Cairo,Tomato Sauce,Grocery,3,2.11,6.33
INV01260,2024-11-07 19:00:00,K0359,Cairo,Water,Beverages,1,0.75,0.75
INV01261,2024-05-31 17:00:00,K0160,Cairo,Rice,Grocery,1,2.37,2.37
INV01261,2024-05-31 17:00:00,K0160,Cairo,Tomato Sauce,Grocery,1,2.12,2.12
INV01262,2024-01-10 16:00:00,K0150,Casablanca,Apples,Produce,2,2.78,5.56
INV01262,2024-01-10 16:00:00,K0150,Casablanca,Bread,Bakery,1,1.3,1.3
INV01262,2024-01-10 16:00:00,K0150,Casablanca,Dates,Produce,1,4.65,4.65
INV01262,2024-01-10 16:00:00,K0150,Casablanca,Water,Beverages,3,0.85,2.55
INV01263,2024-02-11 13:00:00,K0060,Casablanca,Apples,Produce,1,2.67,2.67
INV01263,2024-02-11 13:00:00,K0060,Casablanca,Bread,Bakery,3,1.11,3.33
INV01263,2024-02-11 13:00:00,K0060,Casablanca,Butter,Dairy,3,2.67,8.01
INV01263,2024-02-11 13:00:00,K0060,Casablanca,Milk,Dairy,2,1.17,2.34
INV01263,2024-02-11 13:00:00,K0060,Casablanca,Yogurt,Dairy,1,2.05,2.05
INV01264,2024-04-25 12:00:00,K0002,Riyadh,Butter,Dairy,2,2.34,4.68
INV01264,2024-04-25 12:00:00,K0002,Riyadh,Rice,Grocery,2,2.29,4.58
INV01264,2024-04-25 12:00:00,K0002,Riyadh,Sugar,Grocery,3,1.43,4.29
INV01264,2024-04-25 12:00:00,K0002,Riyadh,Tea,Beverages,2,3.71,7.42
INV01265,2024-08-12 16:00:00,K0350,Casablanca,Bread,Bakery,3,1.2,3.6
INV01265,2024-08-12 16:00:00,K0350,Casablanca,Butter,Dairy,2,2.61,5.22
INV01265,2024-08-12 16:00:00,K0350,Casablanca,Milk,Dairy,3,1.19,3.57
INV01266,2024-10-11 08:00:00,K0064,Cairo,Bread,Bakery,1,1.12,1.12
INV01267,2024-04-24 12:00:00,K0350,Cairo,Apples,Produce,3,3.02,9.06
INV01267,2024-04-24 12:00:00,K0350,Cairo,Bread,Bakery,3,1.32,3.96
INV01267,2024-04-24 12:00:00,K0350,Cairo,Butter,Dairy,1,2.49,2.49
INV01267,2024-04-24 12:00:00,K0350,Cairo,Pasta,Grocery,1,1.88,1.88
INV01268,2024-07-28 15:00:00,K0388,Casablanca,Milk,Dairy,3,1.19,3.57
INV01268,2024-07-28 15:00:00,K0388,Casablanca,Sugar,Grocery,1,1.56,1.56
INV01269,2024-11-22 19:00:00,K0084,Casablanca,Butter,Dairy,3,2.51,7.53
INV01269,2024-11-22 19:00:00,K0084,Casablanca,Dates,Produce,3,5.1,15.3
INV01269,2024-11-22 19:00:00,K0084,Casablanca,Sugar,Grocery,3,1.4,4.2
INV01269,2024-11-22 19:00:00,K0084,Casablanca,Tea,Beverages,2,3.55,7.1
INV01269,2024-11-22 19:00:00,K0084,Casablanca,Water,Beverages,3,0.75,2.25
INV01270,2024-04-30 21:00:00,K0184,Casablanca,Bread,Bakery,3,1.16,3.48
INV01270,2024-04-30 21:00:00,K0184,Casablanca,Butter,Dairy,2,2.75,5.5
INV01270,2024-04-30 21:00:00,K0184,Casablanca,Cheese,Dairy,1,4.19,4.19
INV01270,2024-04-30 21:00:00,K0184,Casablanca,Pasta,Grocery,1,1.85,1.85
INV01270,2024-04-30 21:00:00,K0184,Casablanca,Sugar,Grocery,2,1.62,3.24
INV01271,2024-08-27 13:00:00,K0119,Cairo,Rice,Grocery,2,2.46,4.92
INV01272,2024-02-25 17:00:00,K0013,Casablanca,Apples,Produce,2,2.69,5.38
INV01272,2024-02-25 17:00:00,K0013,Casablanca,Coffee,Beverages,3,6.43,19.29
INV01272,2024-02-25 17:00:00,K0013,Casablanca,Milk,Dairy,2,1.19,2.38
INV01272,2024-02-25 17:00:00,K0013,Casablanca,Rice,Grocery,3,2.44,7.32
INV01272,2024-02-25 17:00:00,K0013,Casablanca,Sugar,Grocery,3,1.42,4.26
INV01272,2024-02-25 17:00:00,K0013,Casablanca,Water,Beverages,2,0.82,1.64
INV01273,2024-01-20 11:00:00,K0184,Casablanca,Bread,Bakery,2,1.23,2.46
INV01273,2024-01-20 11:00:00,K0184,Casablanca,Dates,Produce,3,4.88,14.64
INV01273,2024-01-20 11:00:00,K0184,Casablanca,Pasta,Grocery,3,1.68,5.04
INV01273,2024-01-20 11:00:00,K0184,Casablanca,Rice,Grocery,2,2.53,5.06
INV01273,2024-01-20 11:00:00,K0184,Casablanca,Tomato Sauce,Grocery,1,2.35,2.35
INV01273,2024-01-20 11:00:00,K0184,Casablanca,Water,Beverages,1,0.78,0.78
INV01274,2024-06-09 11:00:00,K0288,Amman,Cheese,Dairy,3,3.79,11.37
INV01275,2024-06-19 10:00:00,K0344,Cairo,Bread,Bakery,1,1.11,1.11
INV01275,2024-06-19 10:00:00,K0344,Cairo,Butter,Dairy,2,2.54,5.08
INV01275,2024-06-19 10:00:00,K0344,Cairo,Pasta,Grocery,3,1.68,5.04
INV01276,2024-09-03 09:00:00,K0065,Amman,Cheese,Dairy,2,4.0,8.0
INV01276,2024-09-03 09:00:00,K0065,Amman,Dates,Produce,3,4.79,14.37
INV01276,2024-09-03 09:00:00,K0065,Amman,Water,Beverages,1,0.8,0.8
INV01277,2024-07-27 08:00:00,K0274,Casablanca,Coffee,Beverages,2,5.89,11.78
INV01277,2024-07-27 08:00:00,K0274,Casablanca,Diapers,Baby,3,13.14,39.42
INV01277,2024-07-27 08:00:00,K0274,Casablanca,Sugar,Grocery,2,1.37,2.74
INV01277,2024-07-27 08:00:00,K0274,Casablanca,Tea,Beverages,2,3.61,7.22
INV01277,2024-07-27 08:00:00,K0274,Casablanca,Tomato Sauce,Grocery,1,2.41,2.41
INV01278,2024-04-16 19:00:00,K0090,Riyadh,Bread,Bakery,3,1.26,3.78
INV01278,2024-04-16 19:00:00,K0090,Riyadh,Rice,Grocery,2,2.25,4.5
INV01278,2024-04-16 19:00:00,K0090,Riyadh,Tea,Beverages,2,3.79,7.58
INV01278,2024-04-16 19:00:00,K0090,Riyadh,Tomato Sauce,Grocery,1,2.05,2.05
INV01279,2024-03-24 08:00:00,K0028,Casablanca,Apples,Produce,1,3.01,3.01
INV01279,2024-03-24 08:00:00,K0028,Casablanca,Milk,Dairy,2,1.0,2.0
INV01279,2024-03-24 08:00:00,K0028,Casablanca,Pasta,Grocery,2,1.95,3.9
INV01279,2024-03-24 08:00:00,K0028,Casablanca,Rice,Grocery,2,2.46,4.92
INV01279,2024-03-24 08:00:00,K0028,Casablanca,Water,Beverages,2,0.75,1.5
INV01280,2024-06-22 11:00:00,K0059,Cairo,Cheese,Dairy,1,3.68,3.68
INV01280,2024-06-22 11:00:00,K0059,Cairo,Tomato Sauce,Grocery,2,2.24,4.48
INV01281,2024-05-14 21:00:00,K0334,Riyadh,Baby Wipes,Baby,3,4.54,13.62
INV01281,2024-05-14 21:00:00,K0334,Riyadh,Sugar,Grocery,3,1.4,4.2
INV01281,2024-05-14 21:00:00,K0334,Riyadh,Water,Beverages,3,0.83,2.49
INV01281,2024-05-14 21:00:00,K0334,Riyadh,Yogurt,Dairy,1,2.03,2.03
INV01282,2024-12-18 17:00:00,K0158,Amman,Rice,Grocery,1,2.44,2.44
INV01283,2024-11-12 14:00:00,K0098,Cairo,Apples,Produce,3,2.94,8.82
INV01283,2024-11-12 14:00:00,K0098,Cairo,Chicken,Meat,2,8.58,17.16
INV01283,2024-11-12 14:00:00,K0098,Cairo,Coffee,Beverages,3,6.33,18.99
INV01283,2024-11-12 14:00:00,K0098,Cairo,Diapers,Baby,3,13.0,39.0
INV01283,2024-11-12 14:00:00,K0098,Cairo,Rice,Grocery,1,2.37,2.37
INV01284,2024-03-09 08:00:00,K0168,Amman,Butter,Dairy,2,2.72,5.44
INV01284,2024-03-09 08:00:00,K0168,Amman,Rice,Grocery,2,2.32,4.64
INV01284,2024-03-09 08:00:00,K0168,Amman,Tea,Beverages,1,3.73,3.73
INV01285,2024-03-24 16:00:00,K0274,Cairo,Bread,Bakery,2,1.24,2.48
INV01285,2024-03-24 16:00:00,K0274,Cairo,Cheese,Dairy,3,3.89,11.67
INV01285,2024-03-24 16:00:00,K0274,Cairo,Chicken,Meat,2,8.33,16.66
INV01285,2024-03-24 16:00:00,K0274,Cairo,Diapers,Baby,3,12.4,37.2
INV01285,2024-03-24 16:00:00,K0274,Cairo,Rice,Grocery,1,2.46,2.46
INV01286,2024-10-17 21:00:00,K0068,Casablanca,Pasta,Grocery,2,1.95,3.9
INV01286,2024-10-17 21:00:00,K0068,Casablanca,Tomato Sauce,Grocery,2,2.13,4.26
INV01287,2024-01-09 11:00:00,K0038,Cairo,Baby Wipes,Baby,3,4.48,13.44
INV01287,2024-01-09 11:00:00,K0038,Cairo,Bread,Bakery,2,1.28,2.56
INV01287,2024-01-09 11:00:00,K0038,Cairo,Butter,Dairy,1,2.73,2.73
INV01287,2024-01-09 11:00:00,K0038,Cairo,Cheese,Dairy,2,3.75,7.5
INV01287,2024-01-09 11:00:00,K0038,Cairo,Diapers,Baby,2,10.93,21.86
INV01288,2024-01-19 12:00:00,K0307,Casablanca,Olive Oil,Grocery,2,7.36,14.72
INV01288,2024-01-19 12:00:00,K0307,Casablanca,Rice,Grocery,3,2.46,7.38
INV01288,2024-01-19 12:00:00,K0307,Casablanca,Tomato Sauce,Grocery,2,2.09,4.18
INV01289,2024-01-11 20:00:00,K0257,Casablanca,Milk,Dairy,1,1.11,1.11
INV01290,2024-04-06 11:00:00,K0376,Cairo,Apples,Produce,1,2.85,2.85
INV01290,2024-04-06 11:00:00,K0376,Cairo,Bread,Bakery,3,1.27,3.81
INV01290,2024-04-06 11:00:00,K0376,Cairo,Chicken,Meat,2,8.74,17.48
INV01290,2024-04-06 11:00:00,K0376,Cairo,Rice,Grocery,2,2.54,5.08
INV01290,2024-04-06 11:00:00,K0376,Cairo,Tomato Sauce,Grocery,1,2.38,2.38
INV01290,2024-04-06 11:00:00,K0376,Cairo,Water,Beverages,1,0.87,0.87
INV01291,2024-08-09 09:00:00,K0358,Riyadh,Chicken,Meat,2,8.02,16.04
INV01292,2024-08-03 20:00:00,K0235,Cairo,Bread,Bakery,3,1.3,3.9
INV01292,2024-08-03 20:00:00,K0235,Cairo,Butter,Dairy,1,2.47,2.47
INV01292,2024-08-03 20:00:00,K0235,Cairo,Coffee,Beverages,3,5.51,16.53
INV01292,2024-08-03 20:00:00,K0235,Cairo,Pasta,Grocery,1,1.64,1.64
INV01292,2024-08-03 20:00:00,K0235,Cairo,Rice,Grocery,2,2.3,4.6
INV01292,2024-08-03 20:00:00,K0235,Cairo,Tomato Sauce,Grocery,2,2.14,4.28
INV01292,2024-08-03 20:00:00,K0235,Cairo,Water,Beverages,2,0.86,1.72
INV01293,2024-04-26 14:00:00,K0266,Casablanca,Bread,Bakery,1,1.11,1.11
INV01293,2024-04-26 14:00:00,K0266,Casablanca,Butter,Dairy,2,2.31,4.62
INV01293,2024-04-26 14:00:00,K0266,Casablanca,Coffee,Beverages,2,5.87,11.74
INV01293,2024-04-26 14:00:00,K0266,Casablanca,Milk,Dairy,1,1.17,1.17
INV01294,2024-12-10 21:00:00,K0002,Amman,Butter,Dairy,1,2.48,2.48
INV01294,2024-12-10 21:00:00,K0002,Amman,Pasta,Grocery,1,1.94,1.94
INV01294,2024-12-10 21:00:00,K0002,Amman,Tea,Beverages,3,3.69,11.07
INV01294,2024-12-10 21:00:00,K0002,Amman,Tomato Sauce,Grocery,1,2.04,2.04
INV01295,2024-01-03 16:00:00,K0017,Riyadh,Bread,Bakery,3,1.19,3.57
INV01295,2024-01-03 16:00:00,K0017,Riyadh,Butter,Dairy,3,2.26,6.78
INV01295,2024-01-03 16:00:00,K0017,Riyadh,Coffee,Beverages,2,6.52,13.04
INV01295,2024-01-03 16:00:00,K0017,Riyadh,Olive Oil,Grocery,2,8.2,16.4
INV01295,2024-01-03 16:00:00,K0017,Riyadh,Rice,Grocery,2,2.55,5.1
INV01295,2024-01-03 16:00:00,K0017,Riyadh,Yogurt,Dairy,1,1.73,1.73
INV01296,2024-07-12 19:00:00,K0150,Amman,Bread,Bakery,2,1.11,2.22
INV01296,2024-07-12 19:00:00,K0150,Amman,Milk,Dairy,2,1.03,2.06
INV01296,2024-07-12 19:00:00,K0150,Amman,Rice,Grocery,2,2.52,5.04
INV01297,2024-06-11 16:00:00,K0135,Casablanca,Apples,Produce,3,3.02,9.06
INV01297,2024-06-11 16:00:00,K0135,Casablanca,Bread,Bakery,2,1.21,2.42
INV01297,2024-06-11 16:00:00,K0135,Casablanca,Butter,Dairy,2,2.61,5.22
INV01297,2024-06-11 16:00:00,K0135,Casablanca,Milk,Dairy,1,1.01,1.01
INV01298,2024-12-21 19:00:00,K0161,Casablanca,Apples,Produce,1,2.69,2.69
INV01298,2024-12-21 19:00:00,K0161,Casablanca,Butter,Dairy,1,2.3,2.3
INV01298,2024-12-21 19:00:00,K0161,Casablanca,Dates,Produce,2,4.82,9.64
INV01298,2024-12-21 19:00:00,K0161,Casablanca,Olive Oil,Grocery,1,7.04,7.04
INV01298,2024-12-21 19:00:00,K0161,Casablanca,Tea,Beverages,1,3.43,3.43
INV01299,2024-10-26 16:00:00,K0158,Cairo,Coffee,Beverages,2,5.57,11.14
INV01299,2024-10-26 16:00:00,K0158,Cairo,Milk,Dairy,3,1.12,3.36
INV01299,2024-10-26 16:00:00,K0158,Cairo,Rice,Grocery,1,2.17,2.17
INV01299,2024-10-26 16:00:00,K0158,Cairo,Yogurt,Dairy,3,1.78,5.34
INV01300,2024-08-03 21:00:00,K0373,Casablanca,Bread,Bakery,3,1.14,3.42
INV01300,2024-08-03 21:00:00,K0373,Casablanca,Butter,Dairy,1,2.52,2.52
INV01300,2024-08-03 21:00:00,K0373,Casablanca,Dates,Produce,1,5.35,5.35
INV01301,2024-07-13 16:00:00,K0244,Amman,Butter,Dairy,3,2.52,7.56
INV01301,2024-07-13 16:00:00,K0244,Amman,Dates,Produce,2,5.1,10.2
INV01301,2024-07-13 16:00:00,K0244,Amman,Milk,Dairy,1,1.01,1.01
INV01301,2024-07-13 16:00:00,K0244,Amman,Olive Oil,Grocery,2,8.06,16.12
INV01301,2024-07-13 16:00:00,K0244,Amman,Pasta,Grocery,3,1.69,5.07
INV01301,2024-07-13 16:00:00,K0244,Amman,Tomato Sauce,Grocery,1,2.4,2.4
INV01302,2024-02-21 11:00:00,K0272,Amman,Apples,Produce,2,2.98,5.96
INV01302,2024-02-21 11:00:00,K0272,Amman,Bread,Bakery,2,1.26,2.52
INV01302,2024-02-21 11:00:00,K0272,Amman,Butter,Dairy,1,2.55,2.55
INV01302,2024-02-21 11:00:00,K0272,Amman,Olive Oil,Grocery,3,7.3,21.9
INV01302,2024-02-21 11:00:00,K0272,Amman,Rice,Grocery,1,2.23,2.23
INV01302,2024-02-21 11:00:00,K0272,Amman,Tea,Beverages,2,3.67,7.34
INV01303,2024-09-05 16:00:00,K0141,Casablanca,Butter,Dairy,3,2.7,8.1
INV01303,2024-09-05 16:00:00,K0141,Casablanca,Rice,Grocery,1,2.52,2.52
INV01303,2024-09-05 16:00:00,K0141,Casablanca,Tomato Sauce,Grocery,3,2.33,6.99
INV01303,2024-09-05 16:00:00,K0141,Casablanca,Water,Beverages,3,0.72,2.16
INV01304,2024-02-01 11:00:00,K0393,Casablanca,Bread,Bakery,1,1.19,1.19
INV01304,2024-02-01 11:00:00,K0393,Casablanca,Butter,Dairy,3,2.36,7.08
INV01304,2024-02-01 11:00:00,K0393,Casablanca,Milk,Dairy,1,1.15,1.15
INV01304,2024-02-01 11:00:00,K0393,Casablanca,Rice,Grocery,2,2.31,4.62
INV01305,2024-03-05 19:00:00,K0272,Cairo,Apples,Produce,1,3.03,3.03
INV01305,2024-03-05 19:00:00,K0272,Cairo,Chicken,Meat,1,8.71,8.71
INV01305,2024-03-05 19:00:00,K0272,Cairo,Milk,Dairy,3,1.09,3.27
INV01306,2024-04-15 16:00:00,K0126,Casablanca,Milk,Dairy,2,1.19,2.38
INV01307,2024-09-20 15:00:00,K0112,Cairo,Butter,Dairy,2,2.72,5.44
INV01307,2024-09-20 15:00:00,K0112,Cairo,Water,Beverages,3,0.8,2.4
INV01308,2024-01-19 21:00:00,K0076,Cairo,Bread,Bakery,1,1.19,1.19
INV01308,2024-01-19 21:00:00,K0076,Cairo,Butter,Dairy,2,2.36,4.72
INV01308,2024-01-19 21:00:00,K0076,Cairo,Coffee,Beverages,3,5.92,17.76
INV01309,2024-05-19 14:00:00,K0287,Cairo,Milk,Dairy,1,1.09,1.09
INV01309,2024-05-19 14:00:00,K0287,Cairo,Tomato Sauce,Grocery,2,2.2,4.4
INV01310,2024-04-27 10:00:00,K0059,Casablanca,Apples,Produce,2,2.74,5.48
INV01310,2024-04-27 10:00:00,K0059,Casablanca,Milk,Dairy,2,1.0,2.0
INV01310,2024-04-27 10:00:00,K0059,Casablanca,Rice,Grocery,3,2.55,7.65
INV01311,2024-07-13 11:00:00,K0129,Riyadh,Rice,Grocery,2,2.3,4.6
INV01312,2024-04-16 18:00:00,K0079,Cairo,Sugar,Grocery,3,1.59,4.77
INV01312,2024-04-16 18:00:00,K0079,Cairo,Yogurt,Dairy,3,1.71,5.13
INV01313,2024-10-31 14:00:00,K0005,Cairo,Rice,Grocery,2,2.37,4.74
INV01314,2024-01-23 21:00:00,K0306,Casablanca,Butter,Dairy,2,2.62,5.24
INV01314,2024-01-23 21:00:00,K0306,Casablanca,Coffee,Beverages,3,6.21,18.63
INV01314,2024-01-23 21:00:00,K0306,Casablanca,Sugar,Grocery,2,1.41,2.82
INV01315,2024-02-14 13:00:00,K0297,Casablanca,Apples,Produce,1,2.78,2.78
INV01315,2024-02-14 13:00:00,K0297,Casablanca,Baby Wipes,Baby,1,4.68,4.68
INV01315,2024-02-14 13:00:00,K0297,Casablanca,Dates,Produce,1,4.83,4.83
INV01315,2024-02-14 13:00:00,K0297,Casablanca,Olive Oil,Grocery,3,7.52,22.56
INV01316,2024-02-08 12:00:00,K0128,Cairo,Milk,Dairy,3,1.05,3.15
INV01317,2024-03-01 16:00:00,K0292,Riyadh,Bread,Bakery,2,1.17,2.34
INV01317,2024-03-01 16:00:00,K0292,Riyadh,Butter,Dairy,2,2.72,5.44
INV01317,2024-03-01 16:00:00,K0292,Riyadh,Coffee,Beverages,1,6.35,6.35
INV01317,2024-03-01 16:00:00,K0292,Riyadh,Olive Oil,Grocery,1,7.08,7.08
INV01317,2024-03-01 16:00:00,K0292,Riyadh,Sugar,Grocery,1,1.61,1.61
INV01317,2024-03-01 16:00:00,K0292,Riyadh,Yogurt,Dairy,3,1.84,5.52
INV01318,2024-10-23 16:00:00,K0064,Amman,Tea,Beverages,2,3.37,6.74
INV01318,2024-10-23 16:00:00,K0064,Amman,Tomato Sauce,Grocery,3,2.31,6.93
INV01319,2024-06-13 19:00:00,K0334,Riyadh,Apples,Produce,2,3.01,6.02
INV01319,2024-06-13 19:00:00,K0334,Riyadh,Chicken,Meat,1,7.9,7.9
INV01319,2024-06-13 19:00:00,K0334,Riyadh,Coffee,Beverages,2,6.53,13.06
INV01319,2024-06-13 19:00:00,K0334,Riyadh,Pasta,Grocery,2,1.77,3.54
INV01319,2024-06-13 19:00:00,K0334,Riyadh,Rice,Grocery,3,2.61,7.83
INV01319,2024-06-13 19:00:00,K0334,Riyadh,Tomato Sauce,Grocery,3,2.01,6.03
INV01319,2024-06-13 19:00:00,K0334,Riyadh,Water,Beverages,2,0.79,1.58
INV01320,2024-06-07 11:00:00,K0333,Cairo,Tea,Beverages,2,3.44,6.88
INV01321,2024-06-23 10:00:00,K0071,Cairo,Apples,Produce,3,2.7,8.1
INV01321,2024-06-23 10:00:00,K0071,Cairo,Coffee,Beverages,2,5.84,11.68
INV01321,2024-06-23 10:00:00,K0071,Cairo,Milk,Dairy,3,1.0,3.0
INV01321,2024-06-23 10:00:00,K0071,Cairo,Olive Oil,Grocery,1,7.28,7.28
INV01321,2024-06-23 10:00:00,K0071,Cairo,Tea,Beverages,3,3.79,11.37
INV01322,2024-05-10 17:00:00,K0118,Amman,Milk,Dairy,1,1.2,1.2
INV01322,2024-05-10 17:00:00,K0118,Amman,Tea,Beverages,1,3.26,3.26
INV01323,2024-09-12 19:00:00,K0254,Cairo,Coffee,Beverages,3,6.0,18.0
INV01323,2024-09-12 19:00:00,K0254,Cairo,Sugar,Grocery,2,1.45,2.9
INV01323,2024-09-12 19:00:00,K0254,Cairo,Tea,Beverages,1,3.75,3.75
INV01324,2024-11-30 10:00:00,K0270,Casablanca,Bread,Bakery,1,1.09,1.09
INV01324,2024-11-30 10:00:00,K0270,Casablanca,Butter,Dairy,2,2.4,4.8
INV01325,2024-09-20 11:00:00,K0037,Riyadh,Apples,Produce,3,2.89,8.67
INV01325,2024-09-20 11:00:00,K0037,Riyadh,Bread,Bakery,3,1.26,3.78
INV01325,2024-09-20 11:00:00,K0037,Riyadh,Butter,Dairy,3,2.71,8.13
INV01325,2024-09-20 11:00:00,K0037,Riyadh,Cheese,Dairy,1,3.89,3.89
INV01325,2024-09-20 11:00:00,K0037,Riyadh,Dates,Produce,1,4.68,4.68
INV01325,2024-09-20 11:00:00,K0037,Riyadh,Olive Oil,Grocery,3,7.94,23.82
INV01325,2024-09-20 11:00:00,K0037,Riyadh,Tea,Beverages,3,3.54,10.62
INV01326,2024-04-17 10:00:00,K0199,Cairo,Bread,Bakery,1,1.32,1.32
INV01326,2024-04-17 10:00:00,K0199,Cairo,Butter,Dairy,1,2.31,2.31
INV01326,2024-04-17 10:00:00,K0199,Cairo,Coffee,Beverages,3,6.58,19.74
INV01326,2024-04-17 10:00:00,K0199,Cairo,Rice,Grocery,1,2.34,2.34
INV01326,2024-04-17 10:00:00,K0199,Cairo,Sugar,Grocery,2,1.35,2.7
INV01327,2024-06-10 18:00:00,K0003,Riyadh,Apples,Produce,2,3.07,6.14
INV01327,2024-06-10 18:00:00,K0003,Riyadh,Yogurt,Dairy,3,1.71,5.13
INV01328,2024-12-21 12:00:00,K0038,Riyadh,Bread,Bakery,2,1.17,2.34
INV01328,2024-12-21 12:00:00,K0038,Riyadh,Olive Oil,Grocery,3,8.21,24.63
INV01329,2024-02-22 11:00:00,K0326,Casablanca,Bread,Bakery,3,1.3,3.9
INV01329,2024-02-22 11:00:00,K0326,Casablanca,Olive Oil,Grocery,2,8.19,16.38
INV01330,2024-12-29 09:00:00,K0396,Riyadh,Butter,Dairy,3,2.64,7.92
INV01330,2024-12-29 09:00:00,K0396,Riyadh,Cheese,Dairy,1,4.08,4.08
INV01330,2024-12-29 09:00:00,K0396,Riyadh,Dates,Produce,3,5.33,15.99
INV01330,2024-12-29 09:00:00,K0396,Riyadh,Olive Oil,Grocery,1,8.0,8.0
INV01331,2024-07-16 09:00:00,K0256,Riyadh,Bread,Bakery,1,1.24,1.24
INV01331,2024-07-16 09:00:00,K0256,Riyadh,Butter,Dairy,3,2.72,8.16
INV01332,2024-07-04 20:00:00,K0253,Amman,Chicken,Meat,1,8.15,8.15
INV01332,2024-07-04 20:00:00,K0253,Amman,Milk,Dairy,3,1.08,3.24
INV01332,2024-07-04 20:00:00,K0253,Amman,Pasta,Grocery,3,1.8,5.4
INV01332,2024-07-04 20:00:00,K0253,Amman,Rice,Grocery,3,2.23,6.69
INV01332,2024-07-04 20:00:00,K0253,Amman,Tomato Sauce,Grocery,1,2.3,2.3
INV01333,2024-12-10 08:00:00,K0356,Casablanca,Bread,Bakery,1,1.22,1.22
INV01333,2024-12-10 08:00:00,K0356,Casablanca,Butter,Dairy,1,2.7,2.7
INV01333,2024-12-10 08:00:00,K0356,Casablanca,Cheese,Dairy,1,4.06,4.06
INV01333,2024-12-10 08:00:00,K0356,Casablanca,Coffee,Beverages,2,6.41,12.82
INV01333,2024-12-10 08:00:00,K0356,Casablanca,Pasta,Grocery,3,1.97,5.91
INV01333,2024-12-10 08:00:00,K0356,Casablanca,Tomato Sauce,Grocery,2,2.14,4.28
INV01333,2024-12-10 08:00:00,K0356,Casablanca,Water,Beverages,1,0.85,0.85
INV01334,2024-06-16 10:00:00,K0108,Riyadh,Dates,Produce,3,4.91,14.73
INV01334,2024-06-16 10:00:00,K0108,Riyadh,Tea,Beverages,3,3.57,10.71
INV01334,2024-06-16 10:00:00,K0108,Riyadh,Tomato Sauce,Grocery,2,2.15,4.3
INV01335,2024-06-07 13:00:00,K0050,Amman,Chicken,Meat,1,8.03,8.03
INV01335,2024-06-07 13:00:00,K0050,Amman,Milk,Dairy,1,1.17,1.17
INV01335,2024-06-07 13:00:00,K0050,Amman,Pasta,Grocery,1,1.65,1.65
INV01335,2024-06-07 13:00:00,K0050,Amman,Rice,Grocery,1,2.29,2.29
INV01336,2024-06-06 10:00:00,K0366,Cairo,Apples,Produce,2,2.85,5.7
INV01336,2024-06-06 10:00:00,K0366,Cairo,Bread,Bakery,1,1.23,1.23
INV01336,2024-06-06 10:00:00,K0366,Cairo,Chicken,Meat,2,8.41,16.82
INV01336,2024-06-06 10:00:00,K0366,Cairo,Coffee,Beverages,1,6.28,6.28
INV01336,2024-06-06 10:00:00,K0366,Cairo,Sugar,Grocery,2,1.57,3.14
INV01336,2024-06-06 10:00:00,K0366,Cairo,Yogurt,Dairy,2,1.96,3.92
INV01337,2024-06-24 14:00:00,K0327,Amman,Dates,Produce,2,5.29,10.58
INV01337,2024-06-24 14:00:00,K0327,Amman,Milk,Dairy,3,1.18,3.54
INV01337,2024-06-24 14:00:00,K0327,Amman,Pasta,Grocery,1,1.88,1.88
INV01337,2024-06-24 14:00:00,K0327,Amman,Rice,Grocery,2,2.31,4.62
INV01337,2024-06-24 14:00:00,K0327,Amman,Tomato Sauce,Grocery,2,2.35,4.7
INV01337,2024-06-24 14:00:00,K0327,Amman,Water,Beverages,3,0.82,2.46
INV01338,2024-02-28 18:00:00,K0170,Cairo,Apples,Produce,2,3.04,6.08
INV01338,2024-02-28 18:00:00,K0170,Cairo,Baby Wipes,Baby,3,4.34,13.02
INV01338,2024-02-28 18:00:00,K0170,Cairo,Butter,Dairy,1,2.69,2.69
INV01338,2024-02-28 18:00:00,K0170,Cairo,Diapers,Baby,1,11.74,11.74
INV01338,2024-02-28 18:00:00,K0170,Cairo,Water,Beverages,2,0.85,1.7
INV01339,2024-09-23 20:00:00,K0332,Cairo,Apples,Produce,1,2.92,2.92
INV01339,2024-09-23 20:00:00,K0332,Cairo,Rice,Grocery,2,2.36,4.72
INV01339,2024-09-23 20:00:00,K0332,Cairo,Tomato Sauce,Grocery,2,2.17,4.34
INV01340,2024-08-10 21:00:00,K0230,Amman,Bread,Bakery,3,1.08,3.24
INV01341,2024-05-09 20:00:00,K0111,Casablanca,Water,Beverages,1,0.85,0.85
INV01342,2024-03-13 12:00:00,K0021,Casablanca,Bread,Bakery,3,1.26,3.78
INV01342,2024-03-13 12:00:00,K0021,Casablanca,Chicken,Meat,3,8.35,25.05
INV01342,2024-03-13 12:00:00,K0021,Casablanca,Dates,Produce,3,4.85,14.55
INV01343,2024-08-08 08:00:00,K0277,Riyadh,Olive Oil,Grocery,1,7.66,7.66
INV01344,2024-05-30 10:00:00,K0271,Amman,Cheese,Dairy,1,4.02,4.02
INV01344,2024-05-30 10:00:00,K0271,Amman,Coffee,Beverages,1,5.99,5.99
INV01344,2024-05-30 10:00:00,K0271,Amman,Dates,Produce,1,4.73,4.73
INV01344,2024-05-30 10:00:00,K0271,Amman,Olive Oil,Grocery,3,7.94,23.82
INV01344,2024-05-30 10:00:00,K0271,Amman,Rice,Grocery,3,2.5,7.5
INV01344,2024-05-30 10:00:00,K0271,Amman,Tea,Beverages,2,3.83,7.66
INV01345,2024-05-06 13:00:00,K0118,Amman,Apples,Produce,3,3.0,9.0
INV01345,2024-05-06 13:00:00,K0118,Amman,Baby Wipes,Baby,1,4.75,4.75
INV01345,2024-05-06 13:00:00,K0118,Amman,Bread,Bakery,2,1.15,2.3
INV01345,2024-05-06 13:00:00,K0118,Amman,Milk,Dairy,2,1.21,2.42
INV01345,2024-05-06 13:00:00,K0118,Amman,Rice,Grocery,2,2.25,4.5
INV01346,2024-12-19 08:00:00,K0327,Cairo,Yogurt,Dairy,2,2.08,4.16
INV01347,2024-08-27 08:00:00,K0169,Riyadh,Bread,Bakery,1,1.26,1.26
INV01347,2024-08-27 08:00:00,K0169,Riyadh,Coffee,Beverages,1,5.92,5.92
INV01347,2024-08-27 08:00:00,K0169,Riyadh,Dates,Produce,2,4.98,9.96
INV01347,2024-08-27 08:00:00,K0169,Riyadh,Rice,Grocery,1,2.41,2.41
INV01347,2024-08-27 08:00:00,K0169,Riyadh,Water,Beverages,3,0.78,2.34
INV01348,2024-05-29 14:00:00,K0194,Casablanca,Chicken,Meat,1,8.97,8.97
INV01348,2024-05-29 14:00:00,K0194,Casablanca,Dates,Produce,1,4.69,4.69
INV01348,2024-05-29 14:00:00,K0194,Casablanca,Rice,Grocery,3,2.5,7.5
INV01348,2024-05-29 14:00:00,K0194,Casablanca,Sugar,Grocery,2,1.5,3.0
INV01348,2024-05-29 14:00:00,K0194,Casablanca,Tomato Sauce,Grocery,3,2.2,6.6
INV01349,2024-07-10 08:00:00,K0099,Casablanca,Apples,Produce,1,2.64,2.64
INV01349,2024-07-10 08:00:00,K0099,Casablanca,Olive Oil,Grocery,3,7.54,22.62
INV01350,2024-09-06 21:00:00,K0034,Riyadh,Bread,Bakery,3,1.26,3.78
INV01350,2024-09-06 21:00:00,K0034,Riyadh,Milk,Dairy,2,1.15,2.3
INV01351,2024-08-14 15:00:00,K0093,Riyadh,Chicken,Meat,3,7.97,23.91
INV01351,2024-08-14 15:00:00,K0093,Riyadh,Milk,Dairy,1,1.09,1.09
INV01351,2024-08-14 15:00:00,K0093,Riyadh,Rice,Grocery,3,2.24,6.72
INV01351,2024-08-14 15:00:00,K0093,Riyadh,Sugar,Grocery,1,1.5,1.5
INV01352,2024-11-28 20:00:00,K0218,Casablanca,Bread,Bakery,3,1.29,3.87
INV01352,2024-11-28 20:00:00,K0218,Casablanca,Butter,Dairy,2,2.49,4.98
INV01352,2024-11-28 20:00:00,K0218,Casablanca,Coffee,Beverages,3,5.76,17.28
INV01352,2024-11-28 20:00:00,K0218,Casablanca,Rice,Grocery,1,2.58,2.58
INV01352,2024-11-28 20:00:00,K0218,Casablanca,Sugar,Grocery,1,1.51,1.51
INV01353,2024-02-06 08:00:00,K0339,Amman,Cheese,Dairy,2,3.75,7.5
INV01353,2024-02-06 08:00:00,K0339,Amman,Pasta,Grocery,3,1.71,5.13
INV01353,2024-02-06 08:00:00,K0339,Amman,Water,Beverages,2,0.82,1.64
INV01354,2024-11-17 20:00:00,K0133,Casablanca,Bread,Bakery,1,1.3,1.3
INV01355,2024-04-23 15:00:00,K0255,Amman,Baby Wipes,Baby,2,4.19,8.38
INV01355,2024-04-23 15:00:00,K0255,Amman,Diapers,Baby,3,11.64,34.92
INV01355,2024-04-23 15:00:00,K0255,Amman,Milk,Dairy,1,1.08,1.08
INV01355,2024-04-23 15:00:00,K0255,Amman,Rice,Grocery,1,2.22,2.22
INV01355,2024-04-23 15:00:00,K0255,Amman,Water,Beverages,3,0.74,2.22
INV01356,2024-09-12 09:00:00,K0116,Amman,Cheese,Dairy,2,4.09,8.18
INV01356,2024-09-12 09:00:00,K0116,Amman,Dates,Produce,2,4.92,9.84
INV01356,2024-09-12 09:00:00,K0116,Amman,Milk,Dairy,1,1.08,1.08
INV01357,2024-12-12 10:00:00,K0226,Cairo,Bread,Bakery,1,1.29,1.29
INV01357,2024-12-12 10:00:00,K0226,Cairo,Milk,Dairy,2,1.0,2.0
INV01357,2024-12-12 10:00:00,K0226,Cairo,Tomato Sauce,Grocery,3,2.09,6.27
INV01357,2024-12-12 10:00:00,K0226,Cairo,Water,Beverages,3,0.81,2.43
INV01357,2024-12-12 10:00:00,K0226,Cairo,Yogurt,Dairy,1,1.85,1.85
INV01358,2024-01-12 21:00:00,K0073,Cairo,Butter,Dairy,1,2.49,2.49
INV01358,2024-01-12 21:00:00,K0073,Cairo,Coffee,Beverages,2,5.47,10.94
INV01358,2024-01-12 21:00:00,K0073,Cairo,Olive Oil,Grocery,3,8.08,24.24
INV01358,2024-01-12 21:00:00,K0073,Cairo,Yogurt,Dairy,1,2.0,2.0
INV01359,2024-04-17 21:00:00,K0252,Cairo,Baby Wipes,Baby,1,4.21,4.21
INV01359,2024-04-17 21:00:00,K0252,Cairo,Cheese,Dairy,2,3.68,7.36
INV01359,2024-04-17 21:00:00,K0252,Cairo,Diapers,Baby,3,12.82,38.46
INV01359,2024-04-17 21:00:00,K0252,Cairo,Pasta,Grocery,2,1.89,3.78
INV01359,2024-04-17 21:00:00,K0252,Cairo,Water,Beverages,2,0.78,1.56
INV01360,2024-12-06 16:00:00,K0259,Casablanca,Butter,Dairy,1,2.65,2.65
INV01360,2024-12-06 16:00:00,K0259,Casablanca,Chicken,Meat,3,8.79,26.37
INV01360,2024-12-06 16:00:00,K0259,Casablanca,Dates,Produce,2,4.78,9.56
INV01360,2024-12-06 16:00:00,K0259,Casablanca,Pasta,Grocery,3,1.94,5.82
INV01360,2024-12-06 16:00:00,K0259,Casablanca,Rice,Grocery,2,2.4,4.8
INV01360,2024-12-06 16:00:00,K0259,Casablanca,Tea,Beverages,2,3.56,7.12
INV01360,2024-12-06 16:00:00,K0259,Casablanca,Tomato Sauce,Grocery,3,2.24,6.72
INV01361,2024-11-26 13:00:00,K0370,Cairo,Cheese,Dairy,2,3.76,7.52
INV01362,2024-05-14 21:00:00,K0282,Casablanca,Butter,Dairy,3,2.68,8.04
INV01362,2024-05-14 21:00:00,K0282,Casablanca,Milk,Dairy,1,1.09,1.09
INV01362,2024-05-14 21:00:00,K0282,Casablanca,Yogurt,Dairy,3,2.07,6.21
INV01363,2024-05-14 17:00:00,K0219,Cairo,Bread,Bakery,3,1.15,3.45
INV01363,2024-05-14 17:00:00,K0219,Cairo,Milk,Dairy,2,1.09,2.18
INV01364,2024-12-04 13:00:00,K0029,Amman,Butter,Dairy,1,2.61,2.61
INV01364,2024-12-04 13:00:00,K0029,Amman,Coffee,Beverages,3,5.82,17.46
INV01364,2024-12-04 13:00:00,K0029,Amman,Milk,Dairy,2,1.09,2.18
INV01364,2024-12-04 13:00:00,K0029,Amman,Sugar,Grocery,3,1.63,4.89
INV01365,2024-12-09 17:00:00,K0075,Cairo,Apples,Produce,3,2.53,7.59
INV01366,2024-10-09 14:00:00,K0025,Cairo,Bread,Bakery,2,1.29,2.58
INV01366,2024-10-09 14:00:00,K0025,Cairo,Butter,Dairy,3,2.58,7.74
INV01367,2024-07-02 11:00:00,K0389,Riyadh,Bread,Bakery,3,1.24,3.72
INV01367,2024-07-02 11:00:00,K0389,Riyadh,Butter,Dairy,3,2.35,7.05
INV01367,2024-07-02 11:00:00,K0389,Riyadh,Sugar,Grocery,2,1.49,2.98
INV01368,2024-06-04 12:00:00,K0258,Casablanca,Chicken,Meat,2,8.51,17.02
INV01369,2024-10-27 14:00:00,K0287,Amman,Dates,Produce,2,4.63,9.26
INV01369,2024-10-27 14:00:00,K0287,Amman,Yogurt,Dairy,2,1.91,3.82
INV01370,2024-12-26 11:00:00,K0248,Amman,Tea,Beverages,1,3.6,3.6
INV01370,2024-12-26 11:00:00,K0248,Amman,Tomato Sauce,Grocery,2,2.09,4.18
INV01371,2024-02-12 19:00:00,K0304,Amman,Butter,Dairy,2,2.63,5.26
INV01371,2024-02-12 19:00:00,K0304,Amman,Chicken,Meat,3,7.89,23.67
INV01371,2024-02-12 19:00:00,K0304,Amman,Coffee,Beverages,3,6.48,19.44
INV01371,2024-02-12 19:00:00,K0304,Amman,Rice,Grocery,2,2.58,5.16
INV01371,2024-02-12 19:00:00,K0304,Amman,Tomato Sauce,Grocery,1,2.07,2.07
INV01372,2024-12-17 09:00:00,K0356,Casablanca,Milk,Dairy,3,1.05,3.15
INV01372,2024-12-17 09:00:00,K0356,Casablanca,Tea,Beverages,1,3.7,3.7
INV01372,2024-12-17 09:00:00,K0356,Casablanca,Tomato Sauce,Grocery,2,2.2,4.4
INV01373,2024-11-11 15:00:00,K0342,Cairo,Coffee,Beverages,2,6.01,12.02
INV01373,2024-11-11 15:00:00,K0342,Cairo,Dates,Produce,3,4.78,14.34
INV01373,2024-11-11 15:00:00,K0342,Cairo,Tea,Beverages,3,3.19,9.57
INV01373,2024-11-11 15:00:00,K0342,Cairo,Yogurt,Dairy,2,1.8,3.6
INV01374,2024-04-01 11:00:00,K0009,Amman,Coffee,Beverages,2,6.06,12.12
INV01374,2024-04-01 11:00:00,K0009,Amman,Pasta,Grocery,3,1.89,5.67
INV01374,2024-04-01 11:00:00,K0009,Amman,Sugar,Grocery,3,1.47,4.41
INV01374,2024-04-01 11:00:00,K0009,Amman,Tomato Sauce,Grocery,1,2.42,2.42
INV01375,2024-07-08 10:00:00,K0289,Amman,Chicken,Meat,1,9.14,9.14
INV01375,2024-07-08 10:00:00,K0289,Amman,Coffee,Beverages,3,5.91,17.73
INV01375,2024-07-08 10:00:00,K0289,Amman,Rice,Grocery,3,2.35,7.05
INV01375,2024-07-08 10:00:00,K0289,Amman,Water,Beverages,1,0.72,0.72
INV01376,2024-12-20 14:00:00,K0150,Amman,Apples,Produce,2,2.94,5.88
INV01376,2024-12-20 14:00:00,K0150,Amman,Baby Wipes,Baby,1,4.47,4.47
INV01376,2024-12-20 14:00:00,K0150,Amman,Coffee,Beverages,1,6.0,6.0
INV01376,2024-12-20 14:00:00,K0150,Amman,Diapers,Baby,2,11.63,23.26
INV01376,2024-12-20 14:00:00,K0150,Amman,Rice,Grocery,3,2.37,7.11
INV01376,2024-12-20 14:00:00,K0150,Amman,Water,Beverages,1,0.77,0.77
INV01377,2024-08-27 18:00:00,K0001,Casablanca,Sugar,Grocery,2,1.64,3.28
INV01378,2024-05-08 15:00:00,K0131,Cairo,Butter,Dairy,3,2.25,6.75
INV01379,2024-02-06 20:00:00,K0130,Cairo,Chicken,Meat,3,7.67,23.01
INV01379,2024-02-06 20:00:00,K0130,Cairo,Milk,Dairy,1,1.06,1.06
INV01379,2024-02-06 20:00:00,K0130,Cairo,Pasta,Grocery,2,1.91,3.82
INV01379,2024-02-06 20:00:00,K0130,Cairo,Tomato Sauce,Grocery,3,2.04,6.12
INV01379,2024-02-06 20:00:00,K0130,Cairo,Yogurt,Dairy,3,1.94,5.82
INV01380,2024-10-03 18:00:00,K0063,Riyadh,Apples,Produce,2,2.96,5.92
INV01380,2024-10-03 18:00:00,K0063,Riyadh,Coffee,Beverages,2,6.25,12.5
INV01380,2024-10-03 18:00:00,K0063,Riyadh,Olive Oil,Grocery,1,7.66,7.66
INV01380,2024-10-03 18:00:00,K0063,Riyadh,Pasta,Grocery,1,1.93,1.93
INV01380,2024-10-03 18:00:00,K0063,Riyadh,Tomato Sauce,Grocery,3,2.07,6.21
INV01381,2024-11-13 16:00:00,K0193,Casablanca,Butter,Dairy,3,2.47,7.41
INV01381,2024-11-13 16:00:00,K0193,Casablanca,Olive Oil,Grocery,3,7.8,23.4
INV01381,2024-11-13 16:00:00,K0193,Casablanca,Tea,Beverages,2,3.51,7.02
INV01382,2024-12-19 21:00:00,K0130,Cairo,Chicken,Meat,3,8.25,24.75
INV01382,2024-12-19 21:00:00,K0130,Cairo,Coffee,Beverages,1,6.15,6.15
INV01382,2024-12-19 21:00:00,K0130,Cairo,Milk,Dairy,3,1.07,3.21
INV01382,2024-12-19 21:00:00,K0130,Cairo,Sugar,Grocery,1,1.51,1.51
INV01382,2024-12-19 21:00:00,K0130,Cairo,Yogurt,Dairy,1,2.08,2.08
INV01383,2024-03-22 16:00:00,K0072,Casablanca,Apples,Produce,2,2.8,5.6
INV01384,2024-03-12 08:00:00,K0285,Casablanca,Apples,Produce,1,2.56,2.56
INV01384,2024-03-12 08:00:00,K0285,Casablanca,Cheese,Dairy,1,4.16,4.16
INV01385,2024-09-10 16:00:00,K0306,Casablanca,Bread,Bakery,2,1.19,2.38
INV01385,2024-09-10 16:00:00,K0306,Casablanca,Milk,Dairy,1,1.09,1.09
INV01385,2024-09-10 16:00:00,K0306,Casablanca,Pasta,Grocery,3,1.68,5.04
INV01385,2024-09-10 16:00:00,K0306,Casablanca,Tomato Sauce,Grocery,3,2.02,6.06
INV01386,2024-02-20 08:00:00,K0043,Casablanca,Bread,Bakery,3,1.23,3.69
INV01386,2024-02-20 08:00:00,K0043,Casablanca,Butter,Dairy,3,2.33,6.99
INV01386,2024-02-20 08:00:00,K0043,Casablanca,Tomato Sauce,Grocery,2,2.24,4.48
INV01387,2024-02-24 15:00:00,K0289,Casablanca,Bread,Bakery,2,1.15,2.3
INV01387,2024-02-24 15:00:00,K0289,Casablanca,Butter,Dairy,3,2.55,7.65
INV01387,2024-02-24 15:00:00,K0289,Casablanca,Yogurt,Dairy,2,2.03,4.06
INV01388,2024-01-10 12:00:00,K0260,Cairo,Rice,Grocery,1,2.57,2.57
INV01388,2024-01-10 12:00:00,K0260,Cairo,Yogurt,Dairy,2,1.86,3.72
INV01389,2024-04-20 11:00:00,K0009,Cairo,Chicken,Meat,3,7.72,23.16
INV01389,2024-04-20 11:00:00,K0009,Cairo,Milk,Dairy,2,1.12,2.24
INV01389,2024-04-20 11:00:00,K0009,Cairo,Water,Beverages,3,0.83,2.49
INV01390,2024-12-10 13:00:00,K0325,Riyadh,Bread,Bakery,2,1.08,2.16
INV01390,2024-12-10 13:00:00,K0325,Riyadh,Butter,Dairy,3,2.29,6.87
INV01390,2024-12-10 13:00:00,K0325,Riyadh,Chicken,Meat,1,9.12,9.12
INV01390,2024-12-10 13:00:00,K0325,Riyadh,Coffee,Beverages,2,6.46,12.92
INV01390,2024-12-10 13:00:00,K0325,Riyadh,Dates,Produce,1,4.87,4.87
INV01390,2024-12-10 13:00:00,K0325,Riyadh,Pasta,Grocery,3,1.74,5.22
INV01390,2024-12-10 13:00:00,K0325,Riyadh,Tomato Sauce,Grocery,3,2.2,6.6
INV01391,2024-05-02 17:00:00,K0063,Riyadh,Chicken,Meat,1,8.15,8.15
INV01391,2024-05-02 17:00:00,K0063,Riyadh,Olive Oil,Grocery,2,6.98,13.96
INV01391,2024-05-02 17:00:00,K0063,Riyadh,Pasta,Grocery,3,1.62,4.86
INV01391,2024-05-02 17:00:00,K0063,Riyadh,Tomato Sauce,Grocery,1,2.23,2.23
INV01392,2024-05-03 21:00:00,K0293,Riyadh,Bread,Bakery,3,1.13,3.39
INV01392,2024-05-03 21:00:00,K0293,Riyadh,Butter,Dairy,2,2.64,5.28
INV01392,2024-05-03 21:00:00,K0293,Riyadh,Milk,Dairy,1,1.15,1.15
INV01393,2024-10-03 18:00:00,K0372,Amman,Bread,Bakery,3,1.16,3.48
INV01393,2024-10-03 18:00:00,K0372,Amman,Cheese,Dairy,3,3.71,11.13
INV01393,2024-10-03 18:00:00,K0372,Amman,Olive Oil,Grocery,1,8.01,8.01
INV01393,2024-10-03 18:00:00,K0372,Amman,Pasta,Grocery,3,1.77,5.31
INV01393,2024-10-03 18:00:00,K0372,Amman,Tomato Sauce,Grocery,1,2.34,2.34
INV01393,2024-10-03 18:00:00,K0372,Amman,Water,Beverages,3,0.77,2.31
INV01394,2024-01-29 19:00:00,K0111,Casablanca,Baby Wipes,Baby,3,4.29,12.87
INV01394,2024-01-29 19:00:00,K0111,Casablanca,Bread,Bakery,2,1.23,2.46
INV01394,2024-01-29 19:00:00,K0111,Casablanca,Milk,Dairy,1,1.15,1.15
INV01394,2024-01-29 19:00:00,K0111,Casablanca,Sugar,Grocery,2,1.47,2.94
INV01394,2024-01-29 19:00:00,K0111,Casablanca,Tomato Sauce,Grocery,3,2.24,6.72
INV01395,2024-05-24 15:00:00,K0073,Amman,Bread,Bakery,3,1.22,3.66
INV01395,2024-05-24 15:00:00,K0073,Amman,Chicken,Meat,3,8.8,26.4
INV01395,2024-05-24 15:00:00,K0073,Amman,Coffee,Beverages,3,6.26,18.78
INV01395,2024-05-24 15:00:00,K0073,Amman,Milk,Dairy,3,1.14,3.42
INV01395,2024-05-24 15:00:00,K0073,Amman,Sugar,Grocery,2,1.56,3.12
INV01396,2024-03-28 12:00:00,K0333,Cairo,Rice,Grocery,3,2.16,6.48
INV01396,2024-03-28 12:00:00,K0333,Cairo,Tomato Sauce,Grocery,3,2.06,6.18
INV01397,2024-10-21 10:00:00,K0341,Amman,Bread,Bakery,3,1.3,3.9
INV01397,2024-10-21 10:00:00,K0341,Amman,Butter,Dairy,2,2.54,5.08
INV01397,2024-10-21 10:00:00,K0341,Amman,Dates,Produce,3,4.92,14.76
INV01397,2024-10-21 10:00:00,K0341,Amman,Rice,Grocery,3,2.34,7.02
INV01397,2024-10-21 10:00:00,K0341,Amman,Tea,Beverages,1,3.35,3.35
INV01398,2024-10-15 10:00:00,K0316,Riyadh,Butter,Dairy,3,2.58,7.74
INV01398,2024-10-15 10:00:00,K0316,Riyadh,Chicken,Meat,3,7.65,22.95
INV01399,2024-05-27 12:00:00,K0212,Riyadh,Apples,Produce,2,3.0,6.0
INV01399,2024-05-27 12:00:00,K0212,Riyadh,Butter,Dairy,3,2.42,7.26
INV01399,2024-05-27 12:00:00,K0212,Riyadh,Milk,Dairy,2,1.03,2.06
INV01399,2024-05-27 12:00:00,K0212,Riyadh,Rice,Grocery,2,2.41,4.82
INV01399,2024-05-27 12:00:00,K0212,Riyadh,Tea,Beverages,3,3.71,11.13
INV01400,2024-02-11 19:00:00,K0056,Cairo,Apples,Produce,3,3.07,9.21
INV01401,2024-07-22 14:00:00,K0231,Cairo,Milk,Dairy,2,1.02,2.04
INV01402,2024-11-19 08:00:00,K0011,Cairo,Cheese,Dairy,3,4.0,12.0
INV01402,2024-11-19 08:00:00,K0011,Cairo,Coffee,Beverages,3,6.45,19.35
INV01402,2024-11-19 08:00:00,K0011,Cairo,Dates,Produce,2,5.03,10.06
INV01402,2024-11-19 08:00:00,K0011,Cairo,Olive Oil,Grocery,3,6.97,20.91
INV01402,2024-11-19 08:00:00,K0011,Cairo,Tea,Beverages,3,3.83,11.49
INV01403,2024-05-23 08:00:00,K0318,Amman,Apples,Produce,1,3.0,3.0
INV01403,2024-05-23 08:00:00,K0318,Amman,Sugar,Grocery,3,1.54,4.62
INV01403,2024-05-23 08:00:00,K0318,Amman,Tomato Sauce,Grocery,2,2.13,4.26
INV01404,2024-10-26 21:00:00,K0162,Cairo,Apples,Produce,1,2.56,2.56
INV01404,2024-10-26 21:00:00,K0162,Cairo,Butter,Dairy,1,2.56,2.56
INV01404,2024-10-26 21:00:00,K0162,Cairo,Coffee,Beverages,2,5.86,11.72
INV01404,2024-10-26 21:00:00,K0162,Cairo,Olive Oil,Grocery,3,7.16,21.48
INV01405,2024-04-27 19:00:00,K0097,Riyadh,Bread,Bakery,2,1.11,2.22
INV01405,2024-04-27 19:00:00,K0097,Riyadh,Butter,Dairy,2,2.46,4.92
INV01405,2024-04-27 19:00:00,K0097,Riyadh,Milk,Dairy,1,1.09,1.09
INV01405,2024-04-27 19:00:00,K0097,Riyadh,Pasta,Grocery,2,1.83,3.66
INV01405,2024-04-27 19:00:00,K0097,Riyadh,Water,Beverages,1,0.86,0.86
INV01406,2024-03-30 14:00:00,K0327,Riyadh,Bread,Bakery,1,1.23,1.23
INV01407,2024-02-04 11:00:00,K0131,Casablanca,Chicken,Meat,3,7.67,23.01
INV01408,2024-04-18 12:00:00,K0367,Amman,Bread,Bakery,3,1.2,3.6
INV01408,2024-04-18 12:00:00,K0367,Amman,Butter,Dairy,3,2.7,8.1
INV01408,2024-04-18 12:00:00,K0367,Amman,Chicken,Meat,2,8.3,16.6
INV01408,2024-04-18 12:00:00,K0367,Amman,Milk,Dairy,3,1.0,3.0
INV01409,2024-09-24 14:00:00,K0155,Casablanca,Apples,Produce,2,2.72,5.44
INV01409,2024-09-24 14:00:00,K0155,Casablanca,Chicken,Meat,2,8.51,17.02
INV01409,2024-09-24 14:00:00,K0155,Casablanca,Rice,Grocery,1,2.2,2.2
INV01410,2024-10-08 14:00:00,K0149,Cairo,Butter,Dairy,2,2.46,4.92
INV01410,2024-10-08 14:00:00,K0149,Cairo,Milk,Dairy,2,1.18,2.36
INV01410,2024-10-08 14:00:00,K0149,Cairo,Rice,Grocery,1,2.33,2.33
INV01410,2024-10-08 14:00:00,K0149,Cairo,Water,Beverages,2,0.86,1.72
INV01410,2024-10-08 14:00:00,K0149,Cairo,Yogurt,Dairy,3,1.72,5.16
INV01411,2024-01-04 08:00:00,K0239,Amman,Chicken,Meat,2,8.07,16.14
INV01411,2024-01-04 08:00:00,K0239,Amman,Milk,Dairy,3,1.12,3.36
INV01411,2024-01-04 08:00:00,K0239,Amman,Rice,Grocery,3,2.24,6.72
INV01411,2024-01-04 08:00:00,K0239,Amman,Water,Beverages,1,0.85,0.85
INV01412,2024-06-25 09:00:00,K0268,Casablanca,Cheese,Dairy,1,4.3,4.3
INV01412,2024-06-25 09:00:00,K0268,Casablanca,Water,Beverages,2,0.73,1.46
INV01412,2024-06-25 09:00:00,K0268,Casablanca,Yogurt,Dairy,1,1.99,1.99
INV01413,2024-09-20 21:00:00,K0100,Cairo,Apples,Produce,1,2.93,2.93
INV01413,2024-09-20 21:00:00,K0100,Cairo,Bread,Bakery,2,1.29,2.58
INV01413,2024-09-20 21:00:00,K0100,Cairo,Butter,Dairy,1,2.39,2.39
INV01413,2024-09-20 21:00:00,K0100,Cairo,Coffee,Beverages,3,5.6,16.8
INV01413,2024-09-20 21:00:00,K0100,Cairo,Yogurt,Dairy,2,2.08,4.16
INV01414,2024-08-28 16:00:00,K0008,Casablanca,Dates,Produce,2,5.22,10.44
INV01414,2024-08-28 16:00:00,K0008,Casablanca,Tea,Beverages,2,3.24,6.48
INV01415,2024-12-28 12:00:00,K0089,Cairo,Baby Wipes,Baby,3,4.38,13.14
INV01415,2024-12-28 12:00:00,K0089,Cairo,Diapers,Baby,3,11.49,34.47
INV01416,2024-11-26 18:00:00,K0209,Amman,Butter,Dairy,1,2.63,2.63
INV01416,2024-11-26 18:00:00,K0209,Amman,Milk,Dairy,1,1.19,1.19
INV01417,2024-12-31 10:00:00,K0211,Cairo,Bread,Bakery,3,1.2,3.6
INV01417,2024-12-31 10:00:00,K0211,Cairo,Butter,Dairy,3,2.73,8.19
INV01417,2024-12-31 10:00:00,K0211,Cairo,Chicken,Meat,1,7.82,7.82
INV01417,2024-12-31 10:00:00,K0211,Cairo,Coffee,Beverages,2,6.48,12.96
INV01417,2024-12-31 10:00:00,K0211,Cairo,Rice,Grocery,2,2.45,4.9
INV01418,2024-05-09 14:00:00,K0314,Amman,Apples,Produce,2,2.74,5.48
INV01418,2024-05-09 14:00:00,K0314,Amman,Bread,Bakery,1,1.22,1.22
INV01418,2024-05-09 14:00:00,K0314,Amman,Butter,Dairy,1,2.61,2.61
INV01418,2024-05-09 14:00:00,K0314,Amman,Pasta,Grocery,1,1.84,1.84
INV01418,2024-05-09 14:00:00,K0314,Amman,Tomato Sauce,Grocery,1,2.14,2.14
INV01418,2024-05-09 14:00:00,K0314,Amman,Yogurt,Dairy,2,1.98,3.96
INV01419,2024-05-21 08:00:00,K0093,Casablanca,Apples,Produce,3,3.03,9.09
INV01419,2024-05-21 08:00:00,K0093,Casablanca,Baby Wipes,Baby,2,4.84,9.68
INV01419,2024-05-21 08:00:00,K0093,Casablanca,Coffee,Beverages,3,6.0,18.0
INV01419,2024-05-21 08:00:00,K0093,Casablanca,Milk,Dairy,2,1.17,2.34
INV01419,2024-05-21 08:00:00,K0093,Casablanca,Sugar,Grocery,3,1.41,4.23
INV01420,2024-01-19 19:00:00,K0302,Casablanca,Water,Beverages,3,0.84,2.52
INV01421,2024-08-14 10:00:00,K0277,Casablanca,Bread,Bakery,1,1.17,1.17
INV01421,2024-08-14 10:00:00,K0277,Casablanca,Butter,Dairy,3,2.44,7.32
INV01421,2024-08-14 10:00:00,K0277,Casablanca,Dates,Produce,1,5.29,5.29
INV01421,2024-08-14 10:00:00,K0277,Casablanca,Milk,Dairy,1,1.09,1.09
INV01421,2024-08-14 10:00:00,K0277,Casablanca,Rice,Grocery,1,2.57,2.57
INV01421,2024-08-14 10:00:00,K0277,Casablanca,Tea,Beverages,1,3.4,3.4
INV01422,2024-12-17 14:00:00,K0249,Casablanca,Apples,Produce,3,2.96,8.88
INV01422,2024-12-17 14:00:00,K0249,Casablanca,Bread,Bakery,1,1.27,1.27
INV01422,2024-12-17 14:00:00,K0249,Casablanca,Butter,Dairy,3,2.49,7.47
INV01422,2024-12-17 14:00:00,K0249,Casablanca,Dates,Produce,1,5.44,5.44
INV01422,2024-12-17 14:00:00,K0249,Casablanca,Pasta,Grocery,3,1.9,5.7
INV01422,2024-12-17 14:00:00,K0249,Casablanca,Tea,Beverages,1,3.26,3.26
INV01423,2024-11-21 18:00:00,K0277,Amman,Bread,Bakery,1,1.13,1.13
INV01423,2024-11-21 18:00:00,K0277,Amman,Butter,Dairy,1,2.59,2.59
INV01423,2024-11-21 18:00:00,K0277,Amman,Chicken,Meat,1,9.02,9.02
INV01424,2024-09-16 12:00:00,K0130,Riyadh,Bread,Bakery,3,1.26,3.78
INV01424,2024-09-16 12:00:00,K0130,Riyadh,Butter,Dairy,3,2.66,7.98
INV01424,2024-09-16 12:00:00,K0130,Riyadh,Cheese,Dairy,2,4.1,8.2
INV01424,2024-09-16 12:00:00,K0130,Riyadh,Chicken,Meat,2,7.77,15.54
INV01425,2024-02-29 15:00:00,K0123,Casablanca,Apples,Produce,1,2.76,2.76
INV01425,2024-02-29 15:00:00,K0123,Casablanca,Bread,Bakery,1,1.1,1.1
INV01425,2024-02-29 15:00:00,K0123,Casablanca,Milk,Dairy,1,1.1,1.1
INV01425,2024-02-29 15:00:00,K0123,Casablanca,Pasta,Grocery,2,1.64,3.28
INV01425,2024-02-29 15:00:00,K0123,Casablanca,Rice,Grocery,3,2.59,7.77
INV01426,2024-09-27 13:00:00,K0194,Casablanca,Butter,Dairy,2,2.45,4.9
INV01427,2024-05-29 10:00:00,K0305,Cairo,Apples,Produce,2,2.94,5.88
INV01427,2024-05-29 10:00:00,K0305,Cairo,Coffee,Beverages,3,6.5,19.5
INV01427,2024-05-29 10:00:00,K0305,Cairo,Dates,Produce,1,5.41,5.41
INV01427,2024-05-29 10:00:00,K0305,Cairo,Milk,Dairy,3,1.19,3.57
INV01427,2024-05-29 10:00:00,K0305,Cairo,Water,Beverages,2,0.77,1.54
INV01428,2024-07-25 09:00:00,K0307,Cairo,Tomato Sauce,Grocery,2,2.12,4.24
INV01429,2024-03-10 12:00:00,K0111,Cairo,Apples,Produce,2,2.67,5.34
INV01429,2024-03-10 12:00:00,K0111,Cairo,Bread,Bakery,3,1.24,3.72
INV01429,2024-03-10 12:00:00,K0111,Cairo,Butter,Dairy,1,2.61,2.61
INV01429,2024-03-10 12:00:00,K0111,Cairo,Water,Beverages,2,0.72,1.44
INV01430,2024-07-13 12:00:00,K0325,Cairo,Butter,Dairy,2,2.57,5.14
INV01430,2024-07-13 12:00:00,K0325,Cairo,Coffee,Beverages,1,5.47,5.47
INV01430,2024-07-13 12:00:00,K0325,Cairo,Pasta,Grocery,2,1.79,3.58
INV01430,2024-07-13 12:00:00,K0325,Cairo,Rice,Grocery,1,2.55,2.55
INV01430,2024-07-13 12:00:00,K0325,Cairo,Water,Beverages,2,0.78,1.56
INV01431,2024-08-10 19:00:00,K0283,Riyadh,Apples,Produce,3,2.68,8.04
INV01432,2024-05-11 13:00:00,K0384,Casablanca,Apples,Produce,3,2.91,8.73
INV01432,2024-05-11 13:00:00,K0384,Casablanca,Cheese,Dairy,3,3.93,11.79
INV01432,2024-05-11 13:00:00,K0384,Casablanca,Milk,Dairy,1,1.01,1.01
INV01433,2024-06-30 16:00:00,K0284,Casablanca,Bread,Bakery,2,1.27,2.54
INV01433,2024-06-30 16:00:00,K0284,Casablanca,Rice,Grocery,1,2.36,2.36
INV01433,2024-06-30 16:00:00,K0284,Casablanca,Sugar,Grocery,1,1.63,1.63
INV01433,2024-06-30 16:00:00,K0284,Casablanca,Tea,Beverages,1,3.63,3.63
INV01434,2024-09-12 12:00:00,K0281,Casablanca,Bread,Bakery,3,1.13,3.39
INV01434,2024-09-12 12:00:00,K0281,Casablanca,Butter,Dairy,1,2.34,2.34
INV01434,2024-09-12 12:00:00,K0281,Casablanca,Olive Oil,Grocery,2,8.0,16.0
INV01435,2024-02-11 21:00:00,K0128,Riyadh,Rice,Grocery,2,2.5,5.0
INV01436,2024-04-20 19:00:00,K0355,Casablanca,Bread,Bakery,1,1.17,1.17
INV01436,2024-04-20 19:00:00,K0355,Casablanca,Butter,Dairy,3,2.4,7.2
INV01436,2024-04-20 19:00:00,K0355,Casablanca,Coffee,Beverages,2,5.51,11.02
INV01436,2024-04-20 19:00:00,K0355,Casablanca,Dates,Produce,1,4.75,4.75
INV01436,2024-04-20 19:00:00,K0355,Casablanca,Olive Oil,Grocery,2,7.2,14.4
INV01436,2024-04-20 19:00:00,K0355,Casablanca,Tea,Beverages,3,3.44,10.32
INV01437,2024-07-31 21:00:00,K0379,Cairo,Apples,Produce,2,2.96,5.92
INV01437,2024-07-31 21:00:00,K0379,Cairo,Cheese,Dairy,1,3.99,3.99
INV01437,2024-07-31 21:00:00,K0379,Cairo,Milk,Dairy,2,1.11,2.22
INV01437,2024-07-31 21:00:00,K0379,Cairo,Tea,Beverages,1,3.41,3.41
INV01437,2024-07-31 21:00:00,K0379,Cairo,Water,Beverages,2,0.76,1.52
INV01438,2024-11-17 13:00:00,K0185,Cairo,Water,Beverages,3,0.75,2.25
INV01439,2024-09-30 10:00:00,K0204,Casablanca,Cheese,Dairy,2,3.78,7.56
INV01439,2024-09-30 10:00:00,K0204,Casablanca,Chicken,Meat,3,7.72,23.16
INV01439,2024-09-30 10:00:00,K0204,Casablanca,Rice,Grocery,2,2.23,4.46
INV01439,2024-09-30 10:00:00,K0204,Casablanca,Tomato Sauce,Grocery,1,2.28,2.28
INV01439,2024-09-30 10:00:00,K0204,Casablanca,Water,Beverages,1,0.73,0.73
INV01440,2024-10-22 19:00:00,K0047,Cairo,Pasta,Grocery,3,1.97,5.91
INV01440,2024-10-22 19:00:00,K0047,Cairo,Tomato Sauce,Grocery,1,2.17,2.17
INV01441,2024-03-02 14:00:00,K0283,Casablanca,Rice,Grocery,1,2.57,2.57
INV01442,2024-01-23 16:00:00,K0169,Casablanca,Apples,Produce,1,2.93,2.93
INV01442,2024-01-23 16:00:00,K0169,Casablanca,Chicken,Meat,1,7.92,7.92
INV01442,2024-01-23 16:00:00,K0169,Casablanca,Rice,Grocery,3,2.51,7.53
INV01442,2024-01-23 16:00:00,K0169,Casablanca,Tea,Beverages,2,3.78,7.56
INV01443,2024-05-23 11:00:00,K0344,Casablanca,Butter,Dairy,1,2.71,2.71
INV01444,2024-02-02 21:00:00,K0041,Cairo,Apples,Produce,2,2.66,5.32
INV01444,2024-02-02 21:00:00,K0041,Cairo,Cheese,Dairy,3,4.27,12.81
INV01444,2024-02-02 21:00:00,K0041,Cairo,Milk,Dairy,2,1.17,2.34
INV01444,2024-02-02 21:00:00,K0041,Cairo,Water,Beverages,2,0.74,1.48
INV01445,2024-12-30 08:00:00,K0119,Riyadh,Chicken,Meat,3,8.01,24.03
INV01445,2024-12-30 08:00:00,K0119,Riyadh,Coffee,Beverages,3,5.58,16.74
INV01445,2024-12-30 08:00:00,K0119,Riyadh,Olive Oil,Grocery,3,7.32,21.96
INV01445,2024-12-30 08:00:00,K0119,Riyadh,Rice,Grocery,1,2.58,2.58
INV01446,2024-06-04 10:00:00,K0132,Casablanca,Apples,Produce,1,2.75,2.75
INV01446,2024-06-04 10:00:00,K0132,Casablanca,Chicken,Meat,3,9.3,27.9
INV01446,2024-06-04 10:00:00,K0132,Casablanca,Rice,Grocery,1,2.32,2.32
INV01446,2024-06-04 10:00:00,K0132,Casablanca,Yogurt,Dairy,3,1.86,5.58
INV01447,2024-04-14 20:00:00,K0096,Amman,Apples,Produce,3,3.05,9.15
INV01448,2024-10-24 09:00:00,K0010,Casablanca,Bread,Bakery,1,1.25,1.25
INV01448,2024-10-24 09:00:00,K0010,Casablanca,Yogurt,Dairy,1,1.74,1.74
INV01449,2024-12-18 21:00:00,K0151,Cairo,Sugar,Grocery,2,1.39,2.78
INV01449,2024-12-18 21:00:00,K0151,Cairo,Tea,Beverages,2,3.66,7.32
INV01449,2024-12-18 21:00:00,K0151,Cairo,Water,Beverages,2,0.86,1.72
INV01449,2024-12-18 21:00:00,K0151,Cairo,Yogurt,Dairy,2,1.79,3.58
INV01450,2024-11-26 11:00:00,K0133,Cairo,Bread,Bakery,1,1.24,1.24
INV01450,2024-11-26 11:00:00,K0133,Cairo,Butter,Dairy,1,2.58,2.58
INV01450,2024-11-26 11:00:00,K0133,Cairo,Coffee,Beverages,2,6.53,13.06
INV01450,2024-11-26 11:00:00,K0133,Cairo,Rice,Grocery,3,2.49,7.47
INV01450,2024-11-26 11:00:00,K0133,Cairo,Tomato Sauce,Grocery,2,2.15,4.3
INV01450,2024-11-26 11:00:00,K0133,Cairo,Yogurt,Dairy,2,1.81,3.62
INV01451,2024-02-21 20:00:00,K0237,Casablanca,Bread,Bakery,1,1.19,1.19
INV01451,2024-02-21 20:00:00,K0237,Casablanca,Butter,Dairy,3,2.3,6.9
INV01451,2024-02-21 20:00:00,K0237,Casablanca,Coffee,Beverages,2,6.11,12.22
INV01451,2024-02-21 20:00:00,K0237,Casablanca,Milk,Dairy,2,1.13,2.26
INV01451,2024-02-21 20:00:00,K0237,Casablanca,Olive Oil,Grocery,3,7.03,21.09
INV01451,2024-02-21 20:00:00,K0237,Casablanca,Rice,Grocery,3,2.42,7.26
INV01452,2024-11-19 17:00:00,K0303,Cairo,Dates,Produce,2,5.26,10.52
INV01452,2024-11-19 17:00:00,K0303,Cairo,Tea,Beverages,3,3.8,11.4
INV01453,2024-07-25 16:00:00,K0179,Casablanca,Cheese,Dairy,3,3.97,11.91
INV01453,2024-07-25 16:00:00,K0179,Casablanca,Chicken,Meat,3,8.56,25.68
INV01453,2024-07-25 16:00:00,K0179,Casablanca,Milk,Dairy,1,1.2,1.2
INV01453,2024-07-25 16:00:00,K0179,Casablanca,Pasta,Grocery,3,1.88,5.64
INV01454,2024-02-19 15:00:00,K0321,Casablanca,Cheese,Dairy,2,3.76,7.52
INV01455,2024-06-19 09:00:00,K0368,Riyadh,Apples,Produce,1,3.07,3.07
INV01455,2024-06-19 09:00:00,K0368,Riyadh,Bread,Bakery,3,1.15,3.45
INV01455,2024-06-19 09:00:00,K0368,Riyadh,Butter,Dairy,2,2.62,5.24
INV01455,2024-06-19 09:00:00,K0368,Riyadh,Yogurt,Dairy,3,2.09,6.27
INV01456,2024-03-25 16:00:00,K0003,Cairo,Apples,Produce,3,3.05,9.15
INV01456,2024-03-25 16:00:00,K0003,Cairo,Milk,Dairy,3,1.04,3.12
INV01457,2024-12-19 09:00:00,K0218,Cairo,Cheese,Dairy,3,3.98,11.94
INV01457,2024-12-19 09:00:00,K0218,Cairo,Rice,Grocery,2,2.57,5.14
INV01457,2024-12-19 09:00:00,K0218,Cairo,Tomato Sauce,Grocery,3,2.27,6.81
INV01457,2024-12-19 09:00:00,K0218,Cairo,Water,Beverages,1,0.85,0.85
INV01458,2024-03-21 15:00:00,K0273,Casablanca,Butter,Dairy,3,2.61,7.83
INV01458,2024-03-21 15:00:00,K0273,Casablanca,Rice,Grocery,2,2.57,5.14
INV01458,2024-03-21 15:00:00,K0273,Casablanca,Water,Beverages,3,0.87,2.61
INV01459,2024-12-30 21:00:00,K0336,Amman,Dates,Produce,3,4.9,14.7
INV01459,2024-12-30 21:00:00,K0336,Amman,Tea,Beverages,2,3.61,7.22
INV01460,2024-02-15 12:00:00,K0190,Amman,Butter,Dairy,3,2.32,6.96
INV01460,2024-02-15 12:00:00,K0190,Amman,Diapers,Baby,2,11.55,23.1
INV01460,2024-02-15 12:00:00,K0190,Amman,Water,Beverages,2,0.87,1.74
INV01460,2024-02-15 12:00:00,K0190,Amman,Yogurt,Dairy,3,2.04,6.12
INV01461,2024-07-04 11:00:00,K0010,Casablanca,Rice,Grocery,2,2.43,4.86
INV01462,2024-07-28 20:00:00,K0184,Cairo,Sugar,Grocery,3,1.55,4.65
INV01463,2024-09-27 20:00:00,K0002,Cairo,Cheese,Dairy,1,4.33,4.33
INV01463,2024-09-27 20:00:00,K0002,Cairo,Dates,Produce,1,4.84,4.84
INV01463,2024-09-27 20:00:00,K0002,Cairo,Tomato Sauce,Grocery,3,2.14,6.42
INV01464,2024-08-06 16:00:00,K0300,Cairo,Apples,Produce,2,2.63,5.26
INV01464,2024-08-06 16:00:00,K0300,Cairo,Butter,Dairy,1,2.47,2.47
INV01464,2024-08-06 16:00:00,K0300,Cairo,Olive Oil,Grocery,1,8.22,8.22
INV01464,2024-08-06 16:00:00,K0300,Cairo,Rice,Grocery,1,2.37,2.37
INV01465,2024-12-04 21:00:00,K0291,Cairo,Bread,Bakery,3,1.22,3.66
INV01465,2024-12-04 21:00:00,K0291,Cairo,Butter,Dairy,2,2.46,4.92
INV01465,2024-12-04 21:00:00,K0291,Cairo,Dates,Produce,2,4.64,9.28
INV01466,2024-02-07 10:00:00,K0232,Riyadh,Apples,Produce,1,2.69,2.69
INV01466,2024-02-07 10:00:00,K0232,Riyadh,Rice,Grocery,1,2.37,2.37
INV01466,2024-02-07 10:00:00,K0232,Riyadh,Tea,Beverages,2,3.84,7.68
INV01466,2024-02-07 10:00:00,K0232,Riyadh,Tomato Sauce,Grocery,2,2.21,4.42
INV01466,2024-02-07 10:00:00,K0232,Riyadh,Water,Beverages,3,0.8,2.4
INV01467,2024-03-19 21:00:00,K0346,Riyadh,Butter,Dairy,3,2.42,7.26
INV01467,2024-03-19 21:00:00,K0346,Riyadh,Coffee,Beverages,2,6.34,12.68
INV01467,2024-03-19 21:00:00,K0346,Riyadh,Milk,Dairy,3,1.2,3.6
INV01467,2024-03-19 21:00:00,K0346,Riyadh,Rice,Grocery,3,2.27,6.81
INV01467,2024-03-19 21:00:00,K0346,Riyadh,Water,Beverages,2,0.79,1.58
INV01468,2024-01-29 15:00:00,K0242,Casablanca,Bread,Bakery,2,1.25,2.5
INV01468,2024-01-29 15:00:00,K0242,Casablanca,Coffee,Beverages,3,6.25,18.75
INV01468,2024-01-29 15:00:00,K0242,Casablanca,Milk,Dairy,3,1.13,3.39
INV01468,2024-01-29 15:00:00,K0242,Casablanca,Tea,Beverages,3,3.84,11.52
INV01469,2024-07-24 18:00:00,K0067,Amman,Bread,Bakery,3,1.17,3.51
INV01469,2024-07-24 18:00:00,K0067,Amman,Cheese,Dairy,3,4.24,12.72
INV01469,2024-07-24 18:00:00,K0067,Amman,Dates,Produce,1,4.94,4.94
INV01469,2024-07-24 18:00:00,K0067,Amman,Tea,Beverages,1,3.83,3.83
INV01470,2024-11-02 08:00:00,K0209,Cairo,Baby Wipes,Baby,3,4.33,12.99
INV01470,2024-11-02 08:00:00,K0209,Cairo,Dates,Produce,3,5.35,16.05
INV01470,2024-11-02 08:00:00,K0209,Cairo,Diapers,Baby,1,11.64,11.64
INV01470,2024-11-02 08:00:00,K0209,Cairo,Tea,Beverages,2,3.61,7.22
INV01471,2024-08-11 15:00:00,K0082,Casablanca,Coffee,Beverages,2,6.49,12.98
INV01471,2024-08-11 15:00:00,K0082,Casablanca,Dates,Produce,3,5.06,15.18
INV01471,2024-08-11 15:00:00,K0082,Casablanca,Pasta,Grocery,1,1.91,1.91
INV01471,2024-08-11 15:00:00,K0082,Casablanca,Sugar,Grocery,3,1.35,4.05
INV01471,2024-08-11 15:00:00,K0082,Casablanca,Tomato Sauce,Grocery,2,2.37,4.74
INV01472,2024-02-20 20:00:00,K0275,Casablanca,Chicken,Meat,2,8.9,17.8
INV01472,2024-02-20 20:00:00,K0275,Casablanca,Coffee,Beverages,2,6.33,12.66
INV01472,2024-02-20 20:00:00,K0275,Casablanca,Milk,Dairy,2,1.14,2.28
INV01472,2024-02-20 20:00:00,K0275,Casablanca,Sugar,Grocery,3,1.52,4.56
INV01473,2024-07-16 16:00:00,K0067,Casablanca,Bread,Bakery,2,1.27,2.54
INV01473,2024-07-16 16:00:00,K0067,Casablanca,Butter,Dairy,2,2.69,5.38
INV01473,2024-07-16 16:00:00,K0067,Casablanca,Cheese,Dairy,1,4.31,4.31
INV01473,2024-07-16 16:00:00,K0067,Casablanca,Chicken,Meat,3,7.87,23.61
INV01474,2024-10-02 14:00:00,K0182,Riyadh,Coffee,Beverages,3,6.53,19.59
INV01474,2024-10-02 14:00:00,K0182,Riyadh,Milk,Dairy,3,1.03,3.09
INV01474,2024-10-02 14:00:00,K0182,Riyadh,Pasta,Grocery,3,1.65,4.95
INV01474,2024-10-02 14:00:00,K0182,Riyadh,Tomato Sauce,Grocery,3,2.05,6.15
INV01474,2024-10-02 14:00:00,K0182,Riyadh,Yogurt,Dairy,3,1.99,5.97
INV01475,2024-05-02 11:00:00,K0155,Cairo,Dates,Produce,2,4.63,9.26
INV01476,2024-07-12 08:00:00,K0259,Riyadh,Diapers,Baby,1,13.14,13.14
INV01476,2024-07-12 08:00:00,K0259,Riyadh,Milk,Dairy,3,1.05,3.15
INV01476,2024-07-12 08:00:00,K0259,Riyadh,Sugar,Grocery,3,1.61,4.83
INV01477,2024-02-03 16:00:00,K0388,Cairo,Bread,Bakery,2,1.16,2.32
INV01477,2024-02-03 16:00:00,K0388,Cairo,Butter,Dairy,3,2.55,7.65
INV01477,2024-02-03 16:00:00,K0388,Cairo,Tea,Beverages,1,3.61,3.61
INV01477,2024-02-03 16:00:00,K0388,Cairo,Tomato Sauce,Grocery,1,2.36,2.36
INV01478,2024-12-23 12:00:00,K0137,Cairo,Coffee,Beverages,3,5.69,17.07
INV01478,2024-12-23 12:00:00,K0137,Cairo,Sugar,Grocery,1,1.58,1.58
INV01478,2024-12-23 12:00:00,K0137,Cairo,Yogurt,Dairy,2,1.99,3.98
INV01479,2024-10-04 20:00:00,K0229,Casablanca,Dates,Produce,2,5.45,10.9
INV01479,2024-10-04 20:00:00,K0229,Casablanca,Milk,Dairy,1,1.13,1.13
INV01480,2024-12-13 18:00:00,K0322,Casablanca,Apples,Produce,2,2.65,5.3
INV01480,2024-12-13 18:00:00,K0322,Casablanca,Butter,Dairy,1,2.7,2.7
INV01480,2024-12-13 18:00:00,K0322,Casablanca,Coffee,Beverages,1,5.87,5.87
INV01480,2024-12-13 18:00:00,K0322,Casablanca,Milk,Dairy,2,1.12,2.24
INV01480,2024-12-13 18:00:00,K0322,Casablanca,Water,Beverages,3,0.83,2.49
INV01481,2024-12-03 16:00:00,K0321,Riyadh,Coffee,Beverages,1,6.13,6.13
INV01481,2024-12-03 16:00:00,K0321,Riyadh,Dates,Produce,2,4.62,9.24
INV01481,2024-12-03 16:00:00,K0321,Riyadh,Pasta,Grocery,3,1.91,5.73
INV01481,2024-12-03 16:00:00,K0321,Riyadh,Tea,Beverages,2,3.78,7.56
INV01482,2024-03-23 09:00:00,K0044,Riyadh,Bread,Bakery,2,1.13,2.26
INV01482,2024-03-23 09:00:00,K0044,Riyadh,Coffee,Beverages,1,6.5,6.5
INV01482,2024-03-23 09:00:00,K0044,Riyadh,Pasta,Grocery,3,1.98,5.94
INV01482,2024-03-23 09:00:00,K0044,Riyadh,Water,Beverages,3,0.87,2.61
INV01483,2024-01-24 16:00:00,K0226,Riyadh,Baby Wipes,Baby,1,4.24,4.24
INV01483,2024-01-24 16:00:00,K0226,Riyadh,Bread,Bakery,2,1.19,2.38
INV01483,2024-01-24 16:00:00,K0226,Riyadh,Butter,Dairy,2,2.53,5.06
INV01484,2024-09-21 13:00:00,K0391,Casablanca,Chicken,Meat,2,8.23,16.46
INV01484,2024-09-21 13:00:00,K0391,Casablanca,Dates,Produce,1,5.05,5.05
INV01484,2024-09-21 13:00:00,K0391,Casablanca,Tea,Beverages,1,3.66,3.66
INV01485,2024-11-21 19:00:00,K0225,Cairo,Apples,Produce,2,2.97,5.94
INV01486,2024-11-06 08:00:00,K0160,Cairo,Water,Beverages,2,0.76,1.52
INV01487,2024-03-19 10:00:00,K0216,Cairo,Bread,Bakery,3,1.13,3.39
INV01487,2024-03-19 10:00:00,K0216,Cairo,Butter,Dairy,1,2.56,2.56
INV01487,2024-03-19 10:00:00,K0216,Cairo,Coffee,Beverages,3,5.5,16.5
INV01487,2024-03-19 10:00:00,K0216,Cairo,Dates,Produce,3,4.98,14.94
INV01487,2024-03-19 10:00:00,K0216,Cairo,Milk,Dairy,2,1.04,2.08
INV01487,2024-03-19 10:00:00,K0216,Cairo,Rice,Grocery,2,2.45,4.9
INV01487,2024-03-19 10:00:00,K0216,Cairo,Sugar,Grocery,2,1.39,2.78
INV01488,2024-03-15 11:00:00,K0267,Casablanca,Apples,Produce,3,2.57,7.71
INV01489,2024-08-15 09:00:00,K0175,Cairo,Baby Wipes,Baby,3,4.17,12.51
INV01489,2024-08-15 09:00:00,K0175,Cairo,Rice,Grocery,1,2.43,2.43
INV01489,2024-08-15 09:00:00,K0175,Cairo,Sugar,Grocery,1,1.57,1.57
INV01489,2024-08-15 09:00:00,K0175,Cairo,Yogurt,Dairy,1,1.81,1.81
INV01490,2024-05-14 10:00:00,K0370,Riyadh,Cheese,Dairy,2,4.28,8.56
INV01490,2024-05-14 10:00:00,K0370,Riyadh,Dates,Produce,2,5.43,10.86
INV01490,2024-05-14 10:00:00,K0370,Riyadh,Milk,Dairy,3,1.14,3.42
INV01490,2024-05-14 10:00:00,K0370,Riyadh,Tomato Sauce,Grocery,2,2.25,4.5
INV01491,2024-08-14 12:00:00,K0323,Casablanca,Bread,Bakery,2,1.13,2.26
INV01491,2024-08-14 12:00:00,K0323,Casablanca,Chicken,Meat,3,8.94,26.82
INV01491,2024-08-14 12:00:00,K0323,Casablanca,Milk,Dairy,3,1.21,3.63
INV01491,2024-08-14 12:00:00,K0323,Casablanca,Tea,Beverages,3,3.6,10.8
INV01491,2024-08-14 12:00:00,K0323,Casablanca,Water,Beverages,1,0.85,0.85
INV01492,2024-07-10 18:00:00,K0009,Cairo,Dates,Produce,1,5.22,5.22
INV01492,2024-07-10 18:00:00,K0009,Cairo,Tea,Beverages,2,3.64,7.28
INV01493,2024-02-19 09:00:00,K0198,Casablanca,Apples,Produce,2,2.86,5.72
INV01494,2024-06-29 09:00:00,K0287,Cairo,Apples,Produce,1,2.66,2.66
INV01494,2024-06-29 09:00:00,K0287,Cairo,Butter,Dairy,3,2.36,7.08
INV01495,2024-02-16 09:00:00,K0095,Casablanca,Dates,Produce,2,5.23,10.46
INV01496,2024-06-27 19:00:00,K0178,Casablanca,Milk,Dairy,1,1.18,1.18
INV01496,2024-06-27 19:00:00,K0178,Casablanca,Rice,Grocery,1,2.44,2.44
INV01497,2024-10-01 09:00:00,K0303,Casablanca,Baby Wipes,Baby,1,4.49,4.49
INV01497,2024-10-01 09:00:00,K0303,Casablanca,Rice,Grocery,3,2.63,7.89
INV01498,2024-05-12 19:00:00,K0246,Casablanca,Water,Beverages,1,0.72,0.72
INV01499,2024-08-31 18:00:00,K0220,Riyadh,Baby Wipes,Baby,2,4.16,8.32
INV01500,2024-09-14 10:00:00,K0142,Riyadh,Apples,Produce,1,3.03,3.03
INV01500,2024-09-14 10:00:00,K0142,Riyadh,Pasta,Grocery,3,1.9,5.7
INV01500,2024-09-14 10:00:00,K0142,Riyadh,Rice,Grocery,2,2.56,5.12
INV01500,2024-09-14 10:00:00,K0142,Riyadh,Sugar,Grocery,1,1.63,1.63
INV01500,2024-09-14 10:00:00,K0142,Riyadh,Tea,Beverages,1,3.4,3.4
INV01500,2024-09-14 10:00:00,K0142,Riyadh,Tomato Sauce,Grocery,2,2.13,4.26
